2026-02-19 18:27:35,091 [DEBUG] taskcoachlib.domain.base.object: CompositeObject.subject : retourne le sujet de Task id=27ccbecc-6084-11e5-9f59-f07bcb8b1707 : Travailler sur mon Livre sur Ma Façon de Mixer.
2026-02-19 18:27:35,713 [DEBUG] taskcoachlib.domain.base.object: CompositeObject.subject : retourne le sujet de Task id=ace26baa-51cc-11e5-9f7b-25c32ec63357 : Faire 10 pompes, 10 abdos, 10 sqwat, 10 séances/j.
2026-02-19 18:27:35,713 [DEBUG] taskcoachlib.widgets.listctrl: VirtualListCtrl.getItemText : renvoie 26/06/2016 00:14 - 00:16 pour Effort(Faire 10 pompes, 10 abdos, 10 sqwat, 10 séances/j, <taskcoachlib.domain.base.attribute.Attribute object at 0x7f26119b1f40>, <taskcoachlib.domain.base.attribute.Attribute object at 0x7f26119b2000>) colonne 0
2026-02-19 18:27:35,713 [DEBUG] taskcoachlib.domain.base.object: CompositeObject.subject : retourne le sujet de Task id=ace29b02-51cc-11e5-9f7b-25c32ec63357 : Faire du sport.
2026-02-19 18:27:35,713 [DEBUG] taskcoachlib.domain.base.object: CompositeObject.subject : retourne le sujet de Task id=ace26baa-51cc-11e5-9f7b-25c32ec63357 : Faire du sport -> Faire 10 pompes, 10 abdos, 10 sqwat, 10 séances/j.
2026-02-19 18:27:35,713 [DEBUG] taskcoachlib.domain.base.object: CompositeObject.subject : retourne le sujet de Task id=ace26baa-51cc-11e5-9f7b-25c32ec63357 : Faire 10 pompes, 10 abdos, 10 sqwat, 10 séances/j.
2026-02-19 18:27:35,714 [DEBUG] taskcoachlib.widgets.listctrl: VirtualListCtrl.getItemText : renvoie Faire du sport -> Faire 10 pompes, 10 abdos, 10 sqwat, 10 séances/j pour Effort(Faire 10 pompes, 10 abdos, 10 sqwat, 10 séances/j, <taskcoachlib.domain.base.attribute.Attribute object at 0x7f26119b1f40>, <taskcoachlib.domain.base.attribute.Attribute object at 0x7f26119b2000>) colonne 1
2026-02-19 18:27:35,714 [DEBUG] taskcoachlib.domain.base.object: CompositeObject.subject : retourne le sujet de Task id=ace26baa-51cc-11e5-9f7b-25c32ec63357 : Faire 10 pompes, 10 abdos, 10 sqwat, 10 séances/j.
2026-02-19 18:27:35,714 [DEBUG] taskcoachlib.widgets.listctrl: VirtualListCtrl.getItemText : renvoie  pour Effort(Faire 10 pompes, 10 abdos, 10 sqwat, 10 séances/j, <taskcoachlib.domain.base.attribute.Attribute object at 0x7f26119b1f40>, <taskcoachlib.domain.base.attribute.Attribute object at 0x7f26119b2000>) colonne 2
2026-02-19 18:27:35,714 [DEBUG] taskcoachlib.domain.base.object: CompositeObject.subject : retourne le sujet de Task id=ace26baa-51cc-11e5-9f7b-25c32ec63357 : Faire 10 pompes, 10 abdos, 10 sqwat, 10 séances/j.
2026-02-19 18:27:35,714 [DEBUG] taskcoachlib.widgets.listctrl: VirtualListCtrl.getItemText : renvoie 0:02:02 pour Effort(Faire 10 pompes, 10 abdos, 10 sqwat, 10 séances/j, <taskcoachlib.domain.base.attribute.Attribute object at 0x7f26119b1f40>, <taskcoachlib.domain.base.attribute.Attribute object at 0x7f26119b2000>) colonne 3
2026-02-19 18:27:35,715 [DEBUG] taskcoachlib.domain.task.task: Task.__setattr__ : utilise la méthode super avec name=_Task__status et value=overdue.
2026-02-19 18:27:35,722 [DEBUG] taskcoachlib.domain.task.task: Task.__setattr__ : utilise la méthode super avec name=_Task__status et value=inactive.
2026-02-19 18:27:35,723 [INFO] taskcoachlib.gui.viewer.container: ViewerContainer.__getattr__ retourne l'attribut <bound method Viewer.curselection of <taskcoachlib.gui.viewer.category.CategoryViewer object at 0x7f260a4e5910>> avec l'ancienne méthode !
2026-02-19 18:27:35,723 [INFO] taskcoachlib.gui.viewer.container: ViewerContainer.__getattr__ retourne l'attribut <bound method Viewer.curselection of <taskcoachlib.gui.viewer.category.CategoryViewer object at 0x7f260a4e5910>> avec l'ancienne méthode !
2026-02-19 18:27:35,724 [INFO] taskcoachlib.gui.viewer.container: ViewerContainer.__getattr__ retourne l'attribut <bound method Viewer.curselection of <taskcoachlib.gui.viewer.category.CategoryViewer object at 0x7f260a4e5910>> avec l'ancienne méthode !
2026-02-19 18:27:35,724 [DEBUG] taskcoachlib.domain.base.object: CompositeObject.subject : retourne le sujet de Task id=27ccbecc-6084-11e5-9f59-f07bcb8b1707 : Travailler sur mon Livre sur Ma Façon de Mixer.
2026-02-19 18:27:35,725 [DEBUG] taskcoachlib.domain.base.object: CompositeObject.subject : retourne le sujet de Task id=27ccbecc-6084-11e5-9f59-f07bcb8b1707 : Travailler sur mon Livre sur Ma Façon de Mixer.
2026-02-19 18:27:35,726 [DEBUG] taskcoachlib.domain.base.object: CompositeObject.subject : retourne le sujet de Task id=27ccbecc-6084-11e5-9f59-f07bcb8b1707 : Travailler sur mon Livre sur Ma Façon de Mixer.
2026-02-19 18:27:35,727 [DEBUG] taskcoachlib.domain.base.object: CompositeObject.subject : retourne le sujet de Task id=27ccbecc-6084-11e5-9f59-f07bcb8b1707 : Travailler sur mon Livre sur Ma Façon de Mixer.
2026-02-19 18:27:35,728 [DEBUG] taskcoachlib.domain.base.object: CompositeObject.subject : retourne le sujet de Task id=27ccbecc-6084-11e5-9f59-f07bcb8b1707 : Travailler sur mon Livre sur Ma Façon de Mixer.
2026-02-19 18:27:35,739 [DEBUG] taskcoachlib.domain.base.object: CompositeObject.subject : retourne le sujet de Task id=ace26baa-51cc-11e5-9f7b-25c32ec63357 : Faire 10 pompes, 10 abdos, 10 sqwat, 10 séances/j.
2026-02-19 18:27:35,739 [DEBUG] taskcoachlib.widgets.listctrl: VirtualListCtrl.getItemText : renvoie 26/06/2016 00:14 - 00:16 pour Effort(Faire 10 pompes, 10 abdos, 10 sqwat, 10 séances/j, <taskcoachlib.domain.base.attribute.Attribute object at 0x7f26119b1f40>, <taskcoachlib.domain.base.attribute.Attribute object at 0x7f26119b2000>) colonne 0
2026-02-19 18:27:35,739 [DEBUG] taskcoachlib.domain.base.object: CompositeObject.subject : retourne le sujet de Task id=ace29b02-51cc-11e5-9f7b-25c32ec63357 : Faire du sport.
2026-02-19 18:27:35,739 [DEBUG] taskcoachlib.domain.base.object: CompositeObject.subject : retourne le sujet de Task id=ace26baa-51cc-11e5-9f7b-25c32ec63357 : Faire du sport -> Faire 10 pompes, 10 abdos, 10 sqwat, 10 séances/j.
2026-02-19 18:27:35,739 [DEBUG] taskcoachlib.domain.base.object: CompositeObject.subject : retourne le sujet de Task id=ace26baa-51cc-11e5-9f7b-25c32ec63357 : Faire 10 pompes, 10 abdos, 10 sqwat, 10 séances/j.
2026-02-19 18:27:35,739 [DEBUG] taskcoachlib.widgets.listctrl: VirtualListCtrl.getItemText : renvoie Faire du sport -> Faire 10 pompes, 10 abdos, 10 sqwat, 10 séances/j pour Effort(Faire 10 pompes, 10 abdos, 10 sqwat, 10 séances/j, <taskcoachlib.domain.base.attribute.Attribute object at 0x7f26119b1f40>, <taskcoachlib.domain.base.attribute.Attribute object at 0x7f26119b2000>) colonne 1
2026-02-19 18:27:35,739 [DEBUG] taskcoachlib.domain.base.object: CompositeObject.subject : retourne le sujet de Task id=ace26baa-51cc-11e5-9f7b-25c32ec63357 : Faire 10 pompes, 10 abdos, 10 sqwat, 10 séances/j.
2026-02-19 18:27:35,739 [DEBUG] taskcoachlib.widgets.listctrl: VirtualListCtrl.getItemText : renvoie  pour Effort(Faire 10 pompes, 10 abdos, 10 sqwat, 10 séances/j, <taskcoachlib.domain.base.attribute.Attribute object at 0x7f26119b1f40>, <taskcoachlib.domain.base.attribute.Attribute object at 0x7f26119b2000>) colonne 2
2026-02-19 18:27:35,739 [DEBUG] taskcoachlib.domain.base.object: CompositeObject.subject : retourne le sujet de Task id=ace26baa-51cc-11e5-9f7b-25c32ec63357 : Faire 10 pompes, 10 abdos, 10 sqwat, 10 séances/j.
2026-02-19 18:27:35,739 [DEBUG] taskcoachlib.widgets.listctrl: VirtualListCtrl.getItemText : renvoie 0:02:02 pour Effort(Faire 10 pompes, 10 abdos, 10 sqwat, 10 séances/j, <taskcoachlib.domain.base.attribute.Attribute object at 0x7f26119b1f40>, <taskcoachlib.domain.base.attribute.Attribute object at 0x7f26119b2000>) colonne 3
2026-02-19 18:27:35,739 [DEBUG] taskcoachlib.domain.task.task: Task.__setattr__ : utilise la méthode super avec name=_Task__status et value=overdue.
2026-02-19 18:27:35,744 [DEBUG] taskcoachlib.domain.task.task: Task.__setattr__ : utilise la méthode super avec name=_Task__status et value=inactive.
2026-02-19 18:27:35,744 [INFO] taskcoachlib.gui.viewer.container: ViewerContainer.__getattr__ retourne l'attribut <bound method Viewer.curselection of <taskcoachlib.gui.viewer.category.CategoryViewer object at 0x7f260a4e5910>> avec l'ancienne méthode !
2026-02-19 18:27:35,745 [INFO] taskcoachlib.gui.viewer.container: ViewerContainer.__getattr__ retourne l'attribut <bound method Viewer.curselection of <taskcoachlib.gui.viewer.category.CategoryViewer object at 0x7f260a4e5910>> avec l'ancienne méthode !
2026-02-19 18:27:35,745 [INFO] taskcoachlib.gui.viewer.container: ViewerContainer.__getattr__ retourne l'attribut <bound method Viewer.curselection of <taskcoachlib.gui.viewer.category.CategoryViewer object at 0x7f260a4e5910>> avec l'ancienne méthode !
2026-02-19 18:27:35,745 [DEBUG] taskcoachlib.domain.base.object: CompositeObject.subject : retourne le sujet de Task id=27ccbecc-6084-11e5-9f59-f07bcb8b1707 : Travailler sur mon Livre sur Ma Façon de Mixer.
2026-02-19 18:27:35,746 [DEBUG] taskcoachlib.domain.base.object: CompositeObject.subject : retourne le sujet de Task id=27ccbecc-6084-11e5-9f59-f07bcb8b1707 : Travailler sur mon Livre sur Ma Façon de Mixer.
2026-02-19 18:27:35,746 [DEBUG] taskcoachlib.domain.base.object: CompositeObject.subject : retourne le sujet de Task id=27ccbecc-6084-11e5-9f59-f07bcb8b1707 : Travailler sur mon Livre sur Ma Façon de Mixer.
2026-02-19 18:27:35,747 [DEBUG] taskcoachlib.domain.base.object: CompositeObject.subject : retourne le sujet de Task id=27ccbecc-6084-11e5-9f59-f07bcb8b1707 : Travailler sur mon Livre sur Ma Façon de Mixer.
2026-02-19 18:27:35,747 [DEBUG] taskcoachlib.domain.base.object: CompositeObject.subject : retourne le sujet de Task id=27ccbecc-6084-11e5-9f59-f07bcb8b1707 : Travailler sur mon Livre sur Ma Façon de Mixer.
2026-02-19 18:27:35,758 [DEBUG] taskcoachlib.domain.base.object: CompositeObject.subject : retourne le sujet de Task id=ace26baa-51cc-11e5-9f7b-25c32ec63357 : Faire 10 pompes, 10 abdos, 10 sqwat, 10 séances/j.
2026-02-19 18:27:35,758 [DEBUG] taskcoachlib.widgets.listctrl: VirtualListCtrl.getItemText : renvoie 26/06/2016 00:14 - 00:16 pour Effort(Faire 10 pompes, 10 abdos, 10 sqwat, 10 séances/j, <taskcoachlib.domain.base.attribute.Attribute object at 0x7f26119b1f40>, <taskcoachlib.domain.base.attribute.Attribute object at 0x7f26119b2000>) colonne 0
2026-02-19 18:27:35,758 [DEBUG] taskcoachlib.domain.base.object: CompositeObject.subject : retourne le sujet de Task id=ace29b02-51cc-11e5-9f7b-25c32ec63357 : Faire du sport.
2026-02-19 18:27:35,758 [DEBUG] taskcoachlib.domain.base.object: CompositeObject.subject : retourne le sujet de Task id=ace26baa-51cc-11e5-9f7b-25c32ec63357 : Faire du sport -> Faire 10 pompes, 10 abdos, 10 sqwat, 10 séances/j.
2026-02-19 18:27:35,759 [DEBUG] taskcoachlib.domain.base.object: CompositeObject.subject : retourne le sujet de Task id=ace26baa-51cc-11e5-9f7b-25c32ec63357 : Faire 10 pompes, 10 abdos, 10 sqwat, 10 séances/j.
2026-02-19 18:27:35,759 [DEBUG] taskcoachlib.widgets.listctrl: VirtualListCtrl.getItemText : renvoie Faire du sport -> Faire 10 pompes, 10 abdos, 10 sqwat, 10 séances/j pour Effort(Faire 10 pompes, 10 abdos, 10 sqwat, 10 séances/j, <taskcoachlib.domain.base.attribute.Attribute object at 0x7f26119b1f40>, <taskcoachlib.domain.base.attribute.Attribute object at 0x7f26119b2000>) colonne 1
2026-02-19 18:27:35,759 [DEBUG] taskcoachlib.domain.base.object: CompositeObject.subject : retourne le sujet de Task id=ace26baa-51cc-11e5-9f7b-25c32ec63357 : Faire 10 pompes, 10 abdos, 10 sqwat, 10 séances/j.
2026-02-19 18:27:35,759 [DEBUG] taskcoachlib.widgets.listctrl: VirtualListCtrl.getItemText : renvoie  pour Effort(Faire 10 pompes, 10 abdos, 10 sqwat, 10 séances/j, <taskcoachlib.domain.base.attribute.Attribute object at 0x7f26119b1f40>, <taskcoachlib.domain.base.attribute.Attribute object at 0x7f26119b2000>) colonne 2
2026-02-19 18:27:35,759 [DEBUG] taskcoachlib.domain.base.object: CompositeObject.subject : retourne le sujet de Task id=ace26baa-51cc-11e5-9f7b-25c32ec63357 : Faire 10 pompes, 10 abdos, 10 sqwat, 10 séances/j.
2026-02-19 18:27:35,759 [DEBUG] taskcoachlib.widgets.listctrl: VirtualListCtrl.getItemText : renvoie 0:02:02 pour Effort(Faire 10 pompes, 10 abdos, 10 sqwat, 10 séances/j, <taskcoachlib.domain.base.attribute.Attribute object at 0x7f26119b1f40>, <taskcoachlib.domain.base.attribute.Attribute object at 0x7f26119b2000>) colonne 3
2026-02-19 18:27:35,760 [DEBUG] taskcoachlib.domain.task.task: Task.__setattr__ : utilise la méthode super avec name=_Task__status et value=overdue.
2026-02-19 18:27:35,767 [DEBUG] taskcoachlib.domain.task.task: Task.__setattr__ : utilise la méthode super avec name=_Task__status et value=inactive.
2026-02-19 18:27:35,768 [INFO] taskcoachlib.gui.viewer.container: ViewerContainer.__getattr__ retourne l'attribut <bound method Viewer.curselection of <taskcoachlib.gui.viewer.category.CategoryViewer object at 0x7f260a4e5910>> avec l'ancienne méthode !
2026-02-19 18:27:35,768 [INFO] taskcoachlib.gui.viewer.container: ViewerContainer.__getattr__ retourne l'attribut <bound method Viewer.curselection of <taskcoachlib.gui.viewer.category.CategoryViewer object at 0x7f260a4e5910>> avec l'ancienne méthode !
2026-02-19 18:27:35,768 [INFO] taskcoachlib.gui.viewer.container: ViewerContainer.__getattr__ retourne l'attribut <bound method Viewer.curselection of <taskcoachlib.gui.viewer.category.CategoryViewer object at 0x7f260a4e5910>> avec l'ancienne méthode !
2026-02-19 18:27:35,768 [DEBUG] taskcoachlib.domain.base.object: CompositeObject.subject : retourne le sujet de Task id=27ccbecc-6084-11e5-9f59-f07bcb8b1707 : Travailler sur mon Livre sur Ma Façon de Mixer.
2026-02-19 18:27:35,769 [DEBUG] taskcoachlib.domain.base.object: CompositeObject.subject : retourne le sujet de Task id=27ccbecc-6084-11e5-9f59-f07bcb8b1707 : Travailler sur mon Livre sur Ma Façon de Mixer.
2026-02-19 18:27:35,770 [DEBUG] taskcoachlib.domain.base.object: CompositeObject.subject : retourne le sujet de Task id=27ccbecc-6084-11e5-9f59-f07bcb8b1707 : Travailler sur mon Livre sur Ma Façon de Mixer.
2026-02-19 18:27:35,771 [DEBUG] taskcoachlib.domain.base.object: CompositeObject.subject : retourne le sujet de Task id=27ccbecc-6084-11e5-9f59-f07bcb8b1707 : Travailler sur mon Livre sur Ma Façon de Mixer.
2026-02-19 18:27:35,771 [DEBUG] taskcoachlib.domain.base.object: CompositeObject.subject : retourne le sujet de Task id=27ccbecc-6084-11e5-9f59-f07bcb8b1707 : Travailler sur mon Livre sur Ma Façon de Mixer.
2026-02-19 18:27:35,776 [DEBUG] taskcoachlib.domain.base.object: CompositeObject.subject : retourne le sujet de Task id=ace26baa-51cc-11e5-9f7b-25c32ec63357 : Faire 10 pompes, 10 abdos, 10 sqwat, 10 séances/j.
2026-02-19 18:27:35,776 [DEBUG] taskcoachlib.widgets.listctrl: VirtualListCtrl.getItemText : renvoie 26/06/2016 00:14 - 00:16 pour Effort(Faire 10 pompes, 10 abdos, 10 sqwat, 10 séances/j, <taskcoachlib.domain.base.attribute.Attribute object at 0x7f26119b1f40>, <taskcoachlib.domain.base.attribute.Attribute object at 0x7f26119b2000>) colonne 0
2026-02-19 18:27:35,777 [DEBUG] taskcoachlib.domain.base.object: CompositeObject.subject : retourne le sujet de Task id=ace29b02-51cc-11e5-9f7b-25c32ec63357 : Faire du sport.
2026-02-19 18:27:35,777 [DEBUG] taskcoachlib.domain.base.object: CompositeObject.subject : retourne le sujet de Task id=ace26baa-51cc-11e5-9f7b-25c32ec63357 : Faire du sport -> Faire 10 pompes, 10 abdos, 10 sqwat, 10 séances/j.
2026-02-19 18:27:35,777 [DEBUG] taskcoachlib.domain.base.object: CompositeObject.subject : retourne le sujet de Task id=ace26baa-51cc-11e5-9f7b-25c32ec63357 : Faire 10 pompes, 10 abdos, 10 sqwat, 10 séances/j.
2026-02-19 18:27:35,777 [DEBUG] taskcoachlib.widgets.listctrl: VirtualListCtrl.getItemText : renvoie Faire du sport -> Faire 10 pompes, 10 abdos, 10 sqwat, 10 séances/j pour Effort(Faire 10 pompes, 10 abdos, 10 sqwat, 10 séances/j, <taskcoachlib.domain.base.attribute.Attribute object at 0x7f26119b1f40>, <taskcoachlib.domain.base.attribute.Attribute object at 0x7f26119b2000>) colonne 1
2026-02-19 18:27:35,777 [DEBUG] taskcoachlib.domain.base.object: CompositeObject.subject : retourne le sujet de Task id=ace26baa-51cc-11e5-9f7b-25c32ec63357 : Faire 10 pompes, 10 abdos, 10 sqwat, 10 séances/j.
2026-02-19 18:27:35,777 [DEBUG] taskcoachlib.widgets.listctrl: VirtualListCtrl.getItemText : renvoie  pour Effort(Faire 10 pompes, 10 abdos, 10 sqwat, 10 séances/j, <taskcoachlib.domain.base.attribute.Attribute object at 0x7f26119b1f40>, <taskcoachlib.domain.base.attribute.Attribute object at 0x7f26119b2000>) colonne 2
2026-02-19 18:27:35,778 [DEBUG] taskcoachlib.domain.base.object: CompositeObject.subject : retourne le sujet de Task id=ace26baa-51cc-11e5-9f7b-25c32ec63357 : Faire 10 pompes, 10 abdos, 10 sqwat, 10 séances/j.
2026-02-19 18:27:35,778 [DEBUG] taskcoachlib.widgets.listctrl: VirtualListCtrl.getItemText : renvoie 0:02:02 pour Effort(Faire 10 pompes, 10 abdos, 10 sqwat, 10 séances/j, <taskcoachlib.domain.base.attribute.Attribute object at 0x7f26119b1f40>, <taskcoachlib.domain.base.attribute.Attribute object at 0x7f26119b2000>) colonne 3
2026-02-19 18:27:35,778 [DEBUG] taskcoachlib.domain.task.task: Task.__setattr__ : utilise la méthode super avec name=_Task__status et value=overdue.
2026-02-19 18:27:35,786 [DEBUG] taskcoachlib.domain.task.task: Task.__setattr__ : utilise la méthode super avec name=_Task__status et value=inactive.
2026-02-19 18:27:35,786 [INFO] taskcoachlib.gui.viewer.container: ViewerContainer.__getattr__ retourne l'attribut <bound method Viewer.curselection of <taskcoachlib.gui.viewer.category.CategoryViewer object at 0x7f260a4e5910>> avec l'ancienne méthode !
2026-02-19 18:27:35,787 [INFO] taskcoachlib.gui.viewer.container: ViewerContainer.__getattr__ retourne l'attribut <bound method Viewer.curselection of <taskcoachlib.gui.viewer.category.CategoryViewer object at 0x7f260a4e5910>> avec l'ancienne méthode !
2026-02-19 18:27:35,787 [INFO] taskcoachlib.gui.viewer.container: ViewerContainer.__getattr__ retourne l'attribut <bound method Viewer.curselection of <taskcoachlib.gui.viewer.category.CategoryViewer object at 0x7f260a4e5910>> avec l'ancienne méthode !
2026-02-19 18:27:35,787 [DEBUG] taskcoachlib.domain.base.object: CompositeObject.subject : retourne le sujet de Task id=27ccbecc-6084-11e5-9f59-f07bcb8b1707 : Travailler sur mon Livre sur Ma Façon de Mixer.
2026-02-19 18:27:35,788 [DEBUG] taskcoachlib.domain.base.object: CompositeObject.subject : retourne le sujet de Task id=27ccbecc-6084-11e5-9f59-f07bcb8b1707 : Travailler sur mon Livre sur Ma Façon de Mixer.
2026-02-19 18:27:35,790 [DEBUG] taskcoachlib.domain.base.object: CompositeObject.subject : retourne le sujet de Task id=27ccbecc-6084-11e5-9f59-f07bcb8b1707 : Travailler sur mon Livre sur Ma Façon de Mixer.
2026-02-19 18:27:35,791 [DEBUG] taskcoachlib.domain.base.object: CompositeObject.subject : retourne le sujet de Task id=27ccbecc-6084-11e5-9f59-f07bcb8b1707 : Travailler sur mon Livre sur Ma Façon de Mixer.
2026-02-19 18:27:35,792 [DEBUG] taskcoachlib.domain.base.object: CompositeObject.subject : retourne le sujet de Task id=27ccbecc-6084-11e5-9f59-f07bcb8b1707 : Travailler sur mon Livre sur Ma Façon de Mixer.
2026-02-19 18:27:35,794 [DEBUG] taskcoachlib.domain.base.object: CompositeObject.subject : retourne le sujet de Task id=ace26baa-51cc-11e5-9f7b-25c32ec63357 : Faire 10 pompes, 10 abdos, 10 sqwat, 10 séances/j.
2026-02-19 18:27:35,794 [DEBUG] taskcoachlib.widgets.listctrl: VirtualListCtrl.getItemText : renvoie 19/02/2016 14:23 - 24/04/2016 15:23 pour Effort(Faire 10 pompes, 10 abdos, 10 sqwat, 10 séances/j, <taskcoachlib.domain.base.attribute.Attribute object at 0x7f26119b3880>, <taskcoachlib.domain.base.attribute.Attribute object at 0x7f26119b3940>) colonne 0
2026-02-19 18:27:35,794 [DEBUG] taskcoachlib.domain.base.object: CompositeObject.subject : retourne le sujet de Task id=ace29b02-51cc-11e5-9f7b-25c32ec63357 : Faire du sport.
2026-02-19 18:27:35,794 [DEBUG] taskcoachlib.domain.base.object: CompositeObject.subject : retourne le sujet de Task id=ace26baa-51cc-11e5-9f7b-25c32ec63357 : Faire du sport -> Faire 10 pompes, 10 abdos, 10 sqwat, 10 séances/j.
2026-02-19 18:27:35,794 [DEBUG] taskcoachlib.domain.base.object: CompositeObject.subject : retourne le sujet de Task id=ace26baa-51cc-11e5-9f7b-25c32ec63357 : Faire 10 pompes, 10 abdos, 10 sqwat, 10 séances/j.
2026-02-19 18:27:35,795 [DEBUG] taskcoachlib.widgets.listctrl: VirtualListCtrl.getItemText : renvoie Faire du sport -> Faire 10 pompes, 10 abdos, 10 sqwat, 10 séances/j pour Effort(Faire 10 pompes, 10 abdos, 10 sqwat, 10 séances/j, <taskcoachlib.domain.base.attribute.Attribute object at 0x7f26119b3880>, <taskcoachlib.domain.base.attribute.Attribute object at 0x7f26119b3940>) colonne 1
2026-02-19 18:27:35,795 [DEBUG] taskcoachlib.domain.base.object: CompositeObject.subject : retourne le sujet de Task id=ace26baa-51cc-11e5-9f7b-25c32ec63357 : Faire 10 pompes, 10 abdos, 10 sqwat, 10 séances/j.
2026-02-19 18:27:35,795 [DEBUG] taskcoachlib.widgets.listctrl: VirtualListCtrl.getItemText : renvoie  pour Effort(Faire 10 pompes, 10 abdos, 10 sqwat, 10 séances/j, <taskcoachlib.domain.base.attribute.Attribute object at 0x7f26119b3880>, <taskcoachlib.domain.base.attribute.Attribute object at 0x7f26119b3940>) colonne 2
2026-02-19 18:27:35,795 [DEBUG] taskcoachlib.domain.base.object: CompositeObject.subject : retourne le sujet de Task id=ace26baa-51cc-11e5-9f7b-25c32ec63357 : Faire 10 pompes, 10 abdos, 10 sqwat, 10 séances/j.
2026-02-19 18:27:35,795 [DEBUG] taskcoachlib.widgets.listctrl: VirtualListCtrl.getItemText : renvoie 1561:00:00 pour Effort(Faire 10 pompes, 10 abdos, 10 sqwat, 10 séances/j, <taskcoachlib.domain.base.attribute.Attribute object at 0x7f26119b3880>, <taskcoachlib.domain.base.attribute.Attribute object at 0x7f26119b3940>) colonne 3
2026-02-19 18:27:35,795 [DEBUG] taskcoachlib.domain.task.task: Task.__setattr__ : utilise la méthode super avec name=_Task__status et value=overdue.
2026-02-19 18:27:35,804 [DEBUG] taskcoachlib.domain.task.task: Task.__setattr__ : utilise la méthode super avec name=_Task__status et value=inactive.
2026-02-19 18:27:35,804 [INFO] taskcoachlib.gui.viewer.container: ViewerContainer.__getattr__ retourne l'attribut <bound method Viewer.curselection of <taskcoachlib.gui.viewer.category.CategoryViewer object at 0x7f260a4e5910>> avec l'ancienne méthode !
2026-02-19 18:27:35,805 [INFO] taskcoachlib.gui.viewer.container: ViewerContainer.__getattr__ retourne l'attribut <bound method Viewer.curselection of <taskcoachlib.gui.viewer.category.CategoryViewer object at 0x7f260a4e5910>> avec l'ancienne méthode !
2026-02-19 18:27:35,805 [INFO] taskcoachlib.gui.viewer.container: ViewerContainer.__getattr__ retourne l'attribut <bound method Viewer.curselection of <taskcoachlib.gui.viewer.category.CategoryViewer object at 0x7f260a4e5910>> avec l'ancienne méthode !
2026-02-19 18:27:35,805 [DEBUG] taskcoachlib.domain.base.object: CompositeObject.subject : retourne le sujet de Task id=27ccbecc-6084-11e5-9f59-f07bcb8b1707 : Travailler sur mon Livre sur Ma Façon de Mixer.
2026-02-19 18:27:35,807 [DEBUG] taskcoachlib.domain.base.object: CompositeObject.subject : retourne le sujet de Task id=27ccbecc-6084-11e5-9f59-f07bcb8b1707 : Travailler sur mon Livre sur Ma Façon de Mixer.
2026-02-19 18:27:35,808 [DEBUG] taskcoachlib.domain.base.object: CompositeObject.subject : retourne le sujet de Task id=27ccbecc-6084-11e5-9f59-f07bcb8b1707 : Travailler sur mon Livre sur Ma Façon de Mixer.
2026-02-19 18:27:35,809 [DEBUG] taskcoachlib.domain.base.object: CompositeObject.subject : retourne le sujet de Task id=27ccbecc-6084-11e5-9f59-f07bcb8b1707 : Travailler sur mon Livre sur Ma Façon de Mixer.
2026-02-19 18:27:35,811 [DEBUG] taskcoachlib.domain.base.object: CompositeObject.subject : retourne le sujet de Task id=27ccbecc-6084-11e5-9f59-f07bcb8b1707 : Travailler sur mon Livre sur Ma Façon de Mixer.
2026-02-19 18:27:35,817 [DEBUG] taskcoachlib.domain.task.task: Task.__setattr__ : utilise la méthode super avec name=_Task__status et value=inactive.
2026-02-19 18:27:35,817 [INFO] taskcoachlib.gui.viewer.container: ViewerContainer.__getattr__ retourne l'attribut <bound method Viewer.curselection of <taskcoachlib.gui.viewer.category.CategoryViewer object at 0x7f260a4e5910>> avec l'ancienne méthode !
2026-02-19 18:27:35,818 [INFO] taskcoachlib.gui.viewer.container: ViewerContainer.__getattr__ retourne l'attribut <bound method Viewer.curselection of <taskcoachlib.gui.viewer.category.CategoryViewer object at 0x7f260a4e5910>> avec l'ancienne méthode !
2026-02-19 18:27:35,818 [INFO] taskcoachlib.gui.viewer.container: ViewerContainer.__getattr__ retourne l'attribut <bound method Viewer.curselection of <taskcoachlib.gui.viewer.category.CategoryViewer object at 0x7f260a4e5910>> avec l'ancienne méthode !
2026-02-19 18:27:35,818 [DEBUG] taskcoachlib.domain.base.object: CompositeObject.subject : retourne le sujet de Task id=27ccbecc-6084-11e5-9f59-f07bcb8b1707 : Travailler sur mon Livre sur Ma Façon de Mixer.
2026-02-19 18:27:35,819 [DEBUG] taskcoachlib.domain.base.object: CompositeObject.subject : retourne le sujet de Task id=27ccbecc-6084-11e5-9f59-f07bcb8b1707 : Travailler sur mon Livre sur Ma Façon de Mixer.
2026-02-19 18:27:35,819 [DEBUG] taskcoachlib.domain.base.object: CompositeObject.subject : retourne le sujet de Task id=27ccbecc-6084-11e5-9f59-f07bcb8b1707 : Travailler sur mon Livre sur Ma Façon de Mixer.
2026-02-19 18:27:35,820 [DEBUG] taskcoachlib.domain.base.object: CompositeObject.subject : retourne le sujet de Task id=27ccbecc-6084-11e5-9f59-f07bcb8b1707 : Travailler sur mon Livre sur Ma Façon de Mixer.
2026-02-19 18:27:35,821 [DEBUG] taskcoachlib.domain.base.object: CompositeObject.subject : retourne le sujet de Task id=27ccbecc-6084-11e5-9f59-f07bcb8b1707 : Travailler sur mon Livre sur Ma Façon de Mixer.
2026-02-19 18:27:35,822 [DEBUG] taskcoachlib.domain.task.task: Task.__setattr__ : utilise la méthode super avec name=_Task__status et value=inactive.
2026-02-19 18:27:35,822 [INFO] taskcoachlib.gui.viewer.container: ViewerContainer.__getattr__ retourne l'attribut <bound method Viewer.curselection of <taskcoachlib.gui.viewer.category.CategoryViewer object at 0x7f260a4e5910>> avec l'ancienne méthode !
2026-02-19 18:27:35,822 [INFO] taskcoachlib.gui.viewer.container: ViewerContainer.__getattr__ retourne l'attribut <bound method Viewer.curselection of <taskcoachlib.gui.viewer.category.CategoryViewer object at 0x7f260a4e5910>> avec l'ancienne méthode !
2026-02-19 18:27:35,822 [INFO] taskcoachlib.gui.viewer.container: ViewerContainer.__getattr__ retourne l'attribut <bound method Viewer.curselection of <taskcoachlib.gui.viewer.category.CategoryViewer object at 0x7f260a4e5910>> avec l'ancienne méthode !
2026-02-19 18:27:35,822 [DEBUG] taskcoachlib.domain.base.object: CompositeObject.subject : retourne le sujet de Task id=27ccbecc-6084-11e5-9f59-f07bcb8b1707 : Travailler sur mon Livre sur Ma Façon de Mixer.
2026-02-19 18:27:35,823 [DEBUG] taskcoachlib.domain.base.object: CompositeObject.subject : retourne le sujet de Task id=27ccbecc-6084-11e5-9f59-f07bcb8b1707 : Travailler sur mon Livre sur Ma Façon de Mixer.
2026-02-19 18:27:35,824 [DEBUG] taskcoachlib.domain.base.object: CompositeObject.subject : retourne le sujet de Task id=27ccbecc-6084-11e5-9f59-f07bcb8b1707 : Travailler sur mon Livre sur Ma Façon de Mixer.
2026-02-19 18:27:35,824 [DEBUG] taskcoachlib.domain.base.object: CompositeObject.subject : retourne le sujet de Task id=27ccbecc-6084-11e5-9f59-f07bcb8b1707 : Travailler sur mon Livre sur Ma Façon de Mixer.
2026-02-19 18:27:35,825 [DEBUG] taskcoachlib.domain.base.object: CompositeObject.subject : retourne le sujet de Task id=27ccbecc-6084-11e5-9f59-f07bcb8b1707 : Travailler sur mon Livre sur Ma Façon de Mixer.
2026-02-19 18:27:35,830 [DEBUG] taskcoachlib.domain.task.task: Task.__setattr__ : utilise la méthode super avec name=_Task__status et value=inactive.
2026-02-19 18:27:35,830 [INFO] taskcoachlib.gui.viewer.container: ViewerContainer.__getattr__ retourne l'attribut <bound method Viewer.curselection of <taskcoachlib.gui.viewer.category.CategoryViewer object at 0x7f260a4e5910>> avec l'ancienne méthode !
2026-02-19 18:27:35,830 [INFO] taskcoachlib.gui.viewer.container: ViewerContainer.__getattr__ retourne l'attribut <bound method Viewer.curselection of <taskcoachlib.gui.viewer.category.CategoryViewer object at 0x7f260a4e5910>> avec l'ancienne méthode !
2026-02-19 18:27:35,830 [INFO] taskcoachlib.gui.viewer.container: ViewerContainer.__getattr__ retourne l'attribut <bound method Viewer.curselection of <taskcoachlib.gui.viewer.category.CategoryViewer object at 0x7f260a4e5910>> avec l'ancienne méthode !
2026-02-19 18:27:35,830 [DEBUG] taskcoachlib.domain.base.object: CompositeObject.subject : retourne le sujet de Task id=27ccbecc-6084-11e5-9f59-f07bcb8b1707 : Travailler sur mon Livre sur Ma Façon de Mixer.
2026-02-19 18:27:35,831 [DEBUG] taskcoachlib.domain.base.object: CompositeObject.subject : retourne le sujet de Task id=27ccbecc-6084-11e5-9f59-f07bcb8b1707 : Travailler sur mon Livre sur Ma Façon de Mixer.
2026-02-19 18:27:35,832 [DEBUG] taskcoachlib.domain.base.object: CompositeObject.subject : retourne le sujet de Task id=27ccbecc-6084-11e5-9f59-f07bcb8b1707 : Travailler sur mon Livre sur Ma Façon de Mixer.
2026-02-19 18:27:35,832 [DEBUG] taskcoachlib.domain.base.object: CompositeObject.subject : retourne le sujet de Task id=27ccbecc-6084-11e5-9f59-f07bcb8b1707 : Travailler sur mon Livre sur Ma Façon de Mixer.
2026-02-19 18:27:35,833 [DEBUG] taskcoachlib.domain.base.object: CompositeObject.subject : retourne le sujet de Task id=27ccbecc-6084-11e5-9f59-f07bcb8b1707 : Travailler sur mon Livre sur Ma Façon de Mixer.
2026-02-19 18:27:35,835 [DEBUG] taskcoachlib.domain.task.task: Task.__setattr__ : utilise la méthode super avec name=_Task__status et value=inactive.
2026-02-19 18:27:35,835 [INFO] taskcoachlib.gui.viewer.container: ViewerContainer.__getattr__ retourne l'attribut <bound method Viewer.curselection of <taskcoachlib.gui.viewer.category.CategoryViewer object at 0x7f260a4e5910>> avec l'ancienne méthode !
2026-02-19 18:27:35,836 [INFO] taskcoachlib.gui.viewer.container: ViewerContainer.__getattr__ retourne l'attribut <bound method Viewer.curselection of <taskcoachlib.gui.viewer.category.CategoryViewer object at 0x7f260a4e5910>> avec l'ancienne méthode !
2026-02-19 18:27:35,836 [INFO] taskcoachlib.gui.viewer.container: ViewerContainer.__getattr__ retourne l'attribut <bound method Viewer.curselection of <taskcoachlib.gui.viewer.category.CategoryViewer object at 0x7f260a4e5910>> avec l'ancienne méthode !
2026-02-19 18:27:35,837 [DEBUG] taskcoachlib.domain.base.object: CompositeObject.subject : retourne le sujet de Task id=27ccbecc-6084-11e5-9f59-f07bcb8b1707 : Travailler sur mon Livre sur Ma Façon de Mixer.
2026-02-19 18:27:35,838 [DEBUG] taskcoachlib.domain.base.object: CompositeObject.subject : retourne le sujet de Task id=27ccbecc-6084-11e5-9f59-f07bcb8b1707 : Travailler sur mon Livre sur Ma Façon de Mixer.
2026-02-19 18:27:35,839 [DEBUG] taskcoachlib.domain.base.object: CompositeObject.subject : retourne le sujet de Task id=27ccbecc-6084-11e5-9f59-f07bcb8b1707 : Travailler sur mon Livre sur Ma Façon de Mixer.
2026-02-19 18:27:35,841 [DEBUG] taskcoachlib.domain.base.object: CompositeObject.subject : retourne le sujet de Task id=27ccbecc-6084-11e5-9f59-f07bcb8b1707 : Travailler sur mon Livre sur Ma Façon de Mixer.
2026-02-19 18:27:35,842 [DEBUG] taskcoachlib.domain.base.object: CompositeObject.subject : retourne le sujet de Task id=27ccbecc-6084-11e5-9f59-f07bcb8b1707 : Travailler sur mon Livre sur Ma Façon de Mixer.
2026-02-19 18:27:36,080 [DEBUG] taskcoachlib.domain.task.task: Task.__setattr__ : utilise la méthode super avec name=_Task__computed_status et value=inactive.
2026-02-19 18:27:36,080 [DEBUG] taskcoachlib.domain.task.task: Task.__setattr__ : utilise la méthode super avec name=_Task__status_text et value=Inactive.
2026-02-19 18:27:36,081 [DEBUG] taskcoachlib.domain.task.task: Task.__setattr__ : utilise la méthode super avec name=_Task__status_icon et value=led_grey_icon.
2026-02-19 18:27:36,081 [DEBUG] taskcoachlib.domain.task.task: Task.__setattr__ : utilise la méthode super avec name=_Task__status_source et value=No actual start date.
2026-02-19 18:27:36,089 [DEBUG] taskcoachlib.domain.task.task: Task.__setattr__ : utilise la méthode super avec name=_Task__status et value=inactive.
2026-02-19 18:27:36,089 [INFO] taskcoachlib.gui.viewer.container: ViewerContainer.__getattr__ retourne l'attribut <bound method Viewer.curselection of <taskcoachlib.gui.viewer.category.CategoryViewer object at 0x7f260a4e5910>> avec l'ancienne méthode !
2026-02-19 18:27:36,090 [INFO] taskcoachlib.gui.viewer.container: ViewerContainer.__getattr__ retourne l'attribut <bound method Viewer.curselection of <taskcoachlib.gui.viewer.category.CategoryViewer object at 0x7f260a4e5910>> avec l'ancienne méthode !
2026-02-19 18:27:36,090 [INFO] taskcoachlib.gui.viewer.container: ViewerContainer.__getattr__ retourne l'attribut <bound method Viewer.curselection of <taskcoachlib.gui.viewer.category.CategoryViewer object at 0x7f260a4e5910>> avec l'ancienne méthode !
2026-02-19 18:27:36,091 [DEBUG] taskcoachlib.domain.base.object: CompositeObject.subject : retourne le sujet de Task id=27ccbecc-6084-11e5-9f59-f07bcb8b1707 : Travailler sur mon Livre sur Ma Façon de Mixer.
2026-02-19 18:27:36,093 [DEBUG] taskcoachlib.domain.base.object: CompositeObject.subject : retourne le sujet de Task id=27ccbecc-6084-11e5-9f59-f07bcb8b1707 : Travailler sur mon Livre sur Ma Façon de Mixer.
2026-02-19 18:27:36,095 [DEBUG] taskcoachlib.domain.base.object: CompositeObject.subject : retourne le sujet de Task id=27ccbecc-6084-11e5-9f59-f07bcb8b1707 : Travailler sur mon Livre sur Ma Façon de Mixer.
2026-02-19 18:27:36,097 [DEBUG] taskcoachlib.domain.base.object: CompositeObject.subject : retourne le sujet de Task id=27ccbecc-6084-11e5-9f59-f07bcb8b1707 : Travailler sur mon Livre sur Ma Façon de Mixer.
2026-02-19 18:27:36,099 [DEBUG] taskcoachlib.domain.base.object: CompositeObject.subject : retourne le sujet de Task id=27ccbecc-6084-11e5-9f59-f07bcb8b1707 : Travailler sur mon Livre sur Ma Façon de Mixer.
2026-02-19 18:27:37,067 [DEBUG] taskcoachlib.domain.task.task: Task.__setattr__ : utilise la méthode super avec name=_Task__status et value=inactive.
2026-02-19 18:27:37,068 [INFO] taskcoachlib.gui.viewer.container: ViewerContainer.__getattr__ retourne l'attribut <bound method EffortViewer.curselection of <taskcoachlib.gui.viewer.effort.EffortViewer object at 0x7f260a42c0e0>> avec l'ancienne méthode !
2026-02-19 18:27:37,068 [INFO] taskcoachlib.gui.viewer.container: ViewerContainer.__getattr__ retourne l'attribut <bound method EffortViewer.curselection of <taskcoachlib.gui.viewer.effort.EffortViewer object at 0x7f260a42c0e0>> avec l'ancienne méthode !
2026-02-19 18:27:37,068 [INFO] taskcoachlib.gui.viewer.container: ViewerContainer.__getattr__ retourne l'attribut <bound method EffortViewer.curselection of <taskcoachlib.gui.viewer.effort.EffortViewer object at 0x7f260a42c0e0>> avec l'ancienne méthode !
2026-02-19 18:27:37,068 [DEBUG] taskcoachlib.domain.base.object: CompositeObject.subject : retourne le sujet de Task id=27ccbecc-6084-11e5-9f59-f07bcb8b1707 : Travailler sur mon Livre sur Ma Façon de Mixer.
2026-02-19 18:27:37,069 [DEBUG] taskcoachlib.domain.base.object: CompositeObject.subject : retourne le sujet de Task id=27ccbecc-6084-11e5-9f59-f07bcb8b1707 : Travailler sur mon Livre sur Ma Façon de Mixer.
2026-02-19 18:27:37,070 [DEBUG] taskcoachlib.domain.base.object: CompositeObject.subject : retourne le sujet de Task id=27ccbecc-6084-11e5-9f59-f07bcb8b1707 : Travailler sur mon Livre sur Ma Façon de Mixer.
2026-02-19 18:27:37,071 [DEBUG] taskcoachlib.domain.base.object: CompositeObject.subject : retourne le sujet de Task id=27ccbecc-6084-11e5-9f59-f07bcb8b1707 : Travailler sur mon Livre sur Ma Façon de Mixer.
2026-02-19 18:27:37,071 [DEBUG] taskcoachlib.domain.base.object: CompositeObject.subject : retourne le sujet de Task id=27ccbecc-6084-11e5-9f59-f07bcb8b1707 : Travailler sur mon Livre sur Ma Façon de Mixer.
2026-02-19 18:27:37,085 [DEBUG] taskcoachlib.domain.task.task: Task.__setattr__ : utilise la méthode super avec name=_Task__computed_status et value=inactive.
2026-02-19 18:27:37,085 [DEBUG] taskcoachlib.domain.task.task: Task.__setattr__ : utilise la méthode super avec name=_Task__status_text et value=Inactive.
2026-02-19 18:27:37,085 [DEBUG] taskcoachlib.domain.task.task: Task.__setattr__ : utilise la méthode super avec name=_Task__status_icon et value=led_grey_icon.
2026-02-19 18:27:37,085 [DEBUG] taskcoachlib.domain.task.task: Task.__setattr__ : utilise la méthode super avec name=_Task__status_source et value=No actual start date.
2026-02-19 18:27:37,088 [DEBUG] taskcoachlib.domain.task.task: Task.__setattr__ : utilise la méthode super avec name=_Task__status et value=inactive.
2026-02-19 18:27:37,088 [INFO] taskcoachlib.gui.viewer.container: ViewerContainer.__getattr__ retourne l'attribut <bound method EffortViewer.curselection of <taskcoachlib.gui.viewer.effort.EffortViewer object at 0x7f260a42c0e0>> avec l'ancienne méthode !
2026-02-19 18:27:37,089 [INFO] taskcoachlib.gui.viewer.container: ViewerContainer.__getattr__ retourne l'attribut <bound method EffortViewer.curselection of <taskcoachlib.gui.viewer.effort.EffortViewer object at 0x7f260a42c0e0>> avec l'ancienne méthode !
2026-02-19 18:27:37,089 [INFO] taskcoachlib.gui.viewer.container: ViewerContainer.__getattr__ retourne l'attribut <bound method EffortViewer.curselection of <taskcoachlib.gui.viewer.effort.EffortViewer object at 0x7f260a42c0e0>> avec l'ancienne méthode !
2026-02-19 18:27:37,089 [DEBUG] taskcoachlib.domain.base.object: CompositeObject.subject : retourne le sujet de Task id=27ccbecc-6084-11e5-9f59-f07bcb8b1707 : Travailler sur mon Livre sur Ma Façon de Mixer.
2026-02-19 18:27:37,089 [DEBUG] taskcoachlib.domain.base.object: CompositeObject.subject : retourne le sujet de Task id=27ccbecc-6084-11e5-9f59-f07bcb8b1707 : Travailler sur mon Livre sur Ma Façon de Mixer.
2026-02-19 18:27:37,090 [DEBUG] taskcoachlib.domain.base.object: CompositeObject.subject : retourne le sujet de Task id=27ccbecc-6084-11e5-9f59-f07bcb8b1707 : Travailler sur mon Livre sur Ma Façon de Mixer.
2026-02-19 18:27:37,091 [DEBUG] taskcoachlib.domain.base.object: CompositeObject.subject : retourne le sujet de Task id=27ccbecc-6084-11e5-9f59-f07bcb8b1707 : Travailler sur mon Livre sur Ma Façon de Mixer.
2026-02-19 18:27:37,091 [DEBUG] taskcoachlib.domain.base.object: CompositeObject.subject : retourne le sujet de Task id=27ccbecc-6084-11e5-9f59-f07bcb8b1707 : Travailler sur mon Livre sur Ma Façon de Mixer.
2026-02-19 18:27:37,120 [DEBUG] taskcoachlib.domain.task.task: Task.__setattr__ : utilise la méthode super avec name=_Task__status et value=inactive.
2026-02-19 18:27:37,120 [INFO] taskcoachlib.gui.viewer.container: ViewerContainer.__getattr__ retourne l'attribut <bound method EffortViewer.curselection of <taskcoachlib.gui.viewer.effort.EffortViewer object at 0x7f260a42c0e0>> avec l'ancienne méthode !
2026-02-19 18:27:37,121 [INFO] taskcoachlib.gui.viewer.container: ViewerContainer.__getattr__ retourne l'attribut <bound method EffortViewer.curselection of <taskcoachlib.gui.viewer.effort.EffortViewer object at 0x7f260a42c0e0>> avec l'ancienne méthode !
2026-02-19 18:27:37,121 [INFO] taskcoachlib.gui.viewer.container: ViewerContainer.__getattr__ retourne l'attribut <bound method EffortViewer.curselection of <taskcoachlib.gui.viewer.effort.EffortViewer object at 0x7f260a42c0e0>> avec l'ancienne méthode !
2026-02-19 18:27:37,121 [DEBUG] taskcoachlib.domain.base.object: CompositeObject.subject : retourne le sujet de Task id=27ccbecc-6084-11e5-9f59-f07bcb8b1707 : Travailler sur mon Livre sur Ma Façon de Mixer.
2026-02-19 18:27:37,122 [DEBUG] taskcoachlib.domain.base.object: CompositeObject.subject : retourne le sujet de Task id=27ccbecc-6084-11e5-9f59-f07bcb8b1707 : Travailler sur mon Livre sur Ma Façon de Mixer.
2026-02-19 18:27:37,123 [DEBUG] taskcoachlib.domain.base.object: CompositeObject.subject : retourne le sujet de Task id=27ccbecc-6084-11e5-9f59-f07bcb8b1707 : Travailler sur mon Livre sur Ma Façon de Mixer.
2026-02-19 18:27:37,123 [DEBUG] taskcoachlib.domain.base.object: CompositeObject.subject : retourne le sujet de Task id=27ccbecc-6084-11e5-9f59-f07bcb8b1707 : Travailler sur mon Livre sur Ma Façon de Mixer.
2026-02-19 18:27:37,124 [DEBUG] taskcoachlib.domain.base.object: CompositeObject.subject : retourne le sujet de Task id=27ccbecc-6084-11e5-9f59-f07bcb8b1707 : Travailler sur mon Livre sur Ma Façon de Mixer.
2026-02-19 18:27:37,154 [DEBUG] taskcoachlib.domain.task.task: Task.__setattr__ : utilise la méthode super avec name=_Task__status et value=inactive.
2026-02-19 18:27:37,155 [INFO] taskcoachlib.gui.viewer.container: ViewerContainer.__getattr__ retourne l'attribut <bound method EffortViewer.curselection of <taskcoachlib.gui.viewer.effort.EffortViewer object at 0x7f260a42c0e0>> avec l'ancienne méthode !
2026-02-19 18:27:37,155 [INFO] taskcoachlib.gui.viewer.container: ViewerContainer.__getattr__ retourne l'attribut <bound method EffortViewer.curselection of <taskcoachlib.gui.viewer.effort.EffortViewer object at 0x7f260a42c0e0>> avec l'ancienne méthode !
2026-02-19 18:27:37,155 [INFO] taskcoachlib.gui.viewer.container: ViewerContainer.__getattr__ retourne l'attribut <bound method EffortViewer.curselection of <taskcoachlib.gui.viewer.effort.EffortViewer object at 0x7f260a42c0e0>> avec l'ancienne méthode !
2026-02-19 18:27:37,155 [DEBUG] taskcoachlib.domain.base.object: CompositeObject.subject : retourne le sujet de Task id=27ccbecc-6084-11e5-9f59-f07bcb8b1707 : Travailler sur mon Livre sur Ma Façon de Mixer.
2026-02-19 18:27:37,156 [DEBUG] taskcoachlib.domain.base.object: CompositeObject.subject : retourne le sujet de Task id=27ccbecc-6084-11e5-9f59-f07bcb8b1707 : Travailler sur mon Livre sur Ma Façon de Mixer.
2026-02-19 18:27:37,156 [DEBUG] taskcoachlib.domain.base.object: CompositeObject.subject : retourne le sujet de Task id=27ccbecc-6084-11e5-9f59-f07bcb8b1707 : Travailler sur mon Livre sur Ma Façon de Mixer.
2026-02-19 18:27:37,157 [DEBUG] taskcoachlib.domain.base.object: CompositeObject.subject : retourne le sujet de Task id=27ccbecc-6084-11e5-9f59-f07bcb8b1707 : Travailler sur mon Livre sur Ma Façon de Mixer.
2026-02-19 18:27:37,158 [DEBUG] taskcoachlib.domain.base.object: CompositeObject.subject : retourne le sujet de Task id=27ccbecc-6084-11e5-9f59-f07bcb8b1707 : Travailler sur mon Livre sur Ma Façon de Mixer.
2026-02-19 18:27:37,189 [DEBUG] taskcoachlib.domain.task.task: Task.__setattr__ : utilise la méthode super avec name=_Task__status et value=inactive.
2026-02-19 18:27:37,190 [INFO] taskcoachlib.gui.viewer.container: ViewerContainer.__getattr__ retourne l'attribut <bound method EffortViewer.curselection of <taskcoachlib.gui.viewer.effort.EffortViewer object at 0x7f260a42c0e0>> avec l'ancienne méthode !
2026-02-19 18:27:37,190 [INFO] taskcoachlib.gui.viewer.container: ViewerContainer.__getattr__ retourne l'attribut <bound method EffortViewer.curselection of <taskcoachlib.gui.viewer.effort.EffortViewer object at 0x7f260a42c0e0>> avec l'ancienne méthode !
2026-02-19 18:27:37,190 [INFO] taskcoachlib.gui.viewer.container: ViewerContainer.__getattr__ retourne l'attribut <bound method EffortViewer.curselection of <taskcoachlib.gui.viewer.effort.EffortViewer object at 0x7f260a42c0e0>> avec l'ancienne méthode !
2026-02-19 18:27:37,190 [DEBUG] taskcoachlib.domain.base.object: CompositeObject.subject : retourne le sujet de Task id=27ccbecc-6084-11e5-9f59-f07bcb8b1707 : Travailler sur mon Livre sur Ma Façon de Mixer.
2026-02-19 18:27:37,191 [DEBUG] taskcoachlib.domain.base.object: CompositeObject.subject : retourne le sujet de Task id=27ccbecc-6084-11e5-9f59-f07bcb8b1707 : Travailler sur mon Livre sur Ma Façon de Mixer.
2026-02-19 18:27:37,192 [DEBUG] taskcoachlib.domain.base.object: CompositeObject.subject : retourne le sujet de Task id=27ccbecc-6084-11e5-9f59-f07bcb8b1707 : Travailler sur mon Livre sur Ma Façon de Mixer.
2026-02-19 18:27:37,192 [DEBUG] taskcoachlib.domain.base.object: CompositeObject.subject : retourne le sujet de Task id=27ccbecc-6084-11e5-9f59-f07bcb8b1707 : Travailler sur mon Livre sur Ma Façon de Mixer.
2026-02-19 18:27:37,193 [DEBUG] taskcoachlib.domain.base.object: CompositeObject.subject : retourne le sujet de Task id=27ccbecc-6084-11e5-9f59-f07bcb8b1707 : Travailler sur mon Livre sur Ma Façon de Mixer.
2026-02-19 18:27:37,228 [DEBUG] taskcoachlib.domain.task.task: Task.__setattr__ : utilise la méthode super avec name=_Task__status et value=inactive.
2026-02-19 18:27:37,228 [INFO] taskcoachlib.gui.viewer.container: ViewerContainer.__getattr__ retourne l'attribut <bound method EffortViewer.curselection of <taskcoachlib.gui.viewer.effort.EffortViewer object at 0x7f260a42c0e0>> avec l'ancienne méthode !
2026-02-19 18:27:37,229 [INFO] taskcoachlib.gui.viewer.container: ViewerContainer.__getattr__ retourne l'attribut <bound method EffortViewer.curselection of <taskcoachlib.gui.viewer.effort.EffortViewer object at 0x7f260a42c0e0>> avec l'ancienne méthode !
2026-02-19 18:27:37,229 [INFO] taskcoachlib.gui.viewer.container: ViewerContainer.__getattr__ retourne l'attribut <bound method EffortViewer.curselection of <taskcoachlib.gui.viewer.effort.EffortViewer object at 0x7f260a42c0e0>> avec l'ancienne méthode !
2026-02-19 18:27:37,229 [DEBUG] taskcoachlib.domain.base.object: CompositeObject.subject : retourne le sujet de Task id=27ccbecc-6084-11e5-9f59-f07bcb8b1707 : Travailler sur mon Livre sur Ma Façon de Mixer.
2026-02-19 18:27:37,231 [DEBUG] taskcoachlib.domain.base.object: CompositeObject.subject : retourne le sujet de Task id=27ccbecc-6084-11e5-9f59-f07bcb8b1707 : Travailler sur mon Livre sur Ma Façon de Mixer.
2026-02-19 18:27:37,232 [DEBUG] taskcoachlib.domain.base.object: CompositeObject.subject : retourne le sujet de Task id=27ccbecc-6084-11e5-9f59-f07bcb8b1707 : Travailler sur mon Livre sur Ma Façon de Mixer.
2026-02-19 18:27:37,234 [DEBUG] taskcoachlib.domain.base.object: CompositeObject.subject : retourne le sujet de Task id=27ccbecc-6084-11e5-9f59-f07bcb8b1707 : Travailler sur mon Livre sur Ma Façon de Mixer.
2026-02-19 18:27:37,235 [DEBUG] taskcoachlib.domain.base.object: CompositeObject.subject : retourne le sujet de Task id=27ccbecc-6084-11e5-9f59-f07bcb8b1707 : Travailler sur mon Livre sur Ma Façon de Mixer.
2026-02-19 18:27:37,263 [DEBUG] taskcoachlib.domain.task.task: Task.__setattr__ : utilise la méthode super avec name=_Task__status et value=inactive.
2026-02-19 18:27:37,263 [INFO] taskcoachlib.gui.viewer.container: ViewerContainer.__getattr__ retourne l'attribut <bound method EffortViewer.curselection of <taskcoachlib.gui.viewer.effort.EffortViewer object at 0x7f260a42c0e0>> avec l'ancienne méthode !
2026-02-19 18:27:37,264 [INFO] taskcoachlib.gui.viewer.container: ViewerContainer.__getattr__ retourne l'attribut <bound method EffortViewer.curselection of <taskcoachlib.gui.viewer.effort.EffortViewer object at 0x7f260a42c0e0>> avec l'ancienne méthode !
2026-02-19 18:27:37,264 [INFO] taskcoachlib.gui.viewer.container: ViewerContainer.__getattr__ retourne l'attribut <bound method EffortViewer.curselection of <taskcoachlib.gui.viewer.effort.EffortViewer object at 0x7f260a42c0e0>> avec l'ancienne méthode !
2026-02-19 18:27:37,264 [DEBUG] taskcoachlib.domain.base.object: CompositeObject.subject : retourne le sujet de Task id=27ccbecc-6084-11e5-9f59-f07bcb8b1707 : Travailler sur mon Livre sur Ma Façon de Mixer.
2026-02-19 18:27:37,266 [DEBUG] taskcoachlib.domain.base.object: CompositeObject.subject : retourne le sujet de Task id=27ccbecc-6084-11e5-9f59-f07bcb8b1707 : Travailler sur mon Livre sur Ma Façon de Mixer.
2026-02-19 18:27:37,268 [DEBUG] taskcoachlib.domain.base.object: CompositeObject.subject : retourne le sujet de Task id=27ccbecc-6084-11e5-9f59-f07bcb8b1707 : Travailler sur mon Livre sur Ma Façon de Mixer.
2026-02-19 18:27:37,269 [DEBUG] taskcoachlib.domain.base.object: CompositeObject.subject : retourne le sujet de Task id=27ccbecc-6084-11e5-9f59-f07bcb8b1707 : Travailler sur mon Livre sur Ma Façon de Mixer.
2026-02-19 18:27:37,270 [DEBUG] taskcoachlib.domain.base.object: CompositeObject.subject : retourne le sujet de Task id=27ccbecc-6084-11e5-9f59-f07bcb8b1707 : Travailler sur mon Livre sur Ma Façon de Mixer.
2026-02-19 18:27:37,273 [DEBUG] taskcoachlib.domain.task.task: Task.__setattr__ : utilise la méthode super avec name=_Task__status et value=inactive.
2026-02-19 18:27:37,273 [INFO] taskcoachlib.gui.viewer.container: ViewerContainer.__getattr__ retourne l'attribut <bound method EffortViewer.curselection of <taskcoachlib.gui.viewer.effort.EffortViewer object at 0x7f260a42c0e0>> avec l'ancienne méthode !
2026-02-19 18:27:37,274 [INFO] taskcoachlib.gui.viewer.container: ViewerContainer.__getattr__ retourne l'attribut <bound method EffortViewer.curselection of <taskcoachlib.gui.viewer.effort.EffortViewer object at 0x7f260a42c0e0>> avec l'ancienne méthode !
2026-02-19 18:27:37,274 [INFO] taskcoachlib.gui.viewer.container: ViewerContainer.__getattr__ retourne l'attribut <bound method EffortViewer.curselection of <taskcoachlib.gui.viewer.effort.EffortViewer object at 0x7f260a42c0e0>> avec l'ancienne méthode !
2026-02-19 18:27:37,274 [DEBUG] taskcoachlib.domain.base.object: CompositeObject.subject : retourne le sujet de Task id=27ccbecc-6084-11e5-9f59-f07bcb8b1707 : Travailler sur mon Livre sur Ma Façon de Mixer.
2026-02-19 18:27:37,275 [DEBUG] taskcoachlib.domain.base.object: CompositeObject.subject : retourne le sujet de Task id=27ccbecc-6084-11e5-9f59-f07bcb8b1707 : Travailler sur mon Livre sur Ma Façon de Mixer.
2026-02-19 18:27:37,277 [DEBUG] taskcoachlib.domain.base.object: CompositeObject.subject : retourne le sujet de Task id=27ccbecc-6084-11e5-9f59-f07bcb8b1707 : Travailler sur mon Livre sur Ma Façon de Mixer.
2026-02-19 18:27:37,278 [DEBUG] taskcoachlib.domain.base.object: CompositeObject.subject : retourne le sujet de Task id=27ccbecc-6084-11e5-9f59-f07bcb8b1707 : Travailler sur mon Livre sur Ma Façon de Mixer.
2026-02-19 18:27:37,280 [DEBUG] taskcoachlib.domain.base.object: CompositeObject.subject : retourne le sujet de Task id=27ccbecc-6084-11e5-9f59-f07bcb8b1707 : Travailler sur mon Livre sur Ma Façon de Mixer.
2026-02-19 18:27:37,299 [DEBUG] taskcoachlib.domain.task.task: Task.__setattr__ : utilise la méthode super avec name=_Task__status et value=inactive.
2026-02-19 18:27:37,299 [INFO] taskcoachlib.gui.viewer.container: ViewerContainer.__getattr__ retourne l'attribut <bound method EffortViewer.curselection of <taskcoachlib.gui.viewer.effort.EffortViewer object at 0x7f260a42c0e0>> avec l'ancienne méthode !
2026-02-19 18:27:37,299 [INFO] taskcoachlib.gui.viewer.container: ViewerContainer.__getattr__ retourne l'attribut <bound method EffortViewer.curselection of <taskcoachlib.gui.viewer.effort.EffortViewer object at 0x7f260a42c0e0>> avec l'ancienne méthode !
2026-02-19 18:27:37,299 [INFO] taskcoachlib.gui.viewer.container: ViewerContainer.__getattr__ retourne l'attribut <bound method EffortViewer.curselection of <taskcoachlib.gui.viewer.effort.EffortViewer object at 0x7f260a42c0e0>> avec l'ancienne méthode !
2026-02-19 18:27:37,299 [DEBUG] taskcoachlib.domain.base.object: CompositeObject.subject : retourne le sujet de Task id=27ccbecc-6084-11e5-9f59-f07bcb8b1707 : Travailler sur mon Livre sur Ma Façon de Mixer.
2026-02-19 18:27:37,300 [DEBUG] taskcoachlib.domain.base.object: CompositeObject.subject : retourne le sujet de Task id=27ccbecc-6084-11e5-9f59-f07bcb8b1707 : Travailler sur mon Livre sur Ma Façon de Mixer.
2026-02-19 18:27:37,301 [DEBUG] taskcoachlib.domain.base.object: CompositeObject.subject : retourne le sujet de Task id=27ccbecc-6084-11e5-9f59-f07bcb8b1707 : Travailler sur mon Livre sur Ma Façon de Mixer.
2026-02-19 18:27:37,301 [DEBUG] taskcoachlib.domain.base.object: CompositeObject.subject : retourne le sujet de Task id=27ccbecc-6084-11e5-9f59-f07bcb8b1707 : Travailler sur mon Livre sur Ma Façon de Mixer.
2026-02-19 18:27:37,302 [DEBUG] taskcoachlib.domain.base.object: CompositeObject.subject : retourne le sujet de Task id=27ccbecc-6084-11e5-9f59-f07bcb8b1707 : Travailler sur mon Livre sur Ma Façon de Mixer.
2026-02-19 18:27:37,541 [INFO] taskcoachlib.gui.viewer.container: ViewerContainer.__getattr__ retourne l'attribut <bound method EffortViewer.statusMessages of <taskcoachlib.gui.viewer.effort.EffortViewer object at 0x7f260a42c0e0>> avec l'ancienne méthode !
2026-02-19 18:27:37,544 [DEBUG] taskcoachlib.domain.task.task: Task.__setattr__ : utilise la méthode super avec name=_Task__status et value=inactive.
2026-02-19 18:27:37,545 [INFO] taskcoachlib.gui.viewer.container: ViewerContainer.__getattr__ retourne l'attribut <bound method EffortViewer.curselection of <taskcoachlib.gui.viewer.effort.EffortViewer object at 0x7f260a42c0e0>> avec l'ancienne méthode !
2026-02-19 18:27:37,546 [INFO] taskcoachlib.gui.viewer.container: ViewerContainer.__getattr__ retourne l'attribut <bound method EffortViewer.curselection of <taskcoachlib.gui.viewer.effort.EffortViewer object at 0x7f260a42c0e0>> avec l'ancienne méthode !
2026-02-19 18:27:37,546 [INFO] taskcoachlib.gui.viewer.container: ViewerContainer.__getattr__ retourne l'attribut <bound method EffortViewer.curselection of <taskcoachlib.gui.viewer.effort.EffortViewer object at 0x7f260a42c0e0>> avec l'ancienne méthode !
2026-02-19 18:27:37,546 [DEBUG] taskcoachlib.domain.base.object: CompositeObject.subject : retourne le sujet de Task id=27ccbecc-6084-11e5-9f59-f07bcb8b1707 : Travailler sur mon Livre sur Ma Façon de Mixer.
2026-02-19 18:27:37,548 [DEBUG] taskcoachlib.domain.base.object: CompositeObject.subject : retourne le sujet de Task id=27ccbecc-6084-11e5-9f59-f07bcb8b1707 : Travailler sur mon Livre sur Ma Façon de Mixer.
2026-02-19 18:27:37,549 [DEBUG] taskcoachlib.domain.base.object: CompositeObject.subject : retourne le sujet de Task id=27ccbecc-6084-11e5-9f59-f07bcb8b1707 : Travailler sur mon Livre sur Ma Façon de Mixer.
2026-02-19 18:27:37,551 [DEBUG] taskcoachlib.domain.base.object: CompositeObject.subject : retourne le sujet de Task id=27ccbecc-6084-11e5-9f59-f07bcb8b1707 : Travailler sur mon Livre sur Ma Façon de Mixer.
2026-02-19 18:27:37,552 [DEBUG] taskcoachlib.domain.base.object: CompositeObject.subject : retourne le sujet de Task id=27ccbecc-6084-11e5-9f59-f07bcb8b1707 : Travailler sur mon Livre sur Ma Façon de Mixer.
2026-02-19 18:27:38,085 [DEBUG] taskcoachlib.domain.task.task: Task.__setattr__ : utilise la méthode super avec name=_Task__computed_status et value=inactive.
2026-02-19 18:27:38,086 [DEBUG] taskcoachlib.domain.task.task: Task.__setattr__ : utilise la méthode super avec name=_Task__status_text et value=Inactive.
2026-02-19 18:27:38,086 [DEBUG] taskcoachlib.domain.task.task: Task.__setattr__ : utilise la méthode super avec name=_Task__status_icon et value=led_grey_icon.
2026-02-19 18:27:38,086 [DEBUG] taskcoachlib.domain.task.task: Task.__setattr__ : utilise la méthode super avec name=_Task__status_source et value=No actual start date.
2026-02-19 18:27:38,090 [DEBUG] taskcoachlib.domain.task.task: Task.__setattr__ : utilise la méthode super avec name=_Task__status et value=inactive.
2026-02-19 18:27:38,091 [INFO] taskcoachlib.gui.viewer.container: ViewerContainer.__getattr__ retourne l'attribut <bound method EffortViewer.curselection of <taskcoachlib.gui.viewer.effort.EffortViewer object at 0x7f260a42c0e0>> avec l'ancienne méthode !
2026-02-19 18:27:38,092 [INFO] taskcoachlib.gui.viewer.container: ViewerContainer.__getattr__ retourne l'attribut <bound method EffortViewer.curselection of <taskcoachlib.gui.viewer.effort.EffortViewer object at 0x7f260a42c0e0>> avec l'ancienne méthode !
2026-02-19 18:27:38,092 [INFO] taskcoachlib.gui.viewer.container: ViewerContainer.__getattr__ retourne l'attribut <bound method EffortViewer.curselection of <taskcoachlib.gui.viewer.effort.EffortViewer object at 0x7f260a42c0e0>> avec l'ancienne méthode !
2026-02-19 18:27:38,092 [DEBUG] taskcoachlib.domain.base.object: CompositeObject.subject : retourne le sujet de Task id=27ccbecc-6084-11e5-9f59-f07bcb8b1707 : Travailler sur mon Livre sur Ma Façon de Mixer.
2026-02-19 18:27:38,093 [DEBUG] taskcoachlib.domain.base.object: CompositeObject.subject : retourne le sujet de Task id=27ccbecc-6084-11e5-9f59-f07bcb8b1707 : Travailler sur mon Livre sur Ma Façon de Mixer.
2026-02-19 18:27:38,095 [DEBUG] taskcoachlib.domain.base.object: CompositeObject.subject : retourne le sujet de Task id=27ccbecc-6084-11e5-9f59-f07bcb8b1707 : Travailler sur mon Livre sur Ma Façon de Mixer.
2026-02-19 18:27:38,097 [DEBUG] taskcoachlib.domain.base.object: CompositeObject.subject : retourne le sujet de Task id=27ccbecc-6084-11e5-9f59-f07bcb8b1707 : Travailler sur mon Livre sur Ma Façon de Mixer.
2026-02-19 18:27:38,098 [DEBUG] taskcoachlib.domain.base.object: CompositeObject.subject : retourne le sujet de Task id=27ccbecc-6084-11e5-9f59-f07bcb8b1707 : Travailler sur mon Livre sur Ma Façon de Mixer.
2026-02-19 18:27:38,842 [DEBUG] taskcoachlib.domain.task.task: Task.__setattr__ : utilise la méthode super avec name=_Task__status et value=inactive.
2026-02-19 18:27:38,843 [INFO] taskcoachlib.gui.viewer.container: ViewerContainer.__getattr__ retourne l'attribut <bound method EffortViewer.curselection of <taskcoachlib.gui.viewer.effort.EffortViewer object at 0x7f260a42c0e0>> avec l'ancienne méthode !
2026-02-19 18:27:38,843 [INFO] taskcoachlib.gui.viewer.container: ViewerContainer.__getattr__ retourne l'attribut <bound method EffortViewer.curselection of <taskcoachlib.gui.viewer.effort.EffortViewer object at 0x7f260a42c0e0>> avec l'ancienne méthode !
2026-02-19 18:27:38,843 [INFO] taskcoachlib.gui.viewer.container: ViewerContainer.__getattr__ retourne l'attribut <bound method EffortViewer.curselection of <taskcoachlib.gui.viewer.effort.EffortViewer object at 0x7f260a42c0e0>> avec l'ancienne méthode !
2026-02-19 18:27:38,844 [DEBUG] taskcoachlib.domain.base.object: CompositeObject.subject : retourne le sujet de Task id=27ccbecc-6084-11e5-9f59-f07bcb8b1707 : Travailler sur mon Livre sur Ma Façon de Mixer.
2026-02-19 18:27:38,845 [DEBUG] taskcoachlib.domain.base.object: CompositeObject.subject : retourne le sujet de Task id=27ccbecc-6084-11e5-9f59-f07bcb8b1707 : Travailler sur mon Livre sur Ma Façon de Mixer.
2026-02-19 18:27:38,846 [DEBUG] taskcoachlib.domain.base.object: CompositeObject.subject : retourne le sujet de Task id=27ccbecc-6084-11e5-9f59-f07bcb8b1707 : Travailler sur mon Livre sur Ma Façon de Mixer.
2026-02-19 18:27:38,847 [DEBUG] taskcoachlib.domain.base.object: CompositeObject.subject : retourne le sujet de Task id=27ccbecc-6084-11e5-9f59-f07bcb8b1707 : Travailler sur mon Livre sur Ma Façon de Mixer.
2026-02-19 18:27:38,847 [DEBUG] taskcoachlib.domain.base.object: CompositeObject.subject : retourne le sujet de Task id=27ccbecc-6084-11e5-9f59-f07bcb8b1707 : Travailler sur mon Livre sur Ma Façon de Mixer.
2026-02-19 18:27:39,086 [DEBUG] taskcoachlib.domain.task.task: Task.__setattr__ : utilise la méthode super avec name=_Task__computed_status et value=inactive.
2026-02-19 18:27:39,086 [DEBUG] taskcoachlib.domain.task.task: Task.__setattr__ : utilise la méthode super avec name=_Task__status_text et value=Inactive.
2026-02-19 18:27:39,086 [DEBUG] taskcoachlib.domain.task.task: Task.__setattr__ : utilise la méthode super avec name=_Task__status_icon et value=led_grey_icon.
2026-02-19 18:27:39,086 [DEBUG] taskcoachlib.domain.task.task: Task.__setattr__ : utilise la méthode super avec name=_Task__status_source et value=No actual start date.
2026-02-19 18:27:39,090 [DEBUG] taskcoachlib.domain.task.task: Task.__setattr__ : utilise la méthode super avec name=_Task__status et value=inactive.
2026-02-19 18:27:39,090 [INFO] taskcoachlib.gui.viewer.container: ViewerContainer.__getattr__ retourne l'attribut <bound method EffortViewer.curselection of <taskcoachlib.gui.viewer.effort.EffortViewer object at 0x7f260a42c0e0>> avec l'ancienne méthode !
2026-02-19 18:27:39,091 [INFO] taskcoachlib.gui.viewer.container: ViewerContainer.__getattr__ retourne l'attribut <bound method EffortViewer.curselection of <taskcoachlib.gui.viewer.effort.EffortViewer object at 0x7f260a42c0e0>> avec l'ancienne méthode !
2026-02-19 18:27:39,091 [INFO] taskcoachlib.gui.viewer.container: ViewerContainer.__getattr__ retourne l'attribut <bound method EffortViewer.curselection of <taskcoachlib.gui.viewer.effort.EffortViewer object at 0x7f260a42c0e0>> avec l'ancienne méthode !
2026-02-19 18:27:39,091 [DEBUG] taskcoachlib.domain.base.object: CompositeObject.subject : retourne le sujet de Task id=27ccbecc-6084-11e5-9f59-f07bcb8b1707 : Travailler sur mon Livre sur Ma Façon de Mixer.
2026-02-19 18:27:39,092 [DEBUG] taskcoachlib.domain.base.object: CompositeObject.subject : retourne le sujet de Task id=27ccbecc-6084-11e5-9f59-f07bcb8b1707 : Travailler sur mon Livre sur Ma Façon de Mixer.
2026-02-19 18:27:39,093 [DEBUG] taskcoachlib.domain.base.object: CompositeObject.subject : retourne le sujet de Task id=27ccbecc-6084-11e5-9f59-f07bcb8b1707 : Travailler sur mon Livre sur Ma Façon de Mixer.
2026-02-19 18:27:39,093 [DEBUG] taskcoachlib.domain.base.object: CompositeObject.subject : retourne le sujet de Task id=27ccbecc-6084-11e5-9f59-f07bcb8b1707 : Travailler sur mon Livre sur Ma Façon de Mixer.
2026-02-19 18:27:39,094 [DEBUG] taskcoachlib.domain.base.object: CompositeObject.subject : retourne le sujet de Task id=27ccbecc-6084-11e5-9f59-f07bcb8b1707 : Travailler sur mon Livre sur Ma Façon de Mixer.
2026-02-19 18:27:40,086 [DEBUG] taskcoachlib.domain.task.task: Task.__setattr__ : utilise la méthode super avec name=_Task__computed_status et value=inactive.
2026-02-19 18:27:40,086 [DEBUG] taskcoachlib.domain.task.task: Task.__setattr__ : utilise la méthode super avec name=_Task__status_text et value=Inactive.
2026-02-19 18:27:40,086 [DEBUG] taskcoachlib.domain.task.task: Task.__setattr__ : utilise la méthode super avec name=_Task__status_icon et value=led_grey_icon.
2026-02-19 18:27:40,086 [DEBUG] taskcoachlib.domain.task.task: Task.__setattr__ : utilise la méthode super avec name=_Task__status_source et value=No actual start date.
2026-02-19 18:27:40,089 [DEBUG] taskcoachlib.domain.task.task: Task.__setattr__ : utilise la méthode super avec name=_Task__status et value=inactive.
2026-02-19 18:27:40,090 [INFO] taskcoachlib.gui.viewer.container: ViewerContainer.__getattr__ retourne l'attribut <bound method EffortViewer.curselection of <taskcoachlib.gui.viewer.effort.EffortViewer object at 0x7f260a42c0e0>> avec l'ancienne méthode !
2026-02-19 18:27:40,090 [INFO] taskcoachlib.gui.viewer.container: ViewerContainer.__getattr__ retourne l'attribut <bound method EffortViewer.curselection of <taskcoachlib.gui.viewer.effort.EffortViewer object at 0x7f260a42c0e0>> avec l'ancienne méthode !
2026-02-19 18:27:40,090 [INFO] taskcoachlib.gui.viewer.container: ViewerContainer.__getattr__ retourne l'attribut <bound method EffortViewer.curselection of <taskcoachlib.gui.viewer.effort.EffortViewer object at 0x7f260a42c0e0>> avec l'ancienne méthode !
2026-02-19 18:27:40,090 [DEBUG] taskcoachlib.domain.base.object: CompositeObject.subject : retourne le sujet de Task id=27ccbecc-6084-11e5-9f59-f07bcb8b1707 : Travailler sur mon Livre sur Ma Façon de Mixer.
2026-02-19 18:27:40,091 [DEBUG] taskcoachlib.domain.base.object: CompositeObject.subject : retourne le sujet de Task id=27ccbecc-6084-11e5-9f59-f07bcb8b1707 : Travailler sur mon Livre sur Ma Façon de Mixer.
2026-02-19 18:27:40,091 [DEBUG] taskcoachlib.domain.base.object: CompositeObject.subject : retourne le sujet de Task id=27ccbecc-6084-11e5-9f59-f07bcb8b1707 : Travailler sur mon Livre sur Ma Façon de Mixer.
2026-02-19 18:27:40,092 [DEBUG] taskcoachlib.domain.base.object: CompositeObject.subject : retourne le sujet de Task id=27ccbecc-6084-11e5-9f59-f07bcb8b1707 : Travailler sur mon Livre sur Ma Façon de Mixer.
2026-02-19 18:27:40,093 [DEBUG] taskcoachlib.domain.base.object: CompositeObject.subject : retourne le sujet de Task id=27ccbecc-6084-11e5-9f59-f07bcb8b1707 : Travailler sur mon Livre sur Ma Façon de Mixer.
2026-02-19 18:27:41,086 [DEBUG] taskcoachlib.domain.task.task: Task.__setattr__ : utilise la méthode super avec name=_Task__computed_status et value=inactive.
2026-02-19 18:27:41,087 [DEBUG] taskcoachlib.domain.task.task: Task.__setattr__ : utilise la méthode super avec name=_Task__status_text et value=Inactive.
2026-02-19 18:27:41,087 [DEBUG] taskcoachlib.domain.task.task: Task.__setattr__ : utilise la méthode super avec name=_Task__status_icon et value=led_grey_icon.
2026-02-19 18:27:41,087 [DEBUG] taskcoachlib.domain.task.task: Task.__setattr__ : utilise la méthode super avec name=_Task__status_source et value=No actual start date.
2026-02-19 18:27:41,090 [DEBUG] taskcoachlib.domain.task.task: Task.__setattr__ : utilise la méthode super avec name=_Task__status et value=inactive.
2026-02-19 18:27:41,090 [INFO] taskcoachlib.gui.viewer.container: ViewerContainer.__getattr__ retourne l'attribut <bound method EffortViewer.curselection of <taskcoachlib.gui.viewer.effort.EffortViewer object at 0x7f260a42c0e0>> avec l'ancienne méthode !
2026-02-19 18:27:41,090 [INFO] taskcoachlib.gui.viewer.container: ViewerContainer.__getattr__ retourne l'attribut <bound method EffortViewer.curselection of <taskcoachlib.gui.viewer.effort.EffortViewer object at 0x7f260a42c0e0>> avec l'ancienne méthode !
2026-02-19 18:27:41,090 [INFO] taskcoachlib.gui.viewer.container: ViewerContainer.__getattr__ retourne l'attribut <bound method EffortViewer.curselection of <taskcoachlib.gui.viewer.effort.EffortViewer object at 0x7f260a42c0e0>> avec l'ancienne méthode !
2026-02-19 18:27:41,090 [DEBUG] taskcoachlib.domain.base.object: CompositeObject.subject : retourne le sujet de Task id=27ccbecc-6084-11e5-9f59-f07bcb8b1707 : Travailler sur mon Livre sur Ma Façon de Mixer.
2026-02-19 18:27:41,091 [DEBUG] taskcoachlib.domain.base.object: CompositeObject.subject : retourne le sujet de Task id=27ccbecc-6084-11e5-9f59-f07bcb8b1707 : Travailler sur mon Livre sur Ma Façon de Mixer.
2026-02-19 18:27:41,092 [DEBUG] taskcoachlib.domain.base.object: CompositeObject.subject : retourne le sujet de Task id=27ccbecc-6084-11e5-9f59-f07bcb8b1707 : Travailler sur mon Livre sur Ma Façon de Mixer.
2026-02-19 18:27:41,092 [DEBUG] taskcoachlib.domain.base.object: CompositeObject.subject : retourne le sujet de Task id=27ccbecc-6084-11e5-9f59-f07bcb8b1707 : Travailler sur mon Livre sur Ma Façon de Mixer.
2026-02-19 18:27:41,093 [DEBUG] taskcoachlib.domain.base.object: CompositeObject.subject : retourne le sujet de Task id=27ccbecc-6084-11e5-9f59-f07bcb8b1707 : Travailler sur mon Livre sur Ma Façon de Mixer.
2026-02-19 18:27:42,087 [DEBUG] taskcoachlib.domain.task.task: Task.__setattr__ : utilise la méthode super avec name=_Task__computed_status et value=inactive.
2026-02-19 18:27:42,087 [DEBUG] taskcoachlib.domain.task.task: Task.__setattr__ : utilise la méthode super avec name=_Task__status_text et value=Inactive.
2026-02-19 18:27:42,087 [DEBUG] taskcoachlib.domain.task.task: Task.__setattr__ : utilise la méthode super avec name=_Task__status_icon et value=led_grey_icon.
2026-02-19 18:27:42,087 [DEBUG] taskcoachlib.domain.task.task: Task.__setattr__ : utilise la méthode super avec name=_Task__status_source et value=No actual start date.
2026-02-19 18:27:42,090 [DEBUG] taskcoachlib.domain.task.task: Task.__setattr__ : utilise la méthode super avec name=_Task__status et value=inactive.
2026-02-19 18:27:42,090 [INFO] taskcoachlib.gui.viewer.container: ViewerContainer.__getattr__ retourne l'attribut <bound method EffortViewer.curselection of <taskcoachlib.gui.viewer.effort.EffortViewer object at 0x7f260a42c0e0>> avec l'ancienne méthode !
2026-02-19 18:27:42,090 [INFO] taskcoachlib.gui.viewer.container: ViewerContainer.__getattr__ retourne l'attribut <bound method EffortViewer.curselection of <taskcoachlib.gui.viewer.effort.EffortViewer object at 0x7f260a42c0e0>> avec l'ancienne méthode !
2026-02-19 18:27:42,090 [INFO] taskcoachlib.gui.viewer.container: ViewerContainer.__getattr__ retourne l'attribut <bound method EffortViewer.curselection of <taskcoachlib.gui.viewer.effort.EffortViewer object at 0x7f260a42c0e0>> avec l'ancienne méthode !
2026-02-19 18:27:42,090 [DEBUG] taskcoachlib.domain.base.object: CompositeObject.subject : retourne le sujet de Task id=27ccbecc-6084-11e5-9f59-f07bcb8b1707 : Travailler sur mon Livre sur Ma Façon de Mixer.
2026-02-19 18:27:42,091 [DEBUG] taskcoachlib.domain.base.object: CompositeObject.subject : retourne le sujet de Task id=27ccbecc-6084-11e5-9f59-f07bcb8b1707 : Travailler sur mon Livre sur Ma Façon de Mixer.
2026-02-19 18:27:42,092 [DEBUG] taskcoachlib.domain.base.object: CompositeObject.subject : retourne le sujet de Task id=27ccbecc-6084-11e5-9f59-f07bcb8b1707 : Travailler sur mon Livre sur Ma Façon de Mixer.
2026-02-19 18:27:42,092 [DEBUG] taskcoachlib.domain.base.object: CompositeObject.subject : retourne le sujet de Task id=27ccbecc-6084-11e5-9f59-f07bcb8b1707 : Travailler sur mon Livre sur Ma Façon de Mixer.
2026-02-19 18:27:42,093 [DEBUG] taskcoachlib.domain.base.object: CompositeObject.subject : retourne le sujet de Task id=27ccbecc-6084-11e5-9f59-f07bcb8b1707 : Travailler sur mon Livre sur Ma Façon de Mixer.
2026-02-19 18:27:43,087 [DEBUG] taskcoachlib.domain.task.task: Task.__setattr__ : utilise la méthode super avec name=_Task__computed_status et value=inactive.
2026-02-19 18:27:43,087 [DEBUG] taskcoachlib.domain.task.task: Task.__setattr__ : utilise la méthode super avec name=_Task__status_text et value=Inactive.
2026-02-19 18:27:43,087 [DEBUG] taskcoachlib.domain.task.task: Task.__setattr__ : utilise la méthode super avec name=_Task__status_icon et value=led_grey_icon.
2026-02-19 18:27:43,087 [DEBUG] taskcoachlib.domain.task.task: Task.__setattr__ : utilise la méthode super avec name=_Task__status_source et value=No actual start date.
2026-02-19 18:27:43,090 [DEBUG] taskcoachlib.domain.task.task: Task.__setattr__ : utilise la méthode super avec name=_Task__status et value=inactive.
2026-02-19 18:27:43,091 [INFO] taskcoachlib.gui.viewer.container: ViewerContainer.__getattr__ retourne l'attribut <bound method EffortViewer.curselection of <taskcoachlib.gui.viewer.effort.EffortViewer object at 0x7f260a42c0e0>> avec l'ancienne méthode !
2026-02-19 18:27:43,091 [INFO] taskcoachlib.gui.viewer.container: ViewerContainer.__getattr__ retourne l'attribut <bound method EffortViewer.curselection of <taskcoachlib.gui.viewer.effort.EffortViewer object at 0x7f260a42c0e0>> avec l'ancienne méthode !
2026-02-19 18:27:43,091 [INFO] taskcoachlib.gui.viewer.container: ViewerContainer.__getattr__ retourne l'attribut <bound method EffortViewer.curselection of <taskcoachlib.gui.viewer.effort.EffortViewer object at 0x7f260a42c0e0>> avec l'ancienne méthode !
2026-02-19 18:27:43,091 [DEBUG] taskcoachlib.domain.base.object: CompositeObject.subject : retourne le sujet de Task id=27ccbecc-6084-11e5-9f59-f07bcb8b1707 : Travailler sur mon Livre sur Ma Façon de Mixer.
2026-02-19 18:27:43,092 [DEBUG] taskcoachlib.domain.base.object: CompositeObject.subject : retourne le sujet de Task id=27ccbecc-6084-11e5-9f59-f07bcb8b1707 : Travailler sur mon Livre sur Ma Façon de Mixer.
2026-02-19 18:27:43,092 [DEBUG] taskcoachlib.domain.base.object: CompositeObject.subject : retourne le sujet de Task id=27ccbecc-6084-11e5-9f59-f07bcb8b1707 : Travailler sur mon Livre sur Ma Façon de Mixer.
2026-02-19 18:27:43,093 [DEBUG] taskcoachlib.domain.base.object: CompositeObject.subject : retourne le sujet de Task id=27ccbecc-6084-11e5-9f59-f07bcb8b1707 : Travailler sur mon Livre sur Ma Façon de Mixer.
2026-02-19 18:27:43,093 [DEBUG] taskcoachlib.domain.base.object: CompositeObject.subject : retourne le sujet de Task id=27ccbecc-6084-11e5-9f59-f07bcb8b1707 : Travailler sur mon Livre sur Ma Façon de Mixer.
2026-02-19 18:27:44,088 [DEBUG] taskcoachlib.domain.task.task: Task.__setattr__ : utilise la méthode super avec name=_Task__computed_status et value=inactive.
2026-02-19 18:27:44,088 [DEBUG] taskcoachlib.domain.task.task: Task.__setattr__ : utilise la méthode super avec name=_Task__status_text et value=Inactive.
2026-02-19 18:27:44,088 [DEBUG] taskcoachlib.domain.task.task: Task.__setattr__ : utilise la méthode super avec name=_Task__status_icon et value=led_grey_icon.
2026-02-19 18:27:44,088 [DEBUG] taskcoachlib.domain.task.task: Task.__setattr__ : utilise la méthode super avec name=_Task__status_source et value=No actual start date.
2026-02-19 18:27:44,091 [DEBUG] taskcoachlib.domain.task.task: Task.__setattr__ : utilise la méthode super avec name=_Task__status et value=inactive.
2026-02-19 18:27:44,091 [INFO] taskcoachlib.gui.viewer.container: ViewerContainer.__getattr__ retourne l'attribut <bound method EffortViewer.curselection of <taskcoachlib.gui.viewer.effort.EffortViewer object at 0x7f260a42c0e0>> avec l'ancienne méthode !
2026-02-19 18:27:44,092 [INFO] taskcoachlib.gui.viewer.container: ViewerContainer.__getattr__ retourne l'attribut <bound method EffortViewer.curselection of <taskcoachlib.gui.viewer.effort.EffortViewer object at 0x7f260a42c0e0>> avec l'ancienne méthode !
2026-02-19 18:27:44,092 [INFO] taskcoachlib.gui.viewer.container: ViewerContainer.__getattr__ retourne l'attribut <bound method EffortViewer.curselection of <taskcoachlib.gui.viewer.effort.EffortViewer object at 0x7f260a42c0e0>> avec l'ancienne méthode !
2026-02-19 18:27:44,092 [DEBUG] taskcoachlib.domain.base.object: CompositeObject.subject : retourne le sujet de Task id=27ccbecc-6084-11e5-9f59-f07bcb8b1707 : Travailler sur mon Livre sur Ma Façon de Mixer.
2026-02-19 18:27:44,092 [DEBUG] taskcoachlib.domain.base.object: CompositeObject.subject : retourne le sujet de Task id=27ccbecc-6084-11e5-9f59-f07bcb8b1707 : Travailler sur mon Livre sur Ma Façon de Mixer.
2026-02-19 18:27:44,093 [DEBUG] taskcoachlib.domain.base.object: CompositeObject.subject : retourne le sujet de Task id=27ccbecc-6084-11e5-9f59-f07bcb8b1707 : Travailler sur mon Livre sur Ma Façon de Mixer.
2026-02-19 18:27:44,093 [DEBUG] taskcoachlib.domain.base.object: CompositeObject.subject : retourne le sujet de Task id=27ccbecc-6084-11e5-9f59-f07bcb8b1707 : Travailler sur mon Livre sur Ma Façon de Mixer.
2026-02-19 18:27:44,094 [DEBUG] taskcoachlib.domain.base.object: CompositeObject.subject : retourne le sujet de Task id=27ccbecc-6084-11e5-9f59-f07bcb8b1707 : Travailler sur mon Livre sur Ma Façon de Mixer.
2026-02-19 18:27:45,088 [DEBUG] taskcoachlib.domain.task.task: Task.__setattr__ : utilise la méthode super avec name=_Task__computed_status et value=inactive.
2026-02-19 18:27:45,088 [DEBUG] taskcoachlib.domain.task.task: Task.__setattr__ : utilise la méthode super avec name=_Task__status_text et value=Inactive.
2026-02-19 18:27:45,088 [DEBUG] taskcoachlib.domain.task.task: Task.__setattr__ : utilise la méthode super avec name=_Task__status_icon et value=led_grey_icon.
2026-02-19 18:27:45,088 [DEBUG] taskcoachlib.domain.task.task: Task.__setattr__ : utilise la méthode super avec name=_Task__status_source et value=No actual start date.
2026-02-19 18:27:45,091 [DEBUG] taskcoachlib.domain.task.task: Task.__setattr__ : utilise la méthode super avec name=_Task__status et value=inactive.
2026-02-19 18:27:45,092 [INFO] taskcoachlib.gui.viewer.container: ViewerContainer.__getattr__ retourne l'attribut <bound method EffortViewer.curselection of <taskcoachlib.gui.viewer.effort.EffortViewer object at 0x7f260a42c0e0>> avec l'ancienne méthode !
2026-02-19 18:27:45,092 [INFO] taskcoachlib.gui.viewer.container: ViewerContainer.__getattr__ retourne l'attribut <bound method EffortViewer.curselection of <taskcoachlib.gui.viewer.effort.EffortViewer object at 0x7f260a42c0e0>> avec l'ancienne méthode !
2026-02-19 18:27:45,092 [INFO] taskcoachlib.gui.viewer.container: ViewerContainer.__getattr__ retourne l'attribut <bound method EffortViewer.curselection of <taskcoachlib.gui.viewer.effort.EffortViewer object at 0x7f260a42c0e0>> avec l'ancienne méthode !
2026-02-19 18:27:45,092 [DEBUG] taskcoachlib.domain.base.object: CompositeObject.subject : retourne le sujet de Task id=27ccbecc-6084-11e5-9f59-f07bcb8b1707 : Travailler sur mon Livre sur Ma Façon de Mixer.
2026-02-19 18:27:45,093 [DEBUG] taskcoachlib.domain.base.object: CompositeObject.subject : retourne le sujet de Task id=27ccbecc-6084-11e5-9f59-f07bcb8b1707 : Travailler sur mon Livre sur Ma Façon de Mixer.
2026-02-19 18:27:45,093 [DEBUG] taskcoachlib.domain.base.object: CompositeObject.subject : retourne le sujet de Task id=27ccbecc-6084-11e5-9f59-f07bcb8b1707 : Travailler sur mon Livre sur Ma Façon de Mixer.
2026-02-19 18:27:45,094 [DEBUG] taskcoachlib.domain.base.object: CompositeObject.subject : retourne le sujet de Task id=27ccbecc-6084-11e5-9f59-f07bcb8b1707 : Travailler sur mon Livre sur Ma Façon de Mixer.
2026-02-19 18:27:45,094 [DEBUG] taskcoachlib.domain.base.object: CompositeObject.subject : retourne le sujet de Task id=27ccbecc-6084-11e5-9f59-f07bcb8b1707 : Travailler sur mon Livre sur Ma Façon de Mixer.
2026-02-19 18:27:46,088 [DEBUG] taskcoachlib.domain.task.task: Task.__setattr__ : utilise la méthode super avec name=_Task__computed_status et value=inactive.
2026-02-19 18:27:46,088 [DEBUG] taskcoachlib.domain.task.task: Task.__setattr__ : utilise la méthode super avec name=_Task__status_text et value=Inactive.
2026-02-19 18:27:46,088 [DEBUG] taskcoachlib.domain.task.task: Task.__setattr__ : utilise la méthode super avec name=_Task__status_icon et value=led_grey_icon.
2026-02-19 18:27:46,088 [DEBUG] taskcoachlib.domain.task.task: Task.__setattr__ : utilise la méthode super avec name=_Task__status_source et value=No actual start date.
2026-02-19 18:27:46,092 [DEBUG] taskcoachlib.domain.task.task: Task.__setattr__ : utilise la méthode super avec name=_Task__status et value=inactive.
2026-02-19 18:27:46,092 [INFO] taskcoachlib.gui.viewer.container: ViewerContainer.__getattr__ retourne l'attribut <bound method EffortViewer.curselection of <taskcoachlib.gui.viewer.effort.EffortViewer object at 0x7f260a42c0e0>> avec l'ancienne méthode !
2026-02-19 18:27:46,092 [INFO] taskcoachlib.gui.viewer.container: ViewerContainer.__getattr__ retourne l'attribut <bound method EffortViewer.curselection of <taskcoachlib.gui.viewer.effort.EffortViewer object at 0x7f260a42c0e0>> avec l'ancienne méthode !
2026-02-19 18:27:46,093 [INFO] taskcoachlib.gui.viewer.container: ViewerContainer.__getattr__ retourne l'attribut <bound method EffortViewer.curselection of <taskcoachlib.gui.viewer.effort.EffortViewer object at 0x7f260a42c0e0>> avec l'ancienne méthode !
2026-02-19 18:27:46,093 [DEBUG] taskcoachlib.domain.base.object: CompositeObject.subject : retourne le sujet de Task id=27ccbecc-6084-11e5-9f59-f07bcb8b1707 : Travailler sur mon Livre sur Ma Façon de Mixer.
2026-02-19 18:27:46,094 [DEBUG] taskcoachlib.domain.base.object: CompositeObject.subject : retourne le sujet de Task id=27ccbecc-6084-11e5-9f59-f07bcb8b1707 : Travailler sur mon Livre sur Ma Façon de Mixer.
2026-02-19 18:27:46,095 [DEBUG] taskcoachlib.domain.base.object: CompositeObject.subject : retourne le sujet de Task id=27ccbecc-6084-11e5-9f59-f07bcb8b1707 : Travailler sur mon Livre sur Ma Façon de Mixer.
2026-02-19 18:27:46,097 [DEBUG] taskcoachlib.domain.base.object: CompositeObject.subject : retourne le sujet de Task id=27ccbecc-6084-11e5-9f59-f07bcb8b1707 : Travailler sur mon Livre sur Ma Façon de Mixer.
2026-02-19 18:27:46,098 [DEBUG] taskcoachlib.domain.base.object: CompositeObject.subject : retourne le sujet de Task id=27ccbecc-6084-11e5-9f59-f07bcb8b1707 : Travailler sur mon Livre sur Ma Façon de Mixer.
2026-02-19 18:27:47,088 [DEBUG] taskcoachlib.domain.task.task: Task.__setattr__ : utilise la méthode super avec name=_Task__computed_status et value=inactive.
2026-02-19 18:27:47,089 [DEBUG] taskcoachlib.domain.task.task: Task.__setattr__ : utilise la méthode super avec name=_Task__status_text et value=Inactive.
2026-02-19 18:27:47,089 [DEBUG] taskcoachlib.domain.task.task: Task.__setattr__ : utilise la méthode super avec name=_Task__status_icon et value=led_grey_icon.
2026-02-19 18:27:47,089 [DEBUG] taskcoachlib.domain.task.task: Task.__setattr__ : utilise la méthode super avec name=_Task__status_source et value=No actual start date.
2026-02-19 18:27:47,094 [DEBUG] taskcoachlib.domain.task.task: Task.__setattr__ : utilise la méthode super avec name=_Task__status et value=inactive.
2026-02-19 18:27:47,094 [INFO] taskcoachlib.gui.viewer.container: ViewerContainer.__getattr__ retourne l'attribut <bound method EffortViewer.curselection of <taskcoachlib.gui.viewer.effort.EffortViewer object at 0x7f260a42c0e0>> avec l'ancienne méthode !
2026-02-19 18:27:47,095 [INFO] taskcoachlib.gui.viewer.container: ViewerContainer.__getattr__ retourne l'attribut <bound method EffortViewer.curselection of <taskcoachlib.gui.viewer.effort.EffortViewer object at 0x7f260a42c0e0>> avec l'ancienne méthode !
2026-02-19 18:27:47,095 [INFO] taskcoachlib.gui.viewer.container: ViewerContainer.__getattr__ retourne l'attribut <bound method EffortViewer.curselection of <taskcoachlib.gui.viewer.effort.EffortViewer object at 0x7f260a42c0e0>> avec l'ancienne méthode !
2026-02-19 18:27:47,095 [DEBUG] taskcoachlib.domain.base.object: CompositeObject.subject : retourne le sujet de Task id=27ccbecc-6084-11e5-9f59-f07bcb8b1707 : Travailler sur mon Livre sur Ma Façon de Mixer.
2026-02-19 18:27:47,097 [DEBUG] taskcoachlib.domain.base.object: CompositeObject.subject : retourne le sujet de Task id=27ccbecc-6084-11e5-9f59-f07bcb8b1707 : Travailler sur mon Livre sur Ma Façon de Mixer.
2026-02-19 18:27:47,098 [DEBUG] taskcoachlib.domain.base.object: CompositeObject.subject : retourne le sujet de Task id=27ccbecc-6084-11e5-9f59-f07bcb8b1707 : Travailler sur mon Livre sur Ma Façon de Mixer.
2026-02-19 18:27:47,099 [DEBUG] taskcoachlib.domain.base.object: CompositeObject.subject : retourne le sujet de Task id=27ccbecc-6084-11e5-9f59-f07bcb8b1707 : Travailler sur mon Livre sur Ma Façon de Mixer.
2026-02-19 18:27:47,101 [DEBUG] taskcoachlib.domain.base.object: CompositeObject.subject : retourne le sujet de Task id=27ccbecc-6084-11e5-9f59-f07bcb8b1707 : Travailler sur mon Livre sur Ma Façon de Mixer.
2026-02-19 18:27:48,089 [DEBUG] taskcoachlib.domain.task.task: Task.__setattr__ : utilise la méthode super avec name=_Task__computed_status et value=inactive.
2026-02-19 18:27:48,089 [DEBUG] taskcoachlib.domain.task.task: Task.__setattr__ : utilise la méthode super avec name=_Task__status_text et value=Inactive.
2026-02-19 18:27:48,089 [DEBUG] taskcoachlib.domain.task.task: Task.__setattr__ : utilise la méthode super avec name=_Task__status_icon et value=led_grey_icon.
2026-02-19 18:27:48,089 [DEBUG] taskcoachlib.domain.task.task: Task.__setattr__ : utilise la méthode super avec name=_Task__status_source et value=No actual start date.
2026-02-19 18:27:48,094 [DEBUG] taskcoachlib.domain.task.task: Task.__setattr__ : utilise la méthode super avec name=_Task__status et value=inactive.
2026-02-19 18:27:48,094 [INFO] taskcoachlib.gui.viewer.container: ViewerContainer.__getattr__ retourne l'attribut <bound method EffortViewer.curselection of <taskcoachlib.gui.viewer.effort.EffortViewer object at 0x7f260a42c0e0>> avec l'ancienne méthode !
2026-02-19 18:27:48,095 [INFO] taskcoachlib.gui.viewer.container: ViewerContainer.__getattr__ retourne l'attribut <bound method EffortViewer.curselection of <taskcoachlib.gui.viewer.effort.EffortViewer object at 0x7f260a42c0e0>> avec l'ancienne méthode !
2026-02-19 18:27:48,095 [INFO] taskcoachlib.gui.viewer.container: ViewerContainer.__getattr__ retourne l'attribut <bound method EffortViewer.curselection of <taskcoachlib.gui.viewer.effort.EffortViewer object at 0x7f260a42c0e0>> avec l'ancienne méthode !
2026-02-19 18:27:48,095 [DEBUG] taskcoachlib.domain.base.object: CompositeObject.subject : retourne le sujet de Task id=27ccbecc-6084-11e5-9f59-f07bcb8b1707 : Travailler sur mon Livre sur Ma Façon de Mixer.
2026-02-19 18:27:48,096 [DEBUG] taskcoachlib.domain.base.object: CompositeObject.subject : retourne le sujet de Task id=27ccbecc-6084-11e5-9f59-f07bcb8b1707 : Travailler sur mon Livre sur Ma Façon de Mixer.
2026-02-19 18:27:48,098 [DEBUG] taskcoachlib.domain.base.object: CompositeObject.subject : retourne le sujet de Task id=27ccbecc-6084-11e5-9f59-f07bcb8b1707 : Travailler sur mon Livre sur Ma Façon de Mixer.
2026-02-19 18:27:48,099 [DEBUG] taskcoachlib.domain.base.object: CompositeObject.subject : retourne le sujet de Task id=27ccbecc-6084-11e5-9f59-f07bcb8b1707 : Travailler sur mon Livre sur Ma Façon de Mixer.
2026-02-19 18:27:48,100 [DEBUG] taskcoachlib.domain.base.object: CompositeObject.subject : retourne le sujet de Task id=27ccbecc-6084-11e5-9f59-f07bcb8b1707 : Travailler sur mon Livre sur Ma Façon de Mixer.
2026-02-19 18:27:49,089 [DEBUG] taskcoachlib.domain.task.task: Task.__setattr__ : utilise la méthode super avec name=_Task__computed_status et value=inactive.
2026-02-19 18:27:49,089 [DEBUG] taskcoachlib.domain.task.task: Task.__setattr__ : utilise la méthode super avec name=_Task__status_text et value=Inactive.
2026-02-19 18:27:49,089 [DEBUG] taskcoachlib.domain.task.task: Task.__setattr__ : utilise la méthode super avec name=_Task__status_icon et value=led_grey_icon.
2026-02-19 18:27:49,090 [DEBUG] taskcoachlib.domain.task.task: Task.__setattr__ : utilise la méthode super avec name=_Task__status_source et value=No actual start date.
2026-02-19 18:27:49,094 [DEBUG] taskcoachlib.domain.task.task: Task.__setattr__ : utilise la méthode super avec name=_Task__status et value=inactive.
2026-02-19 18:27:49,094 [INFO] taskcoachlib.gui.viewer.container: ViewerContainer.__getattr__ retourne l'attribut <bound method EffortViewer.curselection of <taskcoachlib.gui.viewer.effort.EffortViewer object at 0x7f260a42c0e0>> avec l'ancienne méthode !
2026-02-19 18:27:49,095 [INFO] taskcoachlib.gui.viewer.container: ViewerContainer.__getattr__ retourne l'attribut <bound method EffortViewer.curselection of <taskcoachlib.gui.viewer.effort.EffortViewer object at 0x7f260a42c0e0>> avec l'ancienne méthode !
2026-02-19 18:27:49,095 [INFO] taskcoachlib.gui.viewer.container: ViewerContainer.__getattr__ retourne l'attribut <bound method EffortViewer.curselection of <taskcoachlib.gui.viewer.effort.EffortViewer object at 0x7f260a42c0e0>> avec l'ancienne méthode !
2026-02-19 18:27:49,095 [DEBUG] taskcoachlib.domain.base.object: CompositeObject.subject : retourne le sujet de Task id=27ccbecc-6084-11e5-9f59-f07bcb8b1707 : Travailler sur mon Livre sur Ma Façon de Mixer.
2026-02-19 18:27:49,097 [DEBUG] taskcoachlib.domain.base.object: CompositeObject.subject : retourne le sujet de Task id=27ccbecc-6084-11e5-9f59-f07bcb8b1707 : Travailler sur mon Livre sur Ma Façon de Mixer.
2026-02-19 18:27:49,098 [DEBUG] taskcoachlib.domain.base.object: CompositeObject.subject : retourne le sujet de Task id=27ccbecc-6084-11e5-9f59-f07bcb8b1707 : Travailler sur mon Livre sur Ma Façon de Mixer.
2026-02-19 18:27:49,099 [DEBUG] taskcoachlib.domain.base.object: CompositeObject.subject : retourne le sujet de Task id=27ccbecc-6084-11e5-9f59-f07bcb8b1707 : Travailler sur mon Livre sur Ma Façon de Mixer.
2026-02-19 18:27:49,100 [DEBUG] taskcoachlib.domain.base.object: CompositeObject.subject : retourne le sujet de Task id=27ccbecc-6084-11e5-9f59-f07bcb8b1707 : Travailler sur mon Livre sur Ma Façon de Mixer.
2026-02-19 18:27:50,090 [DEBUG] taskcoachlib.domain.task.task: Task.__setattr__ : utilise la méthode super avec name=_Task__computed_status et value=inactive.
2026-02-19 18:27:50,090 [DEBUG] taskcoachlib.domain.task.task: Task.__setattr__ : utilise la méthode super avec name=_Task__status_text et value=Inactive.
2026-02-19 18:27:50,090 [DEBUG] taskcoachlib.domain.task.task: Task.__setattr__ : utilise la méthode super avec name=_Task__status_icon et value=led_grey_icon.
2026-02-19 18:27:50,090 [DEBUG] taskcoachlib.domain.task.task: Task.__setattr__ : utilise la méthode super avec name=_Task__status_source et value=No actual start date.
2026-02-19 18:27:50,095 [DEBUG] taskcoachlib.domain.task.task: Task.__setattr__ : utilise la méthode super avec name=_Task__status et value=inactive.
2026-02-19 18:27:50,096 [INFO] taskcoachlib.gui.viewer.container: ViewerContainer.__getattr__ retourne l'attribut <bound method EffortViewer.curselection of <taskcoachlib.gui.viewer.effort.EffortViewer object at 0x7f260a42c0e0>> avec l'ancienne méthode !
2026-02-19 18:27:50,096 [INFO] taskcoachlib.gui.viewer.container: ViewerContainer.__getattr__ retourne l'attribut <bound method EffortViewer.curselection of <taskcoachlib.gui.viewer.effort.EffortViewer object at 0x7f260a42c0e0>> avec l'ancienne méthode !
2026-02-19 18:27:50,096 [INFO] taskcoachlib.gui.viewer.container: ViewerContainer.__getattr__ retourne l'attribut <bound method EffortViewer.curselection of <taskcoachlib.gui.viewer.effort.EffortViewer object at 0x7f260a42c0e0>> avec l'ancienne méthode !
2026-02-19 18:27:50,097 [DEBUG] taskcoachlib.domain.base.object: CompositeObject.subject : retourne le sujet de Task id=27ccbecc-6084-11e5-9f59-f07bcb8b1707 : Travailler sur mon Livre sur Ma Façon de Mixer.
2026-02-19 18:27:50,098 [DEBUG] taskcoachlib.domain.base.object: CompositeObject.subject : retourne le sujet de Task id=27ccbecc-6084-11e5-9f59-f07bcb8b1707 : Travailler sur mon Livre sur Ma Façon de Mixer.
2026-02-19 18:27:50,099 [DEBUG] taskcoachlib.domain.base.object: CompositeObject.subject : retourne le sujet de Task id=27ccbecc-6084-11e5-9f59-f07bcb8b1707 : Travailler sur mon Livre sur Ma Façon de Mixer.
2026-02-19 18:27:50,101 [DEBUG] taskcoachlib.domain.base.object: CompositeObject.subject : retourne le sujet de Task id=27ccbecc-6084-11e5-9f59-f07bcb8b1707 : Travailler sur mon Livre sur Ma Façon de Mixer.
2026-02-19 18:27:50,102 [DEBUG] taskcoachlib.domain.base.object: CompositeObject.subject : retourne le sujet de Task id=27ccbecc-6084-11e5-9f59-f07bcb8b1707 : Travailler sur mon Livre sur Ma Façon de Mixer.
2026-02-19 18:27:51,090 [DEBUG] taskcoachlib.domain.task.task: Task.__setattr__ : utilise la méthode super avec name=_Task__computed_status et value=inactive.
2026-02-19 18:27:51,090 [DEBUG] taskcoachlib.domain.task.task: Task.__setattr__ : utilise la méthode super avec name=_Task__status_text et value=Inactive.
2026-02-19 18:27:51,091 [DEBUG] taskcoachlib.domain.task.task: Task.__setattr__ : utilise la méthode super avec name=_Task__status_icon et value=led_grey_icon.
2026-02-19 18:27:51,091 [DEBUG] taskcoachlib.domain.task.task: Task.__setattr__ : utilise la méthode super avec name=_Task__status_source et value=No actual start date.
2026-02-19 18:27:51,096 [DEBUG] taskcoachlib.domain.task.task: Task.__setattr__ : utilise la méthode super avec name=_Task__status et value=inactive.
2026-02-19 18:27:51,096 [INFO] taskcoachlib.gui.viewer.container: ViewerContainer.__getattr__ retourne l'attribut <bound method EffortViewer.curselection of <taskcoachlib.gui.viewer.effort.EffortViewer object at 0x7f260a42c0e0>> avec l'ancienne méthode !
2026-02-19 18:27:51,097 [INFO] taskcoachlib.gui.viewer.container: ViewerContainer.__getattr__ retourne l'attribut <bound method EffortViewer.curselection of <taskcoachlib.gui.viewer.effort.EffortViewer object at 0x7f260a42c0e0>> avec l'ancienne méthode !
2026-02-19 18:27:51,097 [INFO] taskcoachlib.gui.viewer.container: ViewerContainer.__getattr__ retourne l'attribut <bound method EffortViewer.curselection of <taskcoachlib.gui.viewer.effort.EffortViewer object at 0x7f260a42c0e0>> avec l'ancienne méthode !
2026-02-19 18:27:51,097 [DEBUG] taskcoachlib.domain.base.object: CompositeObject.subject : retourne le sujet de Task id=27ccbecc-6084-11e5-9f59-f07bcb8b1707 : Travailler sur mon Livre sur Ma Façon de Mixer.
2026-02-19 18:27:51,099 [DEBUG] taskcoachlib.domain.base.object: CompositeObject.subject : retourne le sujet de Task id=27ccbecc-6084-11e5-9f59-f07bcb8b1707 : Travailler sur mon Livre sur Ma Façon de Mixer.
2026-02-19 18:27:51,100 [DEBUG] taskcoachlib.domain.base.object: CompositeObject.subject : retourne le sujet de Task id=27ccbecc-6084-11e5-9f59-f07bcb8b1707 : Travailler sur mon Livre sur Ma Façon de Mixer.
2026-02-19 18:27:51,101 [DEBUG] taskcoachlib.domain.base.object: CompositeObject.subject : retourne le sujet de Task id=27ccbecc-6084-11e5-9f59-f07bcb8b1707 : Travailler sur mon Livre sur Ma Façon de Mixer.
2026-02-19 18:27:51,103 [DEBUG] taskcoachlib.domain.base.object: CompositeObject.subject : retourne le sujet de Task id=27ccbecc-6084-11e5-9f59-f07bcb8b1707 : Travailler sur mon Livre sur Ma Façon de Mixer.
2026-02-19 18:27:52,090 [DEBUG] taskcoachlib.domain.task.task: Task.__setattr__ : utilise la méthode super avec name=_Task__computed_status et value=inactive.
2026-02-19 18:27:52,090 [DEBUG] taskcoachlib.domain.task.task: Task.__setattr__ : utilise la méthode super avec name=_Task__status_text et value=Inactive.
2026-02-19 18:27:52,090 [DEBUG] taskcoachlib.domain.task.task: Task.__setattr__ : utilise la méthode super avec name=_Task__status_icon et value=led_grey_icon.
2026-02-19 18:27:52,091 [DEBUG] taskcoachlib.domain.task.task: Task.__setattr__ : utilise la méthode super avec name=_Task__status_source et value=No actual start date.
2026-02-19 18:27:52,095 [DEBUG] taskcoachlib.domain.task.task: Task.__setattr__ : utilise la méthode super avec name=_Task__status et value=inactive.
2026-02-19 18:27:52,095 [INFO] taskcoachlib.gui.viewer.container: ViewerContainer.__getattr__ retourne l'attribut <bound method EffortViewer.curselection of <taskcoachlib.gui.viewer.effort.EffortViewer object at 0x7f260a42c0e0>> avec l'ancienne méthode !
2026-02-19 18:27:52,096 [INFO] taskcoachlib.gui.viewer.container: ViewerContainer.__getattr__ retourne l'attribut <bound method EffortViewer.curselection of <taskcoachlib.gui.viewer.effort.EffortViewer object at 0x7f260a42c0e0>> avec l'ancienne méthode !
2026-02-19 18:27:52,096 [INFO] taskcoachlib.gui.viewer.container: ViewerContainer.__getattr__ retourne l'attribut <bound method EffortViewer.curselection of <taskcoachlib.gui.viewer.effort.EffortViewer object at 0x7f260a42c0e0>> avec l'ancienne méthode !
2026-02-19 18:27:52,096 [DEBUG] taskcoachlib.domain.base.object: CompositeObject.subject : retourne le sujet de Task id=27ccbecc-6084-11e5-9f59-f07bcb8b1707 : Travailler sur mon Livre sur Ma Façon de Mixer.
2026-02-19 18:27:52,098 [DEBUG] taskcoachlib.domain.base.object: CompositeObject.subject : retourne le sujet de Task id=27ccbecc-6084-11e5-9f59-f07bcb8b1707 : Travailler sur mon Livre sur Ma Façon de Mixer.
2026-02-19 18:27:52,099 [DEBUG] taskcoachlib.domain.base.object: CompositeObject.subject : retourne le sujet de Task id=27ccbecc-6084-11e5-9f59-f07bcb8b1707 : Travailler sur mon Livre sur Ma Façon de Mixer.
2026-02-19 18:27:52,100 [DEBUG] taskcoachlib.domain.base.object: CompositeObject.subject : retourne le sujet de Task id=27ccbecc-6084-11e5-9f59-f07bcb8b1707 : Travailler sur mon Livre sur Ma Façon de Mixer.
2026-02-19 18:27:52,102 [DEBUG] taskcoachlib.domain.base.object: CompositeObject.subject : retourne le sujet de Task id=27ccbecc-6084-11e5-9f59-f07bcb8b1707 : Travailler sur mon Livre sur Ma Façon de Mixer.
2026-02-19 18:27:53,091 [DEBUG] taskcoachlib.domain.task.task: Task.__setattr__ : utilise la méthode super avec name=_Task__computed_status et value=inactive.
2026-02-19 18:27:53,091 [DEBUG] taskcoachlib.domain.task.task: Task.__setattr__ : utilise la méthode super avec name=_Task__status_text et value=Inactive.
2026-02-19 18:27:53,091 [DEBUG] taskcoachlib.domain.task.task: Task.__setattr__ : utilise la méthode super avec name=_Task__status_icon et value=led_grey_icon.
2026-02-19 18:27:53,091 [DEBUG] taskcoachlib.domain.task.task: Task.__setattr__ : utilise la méthode super avec name=_Task__status_source et value=No actual start date.
2026-02-19 18:27:53,097 [DEBUG] taskcoachlib.domain.task.task: Task.__setattr__ : utilise la méthode super avec name=_Task__status et value=inactive.
2026-02-19 18:27:53,098 [INFO] taskcoachlib.gui.viewer.container: ViewerContainer.__getattr__ retourne l'attribut <bound method EffortViewer.curselection of <taskcoachlib.gui.viewer.effort.EffortViewer object at 0x7f260a42c0e0>> avec l'ancienne méthode !
2026-02-19 18:27:53,098 [INFO] taskcoachlib.gui.viewer.container: ViewerContainer.__getattr__ retourne l'attribut <bound method EffortViewer.curselection of <taskcoachlib.gui.viewer.effort.EffortViewer object at 0x7f260a42c0e0>> avec l'ancienne méthode !
2026-02-19 18:27:53,098 [INFO] taskcoachlib.gui.viewer.container: ViewerContainer.__getattr__ retourne l'attribut <bound method EffortViewer.curselection of <taskcoachlib.gui.viewer.effort.EffortViewer object at 0x7f260a42c0e0>> avec l'ancienne méthode !
2026-02-19 18:27:53,099 [DEBUG] taskcoachlib.domain.base.object: CompositeObject.subject : retourne le sujet de Task id=27ccbecc-6084-11e5-9f59-f07bcb8b1707 : Travailler sur mon Livre sur Ma Façon de Mixer.
2026-02-19 18:27:53,100 [DEBUG] taskcoachlib.domain.base.object: CompositeObject.subject : retourne le sujet de Task id=27ccbecc-6084-11e5-9f59-f07bcb8b1707 : Travailler sur mon Livre sur Ma Façon de Mixer.
2026-02-19 18:27:53,102 [DEBUG] taskcoachlib.domain.base.object: CompositeObject.subject : retourne le sujet de Task id=27ccbecc-6084-11e5-9f59-f07bcb8b1707 : Travailler sur mon Livre sur Ma Façon de Mixer.
2026-02-19 18:27:53,104 [DEBUG] taskcoachlib.domain.base.object: CompositeObject.subject : retourne le sujet de Task id=27ccbecc-6084-11e5-9f59-f07bcb8b1707 : Travailler sur mon Livre sur Ma Façon de Mixer.
2026-02-19 18:27:53,105 [DEBUG] taskcoachlib.domain.base.object: CompositeObject.subject : retourne le sujet de Task id=27ccbecc-6084-11e5-9f59-f07bcb8b1707 : Travailler sur mon Livre sur Ma Façon de Mixer.
2026-02-19 18:27:54,091 [DEBUG] taskcoachlib.domain.task.task: Task.__setattr__ : utilise la méthode super avec name=_Task__computed_status et value=inactive.
2026-02-19 18:27:54,091 [DEBUG] taskcoachlib.domain.task.task: Task.__setattr__ : utilise la méthode super avec name=_Task__status_text et value=Inactive.
2026-02-19 18:27:54,091 [DEBUG] taskcoachlib.domain.task.task: Task.__setattr__ : utilise la méthode super avec name=_Task__status_icon et value=led_grey_icon.
2026-02-19 18:27:54,091 [DEBUG] taskcoachlib.domain.task.task: Task.__setattr__ : utilise la méthode super avec name=_Task__status_source et value=No actual start date.
2026-02-19 18:27:54,096 [DEBUG] taskcoachlib.domain.task.task: Task.__setattr__ : utilise la méthode super avec name=_Task__status et value=inactive.
2026-02-19 18:27:54,096 [INFO] taskcoachlib.gui.viewer.container: ViewerContainer.__getattr__ retourne l'attribut <bound method EffortViewer.curselection of <taskcoachlib.gui.viewer.effort.EffortViewer object at 0x7f260a42c0e0>> avec l'ancienne méthode !
2026-02-19 18:27:54,097 [INFO] taskcoachlib.gui.viewer.container: ViewerContainer.__getattr__ retourne l'attribut <bound method EffortViewer.curselection of <taskcoachlib.gui.viewer.effort.EffortViewer object at 0x7f260a42c0e0>> avec l'ancienne méthode !
2026-02-19 18:27:54,097 [INFO] taskcoachlib.gui.viewer.container: ViewerContainer.__getattr__ retourne l'attribut <bound method EffortViewer.curselection of <taskcoachlib.gui.viewer.effort.EffortViewer object at 0x7f260a42c0e0>> avec l'ancienne méthode !
2026-02-19 18:27:54,097 [DEBUG] taskcoachlib.domain.base.object: CompositeObject.subject : retourne le sujet de Task id=27ccbecc-6084-11e5-9f59-f07bcb8b1707 : Travailler sur mon Livre sur Ma Façon de Mixer.
2026-02-19 18:27:54,098 [DEBUG] taskcoachlib.domain.base.object: CompositeObject.subject : retourne le sujet de Task id=27ccbecc-6084-11e5-9f59-f07bcb8b1707 : Travailler sur mon Livre sur Ma Façon de Mixer.
2026-02-19 18:27:54,100 [DEBUG] taskcoachlib.domain.base.object: CompositeObject.subject : retourne le sujet de Task id=27ccbecc-6084-11e5-9f59-f07bcb8b1707 : Travailler sur mon Livre sur Ma Façon de Mixer.
2026-02-19 18:27:54,101 [DEBUG] taskcoachlib.domain.base.object: CompositeObject.subject : retourne le sujet de Task id=27ccbecc-6084-11e5-9f59-f07bcb8b1707 : Travailler sur mon Livre sur Ma Façon de Mixer.
2026-02-19 18:27:54,102 [DEBUG] taskcoachlib.domain.base.object: CompositeObject.subject : retourne le sujet de Task id=27ccbecc-6084-11e5-9f59-f07bcb8b1707 : Travailler sur mon Livre sur Ma Façon de Mixer.
2026-02-19 18:27:55,091 [DEBUG] taskcoachlib.domain.task.task: Task.__setattr__ : utilise la méthode super avec name=_Task__computed_status et value=inactive.
2026-02-19 18:27:55,091 [DEBUG] taskcoachlib.domain.task.task: Task.__setattr__ : utilise la méthode super avec name=_Task__status_text et value=Inactive.
2026-02-19 18:27:55,092 [DEBUG] taskcoachlib.domain.task.task: Task.__setattr__ : utilise la méthode super avec name=_Task__status_icon et value=led_grey_icon.
2026-02-19 18:27:55,092 [DEBUG] taskcoachlib.domain.task.task: Task.__setattr__ : utilise la méthode super avec name=_Task__status_source et value=No actual start date.
2026-02-19 18:27:55,096 [DEBUG] taskcoachlib.domain.task.task: Task.__setattr__ : utilise la méthode super avec name=_Task__status et value=inactive.
2026-02-19 18:27:55,097 [INFO] taskcoachlib.gui.viewer.container: ViewerContainer.__getattr__ retourne l'attribut <bound method EffortViewer.curselection of <taskcoachlib.gui.viewer.effort.EffortViewer object at 0x7f260a42c0e0>> avec l'ancienne méthode !
2026-02-19 18:27:55,097 [INFO] taskcoachlib.gui.viewer.container: ViewerContainer.__getattr__ retourne l'attribut <bound method EffortViewer.curselection of <taskcoachlib.gui.viewer.effort.EffortViewer object at 0x7f260a42c0e0>> avec l'ancienne méthode !
2026-02-19 18:27:55,097 [INFO] taskcoachlib.gui.viewer.container: ViewerContainer.__getattr__ retourne l'attribut <bound method EffortViewer.curselection of <taskcoachlib.gui.viewer.effort.EffortViewer object at 0x7f260a42c0e0>> avec l'ancienne méthode !
2026-02-19 18:27:55,098 [DEBUG] taskcoachlib.domain.base.object: CompositeObject.subject : retourne le sujet de Task id=27ccbecc-6084-11e5-9f59-f07bcb8b1707 : Travailler sur mon Livre sur Ma Façon de Mixer.
2026-02-19 18:27:55,099 [DEBUG] taskcoachlib.domain.base.object: CompositeObject.subject : retourne le sujet de Task id=27ccbecc-6084-11e5-9f59-f07bcb8b1707 : Travailler sur mon Livre sur Ma Façon de Mixer.
2026-02-19 18:27:55,100 [DEBUG] taskcoachlib.domain.base.object: CompositeObject.subject : retourne le sujet de Task id=27ccbecc-6084-11e5-9f59-f07bcb8b1707 : Travailler sur mon Livre sur Ma Façon de Mixer.
2026-02-19 18:27:55,101 [DEBUG] taskcoachlib.domain.base.object: CompositeObject.subject : retourne le sujet de Task id=27ccbecc-6084-11e5-9f59-f07bcb8b1707 : Travailler sur mon Livre sur Ma Façon de Mixer.
2026-02-19 18:27:55,103 [DEBUG] taskcoachlib.domain.base.object: CompositeObject.subject : retourne le sujet de Task id=27ccbecc-6084-11e5-9f59-f07bcb8b1707 : Travailler sur mon Livre sur Ma Façon de Mixer.
2026-02-19 18:27:56,092 [DEBUG] taskcoachlib.domain.task.task: Task.__setattr__ : utilise la méthode super avec name=_Task__computed_status et value=inactive.
2026-02-19 18:27:56,092 [DEBUG] taskcoachlib.domain.task.task: Task.__setattr__ : utilise la méthode super avec name=_Task__status_text et value=Inactive.
2026-02-19 18:27:56,092 [DEBUG] taskcoachlib.domain.task.task: Task.__setattr__ : utilise la méthode super avec name=_Task__status_icon et value=led_grey_icon.
2026-02-19 18:27:56,092 [DEBUG] taskcoachlib.domain.task.task: Task.__setattr__ : utilise la méthode super avec name=_Task__status_source et value=No actual start date.
2026-02-19 18:27:56,097 [DEBUG] taskcoachlib.domain.task.task: Task.__setattr__ : utilise la méthode super avec name=_Task__status et value=inactive.
2026-02-19 18:27:56,097 [INFO] taskcoachlib.gui.viewer.container: ViewerContainer.__getattr__ retourne l'attribut <bound method EffortViewer.curselection of <taskcoachlib.gui.viewer.effort.EffortViewer object at 0x7f260a42c0e0>> avec l'ancienne méthode !
2026-02-19 18:27:56,097 [INFO] taskcoachlib.gui.viewer.container: ViewerContainer.__getattr__ retourne l'attribut <bound method EffortViewer.curselection of <taskcoachlib.gui.viewer.effort.EffortViewer object at 0x7f260a42c0e0>> avec l'ancienne méthode !
2026-02-19 18:27:56,098 [INFO] taskcoachlib.gui.viewer.container: ViewerContainer.__getattr__ retourne l'attribut <bound method EffortViewer.curselection of <taskcoachlib.gui.viewer.effort.EffortViewer object at 0x7f260a42c0e0>> avec l'ancienne méthode !
2026-02-19 18:27:56,098 [DEBUG] taskcoachlib.domain.base.object: CompositeObject.subject : retourne le sujet de Task id=27ccbecc-6084-11e5-9f59-f07bcb8b1707 : Travailler sur mon Livre sur Ma Façon de Mixer.
2026-02-19 18:27:56,099 [DEBUG] taskcoachlib.domain.base.object: CompositeObject.subject : retourne le sujet de Task id=27ccbecc-6084-11e5-9f59-f07bcb8b1707 : Travailler sur mon Livre sur Ma Façon de Mixer.
2026-02-19 18:27:56,099 [DEBUG] taskcoachlib.domain.base.object: CompositeObject.subject : retourne le sujet de Task id=27ccbecc-6084-11e5-9f59-f07bcb8b1707 : Travailler sur mon Livre sur Ma Façon de Mixer.
2026-02-19 18:27:56,100 [DEBUG] taskcoachlib.domain.base.object: CompositeObject.subject : retourne le sujet de Task id=27ccbecc-6084-11e5-9f59-f07bcb8b1707 : Travailler sur mon Livre sur Ma Façon de Mixer.
2026-02-19 18:27:56,100 [DEBUG] taskcoachlib.domain.base.object: CompositeObject.subject : retourne le sujet de Task id=27ccbecc-6084-11e5-9f59-f07bcb8b1707 : Travailler sur mon Livre sur Ma Façon de Mixer.
2026-02-19 18:27:57,092 [DEBUG] taskcoachlib.domain.task.task: Task.__setattr__ : utilise la méthode super avec name=_Task__computed_status et value=inactive.
2026-02-19 18:27:57,092 [DEBUG] taskcoachlib.domain.task.task: Task.__setattr__ : utilise la méthode super avec name=_Task__status_text et value=Inactive.
2026-02-19 18:27:57,092 [DEBUG] taskcoachlib.domain.task.task: Task.__setattr__ : utilise la méthode super avec name=_Task__status_icon et value=led_grey_icon.
2026-02-19 18:27:57,092 [DEBUG] taskcoachlib.domain.task.task: Task.__setattr__ : utilise la méthode super avec name=_Task__status_source et value=No actual start date.
2026-02-19 18:27:57,096 [DEBUG] taskcoachlib.domain.task.task: Task.__setattr__ : utilise la méthode super avec name=_Task__status et value=inactive.
2026-02-19 18:27:57,097 [INFO] taskcoachlib.gui.viewer.container: ViewerContainer.__getattr__ retourne l'attribut <bound method EffortViewer.curselection of <taskcoachlib.gui.viewer.effort.EffortViewer object at 0x7f260a42c0e0>> avec l'ancienne méthode !
2026-02-19 18:27:57,097 [INFO] taskcoachlib.gui.viewer.container: ViewerContainer.__getattr__ retourne l'attribut <bound method EffortViewer.curselection of <taskcoachlib.gui.viewer.effort.EffortViewer object at 0x7f260a42c0e0>> avec l'ancienne méthode !
2026-02-19 18:27:57,097 [INFO] taskcoachlib.gui.viewer.container: ViewerContainer.__getattr__ retourne l'attribut <bound method EffortViewer.curselection of <taskcoachlib.gui.viewer.effort.EffortViewer object at 0x7f260a42c0e0>> avec l'ancienne méthode !
2026-02-19 18:27:57,098 [DEBUG] taskcoachlib.domain.base.object: CompositeObject.subject : retourne le sujet de Task id=27ccbecc-6084-11e5-9f59-f07bcb8b1707 : Travailler sur mon Livre sur Ma Façon de Mixer.
2026-02-19 18:27:57,099 [DEBUG] taskcoachlib.domain.base.object: CompositeObject.subject : retourne le sujet de Task id=27ccbecc-6084-11e5-9f59-f07bcb8b1707 : Travailler sur mon Livre sur Ma Façon de Mixer.
2026-02-19 18:27:57,100 [DEBUG] taskcoachlib.domain.base.object: CompositeObject.subject : retourne le sujet de Task id=27ccbecc-6084-11e5-9f59-f07bcb8b1707 : Travailler sur mon Livre sur Ma Façon de Mixer.
2026-02-19 18:27:57,101 [DEBUG] taskcoachlib.domain.base.object: CompositeObject.subject : retourne le sujet de Task id=27ccbecc-6084-11e5-9f59-f07bcb8b1707 : Travailler sur mon Livre sur Ma Façon de Mixer.
2026-02-19 18:27:57,102 [DEBUG] taskcoachlib.domain.base.object: CompositeObject.subject : retourne le sujet de Task id=27ccbecc-6084-11e5-9f59-f07bcb8b1707 : Travailler sur mon Livre sur Ma Façon de Mixer.
2026-02-19 18:27:58,092 [DEBUG] taskcoachlib.domain.task.task: Task.__setattr__ : utilise la méthode super avec name=_Task__computed_status et value=inactive.
2026-02-19 18:27:58,093 [DEBUG] taskcoachlib.domain.task.task: Task.__setattr__ : utilise la méthode super avec name=_Task__status_text et value=Inactive.
2026-02-19 18:27:58,093 [DEBUG] taskcoachlib.domain.task.task: Task.__setattr__ : utilise la méthode super avec name=_Task__status_icon et value=led_grey_icon.
2026-02-19 18:27:58,093 [DEBUG] taskcoachlib.domain.task.task: Task.__setattr__ : utilise la méthode super avec name=_Task__status_source et value=No actual start date.
2026-02-19 18:27:58,097 [DEBUG] taskcoachlib.domain.task.task: Task.__setattr__ : utilise la méthode super avec name=_Task__status et value=inactive.
2026-02-19 18:27:58,097 [INFO] taskcoachlib.gui.viewer.container: ViewerContainer.__getattr__ retourne l'attribut <bound method EffortViewer.curselection of <taskcoachlib.gui.viewer.effort.EffortViewer object at 0x7f260a42c0e0>> avec l'ancienne méthode !
2026-02-19 18:27:58,098 [INFO] taskcoachlib.gui.viewer.container: ViewerContainer.__getattr__ retourne l'attribut <bound method EffortViewer.curselection of <taskcoachlib.gui.viewer.effort.EffortViewer object at 0x7f260a42c0e0>> avec l'ancienne méthode !
2026-02-19 18:27:58,098 [INFO] taskcoachlib.gui.viewer.container: ViewerContainer.__getattr__ retourne l'attribut <bound method EffortViewer.curselection of <taskcoachlib.gui.viewer.effort.EffortViewer object at 0x7f260a42c0e0>> avec l'ancienne méthode !
2026-02-19 18:27:58,098 [DEBUG] taskcoachlib.domain.base.object: CompositeObject.subject : retourne le sujet de Task id=27ccbecc-6084-11e5-9f59-f07bcb8b1707 : Travailler sur mon Livre sur Ma Façon de Mixer.
2026-02-19 18:27:58,099 [DEBUG] taskcoachlib.domain.base.object: CompositeObject.subject : retourne le sujet de Task id=27ccbecc-6084-11e5-9f59-f07bcb8b1707 : Travailler sur mon Livre sur Ma Façon de Mixer.
2026-02-19 18:27:58,101 [DEBUG] taskcoachlib.domain.base.object: CompositeObject.subject : retourne le sujet de Task id=27ccbecc-6084-11e5-9f59-f07bcb8b1707 : Travailler sur mon Livre sur Ma Façon de Mixer.
2026-02-19 18:27:58,102 [DEBUG] taskcoachlib.domain.base.object: CompositeObject.subject : retourne le sujet de Task id=27ccbecc-6084-11e5-9f59-f07bcb8b1707 : Travailler sur mon Livre sur Ma Façon de Mixer.
2026-02-19 18:27:58,103 [DEBUG] taskcoachlib.domain.base.object: CompositeObject.subject : retourne le sujet de Task id=27ccbecc-6084-11e5-9f59-f07bcb8b1707 : Travailler sur mon Livre sur Ma Façon de Mixer.
2026-02-19 18:27:59,093 [DEBUG] taskcoachlib.domain.task.task: Task.__setattr__ : utilise la méthode super avec name=_Task__computed_status et value=inactive.
2026-02-19 18:27:59,093 [DEBUG] taskcoachlib.domain.task.task: Task.__setattr__ : utilise la méthode super avec name=_Task__status_text et value=Inactive.
2026-02-19 18:27:59,093 [DEBUG] taskcoachlib.domain.task.task: Task.__setattr__ : utilise la méthode super avec name=_Task__status_icon et value=led_grey_icon.
2026-02-19 18:27:59,093 [DEBUG] taskcoachlib.domain.task.task: Task.__setattr__ : utilise la méthode super avec name=_Task__status_source et value=No actual start date.
2026-02-19 18:27:59,097 [DEBUG] taskcoachlib.domain.task.task: Task.__setattr__ : utilise la méthode super avec name=_Task__status et value=inactive.
2026-02-19 18:27:59,098 [INFO] taskcoachlib.gui.viewer.container: ViewerContainer.__getattr__ retourne l'attribut <bound method EffortViewer.curselection of <taskcoachlib.gui.viewer.effort.EffortViewer object at 0x7f260a42c0e0>> avec l'ancienne méthode !
2026-02-19 18:27:59,098 [INFO] taskcoachlib.gui.viewer.container: ViewerContainer.__getattr__ retourne l'attribut <bound method EffortViewer.curselection of <taskcoachlib.gui.viewer.effort.EffortViewer object at 0x7f260a42c0e0>> avec l'ancienne méthode !
2026-02-19 18:27:59,098 [INFO] taskcoachlib.gui.viewer.container: ViewerContainer.__getattr__ retourne l'attribut <bound method EffortViewer.curselection of <taskcoachlib.gui.viewer.effort.EffortViewer object at 0x7f260a42c0e0>> avec l'ancienne méthode !
2026-02-19 18:27:59,099 [DEBUG] taskcoachlib.domain.base.object: CompositeObject.subject : retourne le sujet de Task id=27ccbecc-6084-11e5-9f59-f07bcb8b1707 : Travailler sur mon Livre sur Ma Façon de Mixer.
2026-02-19 18:27:59,100 [DEBUG] taskcoachlib.domain.base.object: CompositeObject.subject : retourne le sujet de Task id=27ccbecc-6084-11e5-9f59-f07bcb8b1707 : Travailler sur mon Livre sur Ma Façon de Mixer.
2026-02-19 18:27:59,101 [DEBUG] taskcoachlib.domain.base.object: CompositeObject.subject : retourne le sujet de Task id=27ccbecc-6084-11e5-9f59-f07bcb8b1707 : Travailler sur mon Livre sur Ma Façon de Mixer.
2026-02-19 18:27:59,102 [DEBUG] taskcoachlib.domain.base.object: CompositeObject.subject : retourne le sujet de Task id=27ccbecc-6084-11e5-9f59-f07bcb8b1707 : Travailler sur mon Livre sur Ma Façon de Mixer.
2026-02-19 18:27:59,104 [DEBUG] taskcoachlib.domain.base.object: CompositeObject.subject : retourne le sujet de Task id=27ccbecc-6084-11e5-9f59-f07bcb8b1707 : Travailler sur mon Livre sur Ma Façon de Mixer.
2026-02-19 18:28:00,093 [DEBUG] taskcoachlib.domain.task.task: Task.__setattr__ : utilise la méthode super avec name=_Task__computed_status et value=inactive.
2026-02-19 18:28:00,093 [DEBUG] taskcoachlib.domain.task.task: Task.__setattr__ : utilise la méthode super avec name=_Task__status_text et value=Inactive.
2026-02-19 18:28:00,093 [DEBUG] taskcoachlib.domain.task.task: Task.__setattr__ : utilise la méthode super avec name=_Task__status_icon et value=led_grey_icon.
2026-02-19 18:28:00,093 [DEBUG] taskcoachlib.domain.task.task: Task.__setattr__ : utilise la méthode super avec name=_Task__status_source et value=No actual start date.
2026-02-19 18:28:00,098 [DEBUG] taskcoachlib.domain.task.task: Task.__setattr__ : utilise la méthode super avec name=_Task__status et value=inactive.
2026-02-19 18:28:00,098 [INFO] taskcoachlib.gui.viewer.container: ViewerContainer.__getattr__ retourne l'attribut <bound method EffortViewer.curselection of <taskcoachlib.gui.viewer.effort.EffortViewer object at 0x7f260a42c0e0>> avec l'ancienne méthode !
2026-02-19 18:28:00,098 [INFO] taskcoachlib.gui.viewer.container: ViewerContainer.__getattr__ retourne l'attribut <bound method EffortViewer.curselection of <taskcoachlib.gui.viewer.effort.EffortViewer object at 0x7f260a42c0e0>> avec l'ancienne méthode !
2026-02-19 18:28:00,099 [INFO] taskcoachlib.gui.viewer.container: ViewerContainer.__getattr__ retourne l'attribut <bound method EffortViewer.curselection of <taskcoachlib.gui.viewer.effort.EffortViewer object at 0x7f260a42c0e0>> avec l'ancienne méthode !
2026-02-19 18:28:00,099 [DEBUG] taskcoachlib.domain.base.object: CompositeObject.subject : retourne le sujet de Task id=27ccbecc-6084-11e5-9f59-f07bcb8b1707 : Travailler sur mon Livre sur Ma Façon de Mixer.
2026-02-19 18:28:00,100 [DEBUG] taskcoachlib.domain.base.object: CompositeObject.subject : retourne le sujet de Task id=27ccbecc-6084-11e5-9f59-f07bcb8b1707 : Travailler sur mon Livre sur Ma Façon de Mixer.
2026-02-19 18:28:00,101 [DEBUG] taskcoachlib.domain.base.object: CompositeObject.subject : retourne le sujet de Task id=27ccbecc-6084-11e5-9f59-f07bcb8b1707 : Travailler sur mon Livre sur Ma Façon de Mixer.
2026-02-19 18:28:00,103 [DEBUG] taskcoachlib.domain.base.object: CompositeObject.subject : retourne le sujet de Task id=27ccbecc-6084-11e5-9f59-f07bcb8b1707 : Travailler sur mon Livre sur Ma Façon de Mixer.
2026-02-19 18:28:00,104 [DEBUG] taskcoachlib.domain.base.object: CompositeObject.subject : retourne le sujet de Task id=27ccbecc-6084-11e5-9f59-f07bcb8b1707 : Travailler sur mon Livre sur Ma Façon de Mixer.
2026-02-19 18:28:01,093 [DEBUG] taskcoachlib.domain.task.task: Task.__setattr__ : utilise la méthode super avec name=_Task__computed_status et value=inactive.
2026-02-19 18:28:01,093 [DEBUG] taskcoachlib.domain.task.task: Task.__setattr__ : utilise la méthode super avec name=_Task__status_text et value=Inactive.
2026-02-19 18:28:01,093 [DEBUG] taskcoachlib.domain.task.task: Task.__setattr__ : utilise la méthode super avec name=_Task__status_icon et value=led_grey_icon.
2026-02-19 18:28:01,094 [DEBUG] taskcoachlib.domain.task.task: Task.__setattr__ : utilise la méthode super avec name=_Task__status_source et value=No actual start date.
2026-02-19 18:28:01,098 [DEBUG] taskcoachlib.domain.task.task: Task.__setattr__ : utilise la méthode super avec name=_Task__status et value=inactive.
2026-02-19 18:28:01,098 [INFO] taskcoachlib.gui.viewer.container: ViewerContainer.__getattr__ retourne l'attribut <bound method EffortViewer.curselection of <taskcoachlib.gui.viewer.effort.EffortViewer object at 0x7f260a42c0e0>> avec l'ancienne méthode !
2026-02-19 18:28:01,099 [INFO] taskcoachlib.gui.viewer.container: ViewerContainer.__getattr__ retourne l'attribut <bound method EffortViewer.curselection of <taskcoachlib.gui.viewer.effort.EffortViewer object at 0x7f260a42c0e0>> avec l'ancienne méthode !
2026-02-19 18:28:01,099 [INFO] taskcoachlib.gui.viewer.container: ViewerContainer.__getattr__ retourne l'attribut <bound method EffortViewer.curselection of <taskcoachlib.gui.viewer.effort.EffortViewer object at 0x7f260a42c0e0>> avec l'ancienne méthode !
2026-02-19 18:28:01,099 [DEBUG] taskcoachlib.domain.base.object: CompositeObject.subject : retourne le sujet de Task id=27ccbecc-6084-11e5-9f59-f07bcb8b1707 : Travailler sur mon Livre sur Ma Façon de Mixer.
2026-02-19 18:28:01,100 [DEBUG] taskcoachlib.domain.base.object: CompositeObject.subject : retourne le sujet de Task id=27ccbecc-6084-11e5-9f59-f07bcb8b1707 : Travailler sur mon Livre sur Ma Façon de Mixer.
2026-02-19 18:28:01,102 [DEBUG] taskcoachlib.domain.base.object: CompositeObject.subject : retourne le sujet de Task id=27ccbecc-6084-11e5-9f59-f07bcb8b1707 : Travailler sur mon Livre sur Ma Façon de Mixer.
2026-02-19 18:28:01,103 [DEBUG] taskcoachlib.domain.base.object: CompositeObject.subject : retourne le sujet de Task id=27ccbecc-6084-11e5-9f59-f07bcb8b1707 : Travailler sur mon Livre sur Ma Façon de Mixer.
2026-02-19 18:28:01,104 [DEBUG] taskcoachlib.domain.base.object: CompositeObject.subject : retourne le sujet de Task id=27ccbecc-6084-11e5-9f59-f07bcb8b1707 : Travailler sur mon Livre sur Ma Façon de Mixer.
2026-02-19 18:28:02,094 [DEBUG] taskcoachlib.domain.task.task: Task.__setattr__ : utilise la méthode super avec name=_Task__computed_status et value=inactive.
2026-02-19 18:28:02,094 [DEBUG] taskcoachlib.domain.task.task: Task.__setattr__ : utilise la méthode super avec name=_Task__status_text et value=Inactive.
2026-02-19 18:28:02,094 [DEBUG] taskcoachlib.domain.task.task: Task.__setattr__ : utilise la méthode super avec name=_Task__status_icon et value=led_grey_icon.
2026-02-19 18:28:02,094 [DEBUG] taskcoachlib.domain.task.task: Task.__setattr__ : utilise la méthode super avec name=_Task__status_source et value=No actual start date.
2026-02-19 18:28:02,099 [DEBUG] taskcoachlib.domain.task.task: Task.__setattr__ : utilise la méthode super avec name=_Task__status et value=inactive.
2026-02-19 18:28:02,099 [INFO] taskcoachlib.gui.viewer.container: ViewerContainer.__getattr__ retourne l'attribut <bound method EffortViewer.curselection of <taskcoachlib.gui.viewer.effort.EffortViewer object at 0x7f260a42c0e0>> avec l'ancienne méthode !
2026-02-19 18:28:02,099 [INFO] taskcoachlib.gui.viewer.container: ViewerContainer.__getattr__ retourne l'attribut <bound method EffortViewer.curselection of <taskcoachlib.gui.viewer.effort.EffortViewer object at 0x7f260a42c0e0>> avec l'ancienne méthode !
2026-02-19 18:28:02,100 [INFO] taskcoachlib.gui.viewer.container: ViewerContainer.__getattr__ retourne l'attribut <bound method EffortViewer.curselection of <taskcoachlib.gui.viewer.effort.EffortViewer object at 0x7f260a42c0e0>> avec l'ancienne méthode !
2026-02-19 18:28:02,101 [DEBUG] taskcoachlib.domain.base.object: CompositeObject.subject : retourne le sujet de Task id=27ccbecc-6084-11e5-9f59-f07bcb8b1707 : Travailler sur mon Livre sur Ma Façon de Mixer.
2026-02-19 18:28:02,102 [DEBUG] taskcoachlib.domain.base.object: CompositeObject.subject : retourne le sujet de Task id=27ccbecc-6084-11e5-9f59-f07bcb8b1707 : Travailler sur mon Livre sur Ma Façon de Mixer.
2026-02-19 18:28:02,103 [DEBUG] taskcoachlib.domain.base.object: CompositeObject.subject : retourne le sujet de Task id=27ccbecc-6084-11e5-9f59-f07bcb8b1707 : Travailler sur mon Livre sur Ma Façon de Mixer.
2026-02-19 18:28:02,105 [DEBUG] taskcoachlib.domain.base.object: CompositeObject.subject : retourne le sujet de Task id=27ccbecc-6084-11e5-9f59-f07bcb8b1707 : Travailler sur mon Livre sur Ma Façon de Mixer.
2026-02-19 18:28:02,106 [DEBUG] taskcoachlib.domain.base.object: CompositeObject.subject : retourne le sujet de Task id=27ccbecc-6084-11e5-9f59-f07bcb8b1707 : Travailler sur mon Livre sur Ma Façon de Mixer.
2026-02-19 18:28:03,094 [DEBUG] taskcoachlib.domain.task.task: Task.__setattr__ : utilise la méthode super avec name=_Task__computed_status et value=inactive.
2026-02-19 18:28:03,094 [DEBUG] taskcoachlib.domain.task.task: Task.__setattr__ : utilise la méthode super avec name=_Task__status_text et value=Inactive.
2026-02-19 18:28:03,095 [DEBUG] taskcoachlib.domain.task.task: Task.__setattr__ : utilise la méthode super avec name=_Task__status_icon et value=led_grey_icon.
2026-02-19 18:28:03,095 [DEBUG] taskcoachlib.domain.task.task: Task.__setattr__ : utilise la méthode super avec name=_Task__status_source et value=No actual start date.
2026-02-19 18:28:03,100 [DEBUG] taskcoachlib.domain.task.task: Task.__setattr__ : utilise la méthode super avec name=_Task__status et value=inactive.
2026-02-19 18:28:03,100 [INFO] taskcoachlib.gui.viewer.container: ViewerContainer.__getattr__ retourne l'attribut <bound method EffortViewer.curselection of <taskcoachlib.gui.viewer.effort.EffortViewer object at 0x7f260a42c0e0>> avec l'ancienne méthode !
2026-02-19 18:28:03,100 [INFO] taskcoachlib.gui.viewer.container: ViewerContainer.__getattr__ retourne l'attribut <bound method EffortViewer.curselection of <taskcoachlib.gui.viewer.effort.EffortViewer object at 0x7f260a42c0e0>> avec l'ancienne méthode !
2026-02-19 18:28:03,101 [INFO] taskcoachlib.gui.viewer.container: ViewerContainer.__getattr__ retourne l'attribut <bound method EffortViewer.curselection of <taskcoachlib.gui.viewer.effort.EffortViewer object at 0x7f260a42c0e0>> avec l'ancienne méthode !
2026-02-19 18:28:03,101 [DEBUG] taskcoachlib.domain.base.object: CompositeObject.subject : retourne le sujet de Task id=27ccbecc-6084-11e5-9f59-f07bcb8b1707 : Travailler sur mon Livre sur Ma Façon de Mixer.
2026-02-19 18:28:03,102 [DEBUG] taskcoachlib.domain.base.object: CompositeObject.subject : retourne le sujet de Task id=27ccbecc-6084-11e5-9f59-f07bcb8b1707 : Travailler sur mon Livre sur Ma Façon de Mixer.
2026-02-19 18:28:03,103 [DEBUG] taskcoachlib.domain.base.object: CompositeObject.subject : retourne le sujet de Task id=27ccbecc-6084-11e5-9f59-f07bcb8b1707 : Travailler sur mon Livre sur Ma Façon de Mixer.
2026-02-19 18:28:03,105 [DEBUG] taskcoachlib.domain.base.object: CompositeObject.subject : retourne le sujet de Task id=27ccbecc-6084-11e5-9f59-f07bcb8b1707 : Travailler sur mon Livre sur Ma Façon de Mixer.
2026-02-19 18:28:03,106 [DEBUG] taskcoachlib.domain.base.object: CompositeObject.subject : retourne le sujet de Task id=27ccbecc-6084-11e5-9f59-f07bcb8b1707 : Travailler sur mon Livre sur Ma Façon de Mixer.
2026-02-19 18:28:04,094 [DEBUG] taskcoachlib.domain.task.task: Task.__setattr__ : utilise la méthode super avec name=_Task__computed_status et value=inactive.
2026-02-19 18:28:04,095 [DEBUG] taskcoachlib.domain.task.task: Task.__setattr__ : utilise la méthode super avec name=_Task__status_text et value=Inactive.
2026-02-19 18:28:04,095 [DEBUG] taskcoachlib.domain.task.task: Task.__setattr__ : utilise la méthode super avec name=_Task__status_icon et value=led_grey_icon.
2026-02-19 18:28:04,095 [DEBUG] taskcoachlib.domain.task.task: Task.__setattr__ : utilise la méthode super avec name=_Task__status_source et value=No actual start date.
2026-02-19 18:28:04,099 [DEBUG] taskcoachlib.domain.task.task: Task.__setattr__ : utilise la méthode super avec name=_Task__status et value=inactive.
2026-02-19 18:28:04,099 [INFO] taskcoachlib.gui.viewer.container: ViewerContainer.__getattr__ retourne l'attribut <bound method EffortViewer.curselection of <taskcoachlib.gui.viewer.effort.EffortViewer object at 0x7f260a42c0e0>> avec l'ancienne méthode !
2026-02-19 18:28:04,100 [INFO] taskcoachlib.gui.viewer.container: ViewerContainer.__getattr__ retourne l'attribut <bound method EffortViewer.curselection of <taskcoachlib.gui.viewer.effort.EffortViewer object at 0x7f260a42c0e0>> avec l'ancienne méthode !
2026-02-19 18:28:04,100 [INFO] taskcoachlib.gui.viewer.container: ViewerContainer.__getattr__ retourne l'attribut <bound method EffortViewer.curselection of <taskcoachlib.gui.viewer.effort.EffortViewer object at 0x7f260a42c0e0>> avec l'ancienne méthode !
2026-02-19 18:28:04,100 [DEBUG] taskcoachlib.domain.base.object: CompositeObject.subject : retourne le sujet de Task id=27ccbecc-6084-11e5-9f59-f07bcb8b1707 : Travailler sur mon Livre sur Ma Façon de Mixer.
2026-02-19 18:28:04,101 [DEBUG] taskcoachlib.domain.base.object: CompositeObject.subject : retourne le sujet de Task id=27ccbecc-6084-11e5-9f59-f07bcb8b1707 : Travailler sur mon Livre sur Ma Façon de Mixer.
2026-02-19 18:28:04,103 [DEBUG] taskcoachlib.domain.base.object: CompositeObject.subject : retourne le sujet de Task id=27ccbecc-6084-11e5-9f59-f07bcb8b1707 : Travailler sur mon Livre sur Ma Façon de Mixer.
2026-02-19 18:28:04,104 [DEBUG] taskcoachlib.domain.base.object: CompositeObject.subject : retourne le sujet de Task id=27ccbecc-6084-11e5-9f59-f07bcb8b1707 : Travailler sur mon Livre sur Ma Façon de Mixer.
2026-02-19 18:28:04,105 [DEBUG] taskcoachlib.domain.base.object: CompositeObject.subject : retourne le sujet de Task id=27ccbecc-6084-11e5-9f59-f07bcb8b1707 : Travailler sur mon Livre sur Ma Façon de Mixer.
2026-02-19 18:28:05,094 [DEBUG] taskcoachlib.domain.task.task: Task.__setattr__ : utilise la méthode super avec name=_Task__computed_status et value=inactive.
2026-02-19 18:28:05,095 [DEBUG] taskcoachlib.domain.task.task: Task.__setattr__ : utilise la méthode super avec name=_Task__status_text et value=Inactive.
2026-02-19 18:28:05,095 [DEBUG] taskcoachlib.domain.task.task: Task.__setattr__ : utilise la méthode super avec name=_Task__status_icon et value=led_grey_icon.
2026-02-19 18:28:05,095 [DEBUG] taskcoachlib.domain.task.task: Task.__setattr__ : utilise la méthode super avec name=_Task__status_source et value=No actual start date.
2026-02-19 18:28:05,100 [DEBUG] taskcoachlib.domain.task.task: Task.__setattr__ : utilise la méthode super avec name=_Task__status et value=inactive.
2026-02-19 18:28:05,100 [INFO] taskcoachlib.gui.viewer.container: ViewerContainer.__getattr__ retourne l'attribut <bound method EffortViewer.curselection of <taskcoachlib.gui.viewer.effort.EffortViewer object at 0x7f260a42c0e0>> avec l'ancienne méthode !
2026-02-19 18:28:05,100 [INFO] taskcoachlib.gui.viewer.container: ViewerContainer.__getattr__ retourne l'attribut <bound method EffortViewer.curselection of <taskcoachlib.gui.viewer.effort.EffortViewer object at 0x7f260a42c0e0>> avec l'ancienne méthode !
2026-02-19 18:28:05,101 [INFO] taskcoachlib.gui.viewer.container: ViewerContainer.__getattr__ retourne l'attribut <bound method EffortViewer.curselection of <taskcoachlib.gui.viewer.effort.EffortViewer object at 0x7f260a42c0e0>> avec l'ancienne méthode !
2026-02-19 18:28:05,101 [DEBUG] taskcoachlib.domain.base.object: CompositeObject.subject : retourne le sujet de Task id=27ccbecc-6084-11e5-9f59-f07bcb8b1707 : Travailler sur mon Livre sur Ma Façon de Mixer.
2026-02-19 18:28:05,102 [DEBUG] taskcoachlib.domain.base.object: CompositeObject.subject : retourne le sujet de Task id=27ccbecc-6084-11e5-9f59-f07bcb8b1707 : Travailler sur mon Livre sur Ma Façon de Mixer.
2026-02-19 18:28:05,104 [DEBUG] taskcoachlib.domain.base.object: CompositeObject.subject : retourne le sujet de Task id=27ccbecc-6084-11e5-9f59-f07bcb8b1707 : Travailler sur mon Livre sur Ma Façon de Mixer.
2026-02-19 18:28:05,105 [DEBUG] taskcoachlib.domain.base.object: CompositeObject.subject : retourne le sujet de Task id=27ccbecc-6084-11e5-9f59-f07bcb8b1707 : Travailler sur mon Livre sur Ma Façon de Mixer.
2026-02-19 18:28:05,106 [DEBUG] taskcoachlib.domain.base.object: CompositeObject.subject : retourne le sujet de Task id=27ccbecc-6084-11e5-9f59-f07bcb8b1707 : Travailler sur mon Livre sur Ma Façon de Mixer.
2026-02-19 18:28:06,095 [DEBUG] taskcoachlib.domain.task.task: Task.__setattr__ : utilise la méthode super avec name=_Task__computed_status et value=inactive.
2026-02-19 18:28:06,095 [DEBUG] taskcoachlib.domain.task.task: Task.__setattr__ : utilise la méthode super avec name=_Task__status_text et value=Inactive.
2026-02-19 18:28:06,095 [DEBUG] taskcoachlib.domain.task.task: Task.__setattr__ : utilise la méthode super avec name=_Task__status_icon et value=led_grey_icon.
2026-02-19 18:28:06,095 [DEBUG] taskcoachlib.domain.task.task: Task.__setattr__ : utilise la méthode super avec name=_Task__status_source et value=No actual start date.
2026-02-19 18:28:06,100 [DEBUG] taskcoachlib.domain.task.task: Task.__setattr__ : utilise la méthode super avec name=_Task__status et value=inactive.
2026-02-19 18:28:06,100 [INFO] taskcoachlib.gui.viewer.container: ViewerContainer.__getattr__ retourne l'attribut <bound method EffortViewer.curselection of <taskcoachlib.gui.viewer.effort.EffortViewer object at 0x7f260a42c0e0>> avec l'ancienne méthode !
2026-02-19 18:28:06,101 [INFO] taskcoachlib.gui.viewer.container: ViewerContainer.__getattr__ retourne l'attribut <bound method EffortViewer.curselection of <taskcoachlib.gui.viewer.effort.EffortViewer object at 0x7f260a42c0e0>> avec l'ancienne méthode !
2026-02-19 18:28:06,101 [INFO] taskcoachlib.gui.viewer.container: ViewerContainer.__getattr__ retourne l'attribut <bound method EffortViewer.curselection of <taskcoachlib.gui.viewer.effort.EffortViewer object at 0x7f260a42c0e0>> avec l'ancienne méthode !
2026-02-19 18:28:06,101 [DEBUG] taskcoachlib.domain.base.object: CompositeObject.subject : retourne le sujet de Task id=27ccbecc-6084-11e5-9f59-f07bcb8b1707 : Travailler sur mon Livre sur Ma Façon de Mixer.
2026-02-19 18:28:06,102 [DEBUG] taskcoachlib.domain.base.object: CompositeObject.subject : retourne le sujet de Task id=27ccbecc-6084-11e5-9f59-f07bcb8b1707 : Travailler sur mon Livre sur Ma Façon de Mixer.
2026-02-19 18:28:06,103 [DEBUG] taskcoachlib.domain.base.object: CompositeObject.subject : retourne le sujet de Task id=27ccbecc-6084-11e5-9f59-f07bcb8b1707 : Travailler sur mon Livre sur Ma Façon de Mixer.
2026-02-19 18:28:06,105 [DEBUG] taskcoachlib.domain.base.object: CompositeObject.subject : retourne le sujet de Task id=27ccbecc-6084-11e5-9f59-f07bcb8b1707 : Travailler sur mon Livre sur Ma Façon de Mixer.
2026-02-19 18:28:06,106 [DEBUG] taskcoachlib.domain.base.object: CompositeObject.subject : retourne le sujet de Task id=27ccbecc-6084-11e5-9f59-f07bcb8b1707 : Travailler sur mon Livre sur Ma Façon de Mixer.
2026-02-19 18:28:07,095 [DEBUG] taskcoachlib.domain.task.task: Task.__setattr__ : utilise la méthode super avec name=_Task__computed_status et value=inactive.
2026-02-19 18:28:07,096 [DEBUG] taskcoachlib.domain.task.task: Task.__setattr__ : utilise la méthode super avec name=_Task__status_text et value=Inactive.
2026-02-19 18:28:07,096 [DEBUG] taskcoachlib.domain.task.task: Task.__setattr__ : utilise la méthode super avec name=_Task__status_icon et value=led_grey_icon.
2026-02-19 18:28:07,096 [DEBUG] taskcoachlib.domain.task.task: Task.__setattr__ : utilise la méthode super avec name=_Task__status_source et value=No actual start date.
2026-02-19 18:28:07,103 [DEBUG] taskcoachlib.domain.task.task: Task.__setattr__ : utilise la méthode super avec name=_Task__status et value=inactive.
2026-02-19 18:28:07,103 [INFO] taskcoachlib.gui.viewer.container: ViewerContainer.__getattr__ retourne l'attribut <bound method EffortViewer.curselection of <taskcoachlib.gui.viewer.effort.EffortViewer object at 0x7f260a42c0e0>> avec l'ancienne méthode !
2026-02-19 18:28:07,104 [INFO] taskcoachlib.gui.viewer.container: ViewerContainer.__getattr__ retourne l'attribut <bound method EffortViewer.curselection of <taskcoachlib.gui.viewer.effort.EffortViewer object at 0x7f260a42c0e0>> avec l'ancienne méthode !
2026-02-19 18:28:07,104 [INFO] taskcoachlib.gui.viewer.container: ViewerContainer.__getattr__ retourne l'attribut <bound method EffortViewer.curselection of <taskcoachlib.gui.viewer.effort.EffortViewer object at 0x7f260a42c0e0>> avec l'ancienne méthode !
2026-02-19 18:28:07,105 [DEBUG] taskcoachlib.domain.base.object: CompositeObject.subject : retourne le sujet de Task id=27ccbecc-6084-11e5-9f59-f07bcb8b1707 : Travailler sur mon Livre sur Ma Façon de Mixer.
2026-02-19 18:28:07,107 [DEBUG] taskcoachlib.domain.base.object: CompositeObject.subject : retourne le sujet de Task id=27ccbecc-6084-11e5-9f59-f07bcb8b1707 : Travailler sur mon Livre sur Ma Façon de Mixer.
2026-02-19 18:28:07,108 [DEBUG] taskcoachlib.domain.base.object: CompositeObject.subject : retourne le sujet de Task id=27ccbecc-6084-11e5-9f59-f07bcb8b1707 : Travailler sur mon Livre sur Ma Façon de Mixer.
2026-02-19 18:28:07,110 [DEBUG] taskcoachlib.domain.base.object: CompositeObject.subject : retourne le sujet de Task id=27ccbecc-6084-11e5-9f59-f07bcb8b1707 : Travailler sur mon Livre sur Ma Façon de Mixer.
2026-02-19 18:28:07,113 [DEBUG] taskcoachlib.domain.base.object: CompositeObject.subject : retourne le sujet de Task id=27ccbecc-6084-11e5-9f59-f07bcb8b1707 : Travailler sur mon Livre sur Ma Façon de Mixer.
2026-02-19 18:28:08,095 [DEBUG] taskcoachlib.domain.task.task: Task.__setattr__ : utilise la méthode super avec name=_Task__computed_status et value=inactive.
2026-02-19 18:28:08,095 [DEBUG] taskcoachlib.domain.task.task: Task.__setattr__ : utilise la méthode super avec name=_Task__status_text et value=Inactive.
2026-02-19 18:28:08,096 [DEBUG] taskcoachlib.domain.task.task: Task.__setattr__ : utilise la méthode super avec name=_Task__status_icon et value=led_grey_icon.
2026-02-19 18:28:08,096 [DEBUG] taskcoachlib.domain.task.task: Task.__setattr__ : utilise la méthode super avec name=_Task__status_source et value=No actual start date.
2026-02-19 18:28:08,100 [DEBUG] taskcoachlib.domain.task.task: Task.__setattr__ : utilise la méthode super avec name=_Task__status et value=inactive.
2026-02-19 18:28:08,101 [INFO] taskcoachlib.gui.viewer.container: ViewerContainer.__getattr__ retourne l'attribut <bound method EffortViewer.curselection of <taskcoachlib.gui.viewer.effort.EffortViewer object at 0x7f260a42c0e0>> avec l'ancienne méthode !
2026-02-19 18:28:08,101 [INFO] taskcoachlib.gui.viewer.container: ViewerContainer.__getattr__ retourne l'attribut <bound method EffortViewer.curselection of <taskcoachlib.gui.viewer.effort.EffortViewer object at 0x7f260a42c0e0>> avec l'ancienne méthode !
2026-02-19 18:28:08,101 [INFO] taskcoachlib.gui.viewer.container: ViewerContainer.__getattr__ retourne l'attribut <bound method EffortViewer.curselection of <taskcoachlib.gui.viewer.effort.EffortViewer object at 0x7f260a42c0e0>> avec l'ancienne méthode !
2026-02-19 18:28:08,103 [DEBUG] taskcoachlib.domain.base.object: CompositeObject.subject : retourne le sujet de Task id=27ccbecc-6084-11e5-9f59-f07bcb8b1707 : Travailler sur mon Livre sur Ma Façon de Mixer.
2026-02-19 18:28:08,104 [DEBUG] taskcoachlib.domain.base.object: CompositeObject.subject : retourne le sujet de Task id=27ccbecc-6084-11e5-9f59-f07bcb8b1707 : Travailler sur mon Livre sur Ma Façon de Mixer.
2026-02-19 18:28:08,106 [DEBUG] taskcoachlib.domain.base.object: CompositeObject.subject : retourne le sujet de Task id=27ccbecc-6084-11e5-9f59-f07bcb8b1707 : Travailler sur mon Livre sur Ma Façon de Mixer.
2026-02-19 18:28:08,107 [DEBUG] taskcoachlib.domain.base.object: CompositeObject.subject : retourne le sujet de Task id=27ccbecc-6084-11e5-9f59-f07bcb8b1707 : Travailler sur mon Livre sur Ma Façon de Mixer.
2026-02-19 18:28:08,109 [DEBUG] taskcoachlib.domain.base.object: CompositeObject.subject : retourne le sujet de Task id=27ccbecc-6084-11e5-9f59-f07bcb8b1707 : Travailler sur mon Livre sur Ma Façon de Mixer.
2026-02-19 18:28:09,096 [DEBUG] taskcoachlib.domain.task.task: Task.__setattr__ : utilise la méthode super avec name=_Task__computed_status et value=inactive.
2026-02-19 18:28:09,096 [DEBUG] taskcoachlib.domain.task.task: Task.__setattr__ : utilise la méthode super avec name=_Task__status_text et value=Inactive.
2026-02-19 18:28:09,096 [DEBUG] taskcoachlib.domain.task.task: Task.__setattr__ : utilise la méthode super avec name=_Task__status_icon et value=led_grey_icon.
2026-02-19 18:28:09,096 [DEBUG] taskcoachlib.domain.task.task: Task.__setattr__ : utilise la méthode super avec name=_Task__status_source et value=No actual start date.
2026-02-19 18:28:09,101 [DEBUG] taskcoachlib.domain.task.task: Task.__setattr__ : utilise la méthode super avec name=_Task__status et value=inactive.
2026-02-19 18:28:09,101 [INFO] taskcoachlib.gui.viewer.container: ViewerContainer.__getattr__ retourne l'attribut <bound method EffortViewer.curselection of <taskcoachlib.gui.viewer.effort.EffortViewer object at 0x7f260a42c0e0>> avec l'ancienne méthode !
2026-02-19 18:28:09,102 [INFO] taskcoachlib.gui.viewer.container: ViewerContainer.__getattr__ retourne l'attribut <bound method EffortViewer.curselection of <taskcoachlib.gui.viewer.effort.EffortViewer object at 0x7f260a42c0e0>> avec l'ancienne méthode !
2026-02-19 18:28:09,102 [INFO] taskcoachlib.gui.viewer.container: ViewerContainer.__getattr__ retourne l'attribut <bound method EffortViewer.curselection of <taskcoachlib.gui.viewer.effort.EffortViewer object at 0x7f260a42c0e0>> avec l'ancienne méthode !
2026-02-19 18:28:09,102 [DEBUG] taskcoachlib.domain.base.object: CompositeObject.subject : retourne le sujet de Task id=27ccbecc-6084-11e5-9f59-f07bcb8b1707 : Travailler sur mon Livre sur Ma Façon de Mixer.
2026-02-19 18:28:09,103 [DEBUG] taskcoachlib.domain.base.object: CompositeObject.subject : retourne le sujet de Task id=27ccbecc-6084-11e5-9f59-f07bcb8b1707 : Travailler sur mon Livre sur Ma Façon de Mixer.
2026-02-19 18:28:09,105 [DEBUG] taskcoachlib.domain.base.object: CompositeObject.subject : retourne le sujet de Task id=27ccbecc-6084-11e5-9f59-f07bcb8b1707 : Travailler sur mon Livre sur Ma Façon de Mixer.
2026-02-19 18:28:09,106 [DEBUG] taskcoachlib.domain.base.object: CompositeObject.subject : retourne le sujet de Task id=27ccbecc-6084-11e5-9f59-f07bcb8b1707 : Travailler sur mon Livre sur Ma Façon de Mixer.
2026-02-19 18:28:09,107 [DEBUG] taskcoachlib.domain.base.object: CompositeObject.subject : retourne le sujet de Task id=27ccbecc-6084-11e5-9f59-f07bcb8b1707 : Travailler sur mon Livre sur Ma Façon de Mixer.
2026-02-19 18:28:10,096 [DEBUG] taskcoachlib.domain.task.task: Task.__setattr__ : utilise la méthode super avec name=_Task__computed_status et value=inactive.
2026-02-19 18:28:10,096 [DEBUG] taskcoachlib.domain.task.task: Task.__setattr__ : utilise la méthode super avec name=_Task__status_text et value=Inactive.
2026-02-19 18:28:10,097 [DEBUG] taskcoachlib.domain.task.task: Task.__setattr__ : utilise la méthode super avec name=_Task__status_icon et value=led_grey_icon.
2026-02-19 18:28:10,097 [DEBUG] taskcoachlib.domain.task.task: Task.__setattr__ : utilise la méthode super avec name=_Task__status_source et value=No actual start date.
2026-02-19 18:28:10,101 [DEBUG] taskcoachlib.domain.task.task: Task.__setattr__ : utilise la méthode super avec name=_Task__status et value=inactive.
2026-02-19 18:28:10,101 [INFO] taskcoachlib.gui.viewer.container: ViewerContainer.__getattr__ retourne l'attribut <bound method EffortViewer.curselection of <taskcoachlib.gui.viewer.effort.EffortViewer object at 0x7f260a42c0e0>> avec l'ancienne méthode !
2026-02-19 18:28:10,102 [INFO] taskcoachlib.gui.viewer.container: ViewerContainer.__getattr__ retourne l'attribut <bound method EffortViewer.curselection of <taskcoachlib.gui.viewer.effort.EffortViewer object at 0x7f260a42c0e0>> avec l'ancienne méthode !
2026-02-19 18:28:10,102 [INFO] taskcoachlib.gui.viewer.container: ViewerContainer.__getattr__ retourne l'attribut <bound method EffortViewer.curselection of <taskcoachlib.gui.viewer.effort.EffortViewer object at 0x7f260a42c0e0>> avec l'ancienne méthode !
2026-02-19 18:28:10,102 [DEBUG] taskcoachlib.domain.base.object: CompositeObject.subject : retourne le sujet de Task id=27ccbecc-6084-11e5-9f59-f07bcb8b1707 : Travailler sur mon Livre sur Ma Façon de Mixer.
2026-02-19 18:28:10,103 [DEBUG] taskcoachlib.domain.base.object: CompositeObject.subject : retourne le sujet de Task id=27ccbecc-6084-11e5-9f59-f07bcb8b1707 : Travailler sur mon Livre sur Ma Façon de Mixer.
2026-02-19 18:28:10,104 [DEBUG] taskcoachlib.domain.base.object: CompositeObject.subject : retourne le sujet de Task id=27ccbecc-6084-11e5-9f59-f07bcb8b1707 : Travailler sur mon Livre sur Ma Façon de Mixer.
2026-02-19 18:28:10,106 [DEBUG] taskcoachlib.domain.base.object: CompositeObject.subject : retourne le sujet de Task id=27ccbecc-6084-11e5-9f59-f07bcb8b1707 : Travailler sur mon Livre sur Ma Façon de Mixer.
2026-02-19 18:28:10,107 [DEBUG] taskcoachlib.domain.base.object: CompositeObject.subject : retourne le sujet de Task id=27ccbecc-6084-11e5-9f59-f07bcb8b1707 : Travailler sur mon Livre sur Ma Façon de Mixer.
2026-02-19 18:28:11,096 [DEBUG] taskcoachlib.domain.task.task: Task.__setattr__ : utilise la méthode super avec name=_Task__computed_status et value=inactive.
2026-02-19 18:28:11,097 [DEBUG] taskcoachlib.domain.task.task: Task.__setattr__ : utilise la méthode super avec name=_Task__status_text et value=Inactive.
2026-02-19 18:28:11,097 [DEBUG] taskcoachlib.domain.task.task: Task.__setattr__ : utilise la méthode super avec name=_Task__status_icon et value=led_grey_icon.
2026-02-19 18:28:11,097 [DEBUG] taskcoachlib.domain.task.task: Task.__setattr__ : utilise la méthode super avec name=_Task__status_source et value=No actual start date.
2026-02-19 18:28:11,101 [DEBUG] taskcoachlib.domain.task.task: Task.__setattr__ : utilise la méthode super avec name=_Task__status et value=inactive.
2026-02-19 18:28:11,102 [INFO] taskcoachlib.gui.viewer.container: ViewerContainer.__getattr__ retourne l'attribut <bound method EffortViewer.curselection of <taskcoachlib.gui.viewer.effort.EffortViewer object at 0x7f260a42c0e0>> avec l'ancienne méthode !
2026-02-19 18:28:11,102 [INFO] taskcoachlib.gui.viewer.container: ViewerContainer.__getattr__ retourne l'attribut <bound method EffortViewer.curselection of <taskcoachlib.gui.viewer.effort.EffortViewer object at 0x7f260a42c0e0>> avec l'ancienne méthode !
2026-02-19 18:28:11,102 [INFO] taskcoachlib.gui.viewer.container: ViewerContainer.__getattr__ retourne l'attribut <bound method EffortViewer.curselection of <taskcoachlib.gui.viewer.effort.EffortViewer object at 0x7f260a42c0e0>> avec l'ancienne méthode !
2026-02-19 18:28:11,103 [DEBUG] taskcoachlib.domain.base.object: CompositeObject.subject : retourne le sujet de Task id=27ccbecc-6084-11e5-9f59-f07bcb8b1707 : Travailler sur mon Livre sur Ma Façon de Mixer.
2026-02-19 18:28:11,104 [DEBUG] taskcoachlib.domain.base.object: CompositeObject.subject : retourne le sujet de Task id=27ccbecc-6084-11e5-9f59-f07bcb8b1707 : Travailler sur mon Livre sur Ma Façon de Mixer.
2026-02-19 18:28:11,105 [DEBUG] taskcoachlib.domain.base.object: CompositeObject.subject : retourne le sujet de Task id=27ccbecc-6084-11e5-9f59-f07bcb8b1707 : Travailler sur mon Livre sur Ma Façon de Mixer.
2026-02-19 18:28:11,106 [DEBUG] taskcoachlib.domain.base.object: CompositeObject.subject : retourne le sujet de Task id=27ccbecc-6084-11e5-9f59-f07bcb8b1707 : Travailler sur mon Livre sur Ma Façon de Mixer.
2026-02-19 18:28:11,107 [DEBUG] taskcoachlib.domain.base.object: CompositeObject.subject : retourne le sujet de Task id=27ccbecc-6084-11e5-9f59-f07bcb8b1707 : Travailler sur mon Livre sur Ma Façon de Mixer.
2026-02-19 18:28:12,097 [DEBUG] taskcoachlib.domain.task.task: Task.__setattr__ : utilise la méthode super avec name=_Task__computed_status et value=inactive.
2026-02-19 18:28:12,097 [DEBUG] taskcoachlib.domain.task.task: Task.__setattr__ : utilise la méthode super avec name=_Task__status_text et value=Inactive.
2026-02-19 18:28:12,097 [DEBUG] taskcoachlib.domain.task.task: Task.__setattr__ : utilise la méthode super avec name=_Task__status_icon et value=led_grey_icon.
2026-02-19 18:28:12,097 [DEBUG] taskcoachlib.domain.task.task: Task.__setattr__ : utilise la méthode super avec name=_Task__status_source et value=No actual start date.
2026-02-19 18:28:12,102 [DEBUG] taskcoachlib.domain.task.task: Task.__setattr__ : utilise la méthode super avec name=_Task__status et value=inactive.
2026-02-19 18:28:12,102 [INFO] taskcoachlib.gui.viewer.container: ViewerContainer.__getattr__ retourne l'attribut <bound method EffortViewer.curselection of <taskcoachlib.gui.viewer.effort.EffortViewer object at 0x7f260a42c0e0>> avec l'ancienne méthode !
2026-02-19 18:28:12,102 [INFO] taskcoachlib.gui.viewer.container: ViewerContainer.__getattr__ retourne l'attribut <bound method EffortViewer.curselection of <taskcoachlib.gui.viewer.effort.EffortViewer object at 0x7f260a42c0e0>> avec l'ancienne méthode !
2026-02-19 18:28:12,102 [INFO] taskcoachlib.gui.viewer.container: ViewerContainer.__getattr__ retourne l'attribut <bound method EffortViewer.curselection of <taskcoachlib.gui.viewer.effort.EffortViewer object at 0x7f260a42c0e0>> avec l'ancienne méthode !
2026-02-19 18:28:12,103 [DEBUG] taskcoachlib.domain.base.object: CompositeObject.subject : retourne le sujet de Task id=27ccbecc-6084-11e5-9f59-f07bcb8b1707 : Travailler sur mon Livre sur Ma Façon de Mixer.
2026-02-19 18:28:12,104 [DEBUG] taskcoachlib.domain.base.object: CompositeObject.subject : retourne le sujet de Task id=27ccbecc-6084-11e5-9f59-f07bcb8b1707 : Travailler sur mon Livre sur Ma Façon de Mixer.
2026-02-19 18:28:12,105 [DEBUG] taskcoachlib.domain.base.object: CompositeObject.subject : retourne le sujet de Task id=27ccbecc-6084-11e5-9f59-f07bcb8b1707 : Travailler sur mon Livre sur Ma Façon de Mixer.
2026-02-19 18:28:12,106 [DEBUG] taskcoachlib.domain.base.object: CompositeObject.subject : retourne le sujet de Task id=27ccbecc-6084-11e5-9f59-f07bcb8b1707 : Travailler sur mon Livre sur Ma Façon de Mixer.
2026-02-19 18:28:12,107 [DEBUG] taskcoachlib.domain.base.object: CompositeObject.subject : retourne le sujet de Task id=27ccbecc-6084-11e5-9f59-f07bcb8b1707 : Travailler sur mon Livre sur Ma Façon de Mixer.
2026-02-19 18:28:13,097 [DEBUG] taskcoachlib.domain.task.task: Task.__setattr__ : utilise la méthode super avec name=_Task__computed_status et value=inactive.
2026-02-19 18:28:13,097 [DEBUG] taskcoachlib.domain.task.task: Task.__setattr__ : utilise la méthode super avec name=_Task__status_text et value=Inactive.
2026-02-19 18:28:13,097 [DEBUG] taskcoachlib.domain.task.task: Task.__setattr__ : utilise la méthode super avec name=_Task__status_icon et value=led_grey_icon.
2026-02-19 18:28:13,097 [DEBUG] taskcoachlib.domain.task.task: Task.__setattr__ : utilise la méthode super avec name=_Task__status_source et value=No actual start date.
2026-02-19 18:28:13,102 [DEBUG] taskcoachlib.domain.task.task: Task.__setattr__ : utilise la méthode super avec name=_Task__status et value=inactive.
2026-02-19 18:28:13,102 [INFO] taskcoachlib.gui.viewer.container: ViewerContainer.__getattr__ retourne l'attribut <bound method EffortViewer.curselection of <taskcoachlib.gui.viewer.effort.EffortViewer object at 0x7f260a42c0e0>> avec l'ancienne méthode !
2026-02-19 18:28:13,103 [INFO] taskcoachlib.gui.viewer.container: ViewerContainer.__getattr__ retourne l'attribut <bound method EffortViewer.curselection of <taskcoachlib.gui.viewer.effort.EffortViewer object at 0x7f260a42c0e0>> avec l'ancienne méthode !
2026-02-19 18:28:13,103 [INFO] taskcoachlib.gui.viewer.container: ViewerContainer.__getattr__ retourne l'attribut <bound method EffortViewer.curselection of <taskcoachlib.gui.viewer.effort.EffortViewer object at 0x7f260a42c0e0>> avec l'ancienne méthode !
2026-02-19 18:28:13,103 [DEBUG] taskcoachlib.domain.base.object: CompositeObject.subject : retourne le sujet de Task id=27ccbecc-6084-11e5-9f59-f07bcb8b1707 : Travailler sur mon Livre sur Ma Façon de Mixer.
2026-02-19 18:28:13,104 [DEBUG] taskcoachlib.domain.base.object: CompositeObject.subject : retourne le sujet de Task id=27ccbecc-6084-11e5-9f59-f07bcb8b1707 : Travailler sur mon Livre sur Ma Façon de Mixer.
2026-02-19 18:28:13,105 [DEBUG] taskcoachlib.domain.base.object: CompositeObject.subject : retourne le sujet de Task id=27ccbecc-6084-11e5-9f59-f07bcb8b1707 : Travailler sur mon Livre sur Ma Façon de Mixer.
2026-02-19 18:28:13,107 [DEBUG] taskcoachlib.domain.base.object: CompositeObject.subject : retourne le sujet de Task id=27ccbecc-6084-11e5-9f59-f07bcb8b1707 : Travailler sur mon Livre sur Ma Façon de Mixer.
2026-02-19 18:28:13,108 [DEBUG] taskcoachlib.domain.base.object: CompositeObject.subject : retourne le sujet de Task id=27ccbecc-6084-11e5-9f59-f07bcb8b1707 : Travailler sur mon Livre sur Ma Façon de Mixer.
2026-02-19 18:28:14,097 [DEBUG] taskcoachlib.domain.task.task: Task.__setattr__ : utilise la méthode super avec name=_Task__computed_status et value=inactive.
2026-02-19 18:28:14,098 [DEBUG] taskcoachlib.domain.task.task: Task.__setattr__ : utilise la méthode super avec name=_Task__status_text et value=Inactive.
2026-02-19 18:28:14,098 [DEBUG] taskcoachlib.domain.task.task: Task.__setattr__ : utilise la méthode super avec name=_Task__status_icon et value=led_grey_icon.
2026-02-19 18:28:14,098 [DEBUG] taskcoachlib.domain.task.task: Task.__setattr__ : utilise la méthode super avec name=_Task__status_source et value=No actual start date.
2026-02-19 18:28:14,102 [DEBUG] taskcoachlib.domain.task.task: Task.__setattr__ : utilise la méthode super avec name=_Task__status et value=inactive.
2026-02-19 18:28:14,103 [INFO] taskcoachlib.gui.viewer.container: ViewerContainer.__getattr__ retourne l'attribut <bound method EffortViewer.curselection of <taskcoachlib.gui.viewer.effort.EffortViewer object at 0x7f260a42c0e0>> avec l'ancienne méthode !
2026-02-19 18:28:14,104 [INFO] taskcoachlib.gui.viewer.container: ViewerContainer.__getattr__ retourne l'attribut <bound method EffortViewer.curselection of <taskcoachlib.gui.viewer.effort.EffortViewer object at 0x7f260a42c0e0>> avec l'ancienne méthode !
2026-02-19 18:28:14,104 [INFO] taskcoachlib.gui.viewer.container: ViewerContainer.__getattr__ retourne l'attribut <bound method EffortViewer.curselection of <taskcoachlib.gui.viewer.effort.EffortViewer object at 0x7f260a42c0e0>> avec l'ancienne méthode !
2026-02-19 18:28:14,105 [DEBUG] taskcoachlib.domain.base.object: CompositeObject.subject : retourne le sujet de Task id=27ccbecc-6084-11e5-9f59-f07bcb8b1707 : Travailler sur mon Livre sur Ma Façon de Mixer.
2026-02-19 18:28:14,106 [DEBUG] taskcoachlib.domain.base.object: CompositeObject.subject : retourne le sujet de Task id=27ccbecc-6084-11e5-9f59-f07bcb8b1707 : Travailler sur mon Livre sur Ma Façon de Mixer.
2026-02-19 18:28:14,107 [DEBUG] taskcoachlib.domain.base.object: CompositeObject.subject : retourne le sujet de Task id=27ccbecc-6084-11e5-9f59-f07bcb8b1707 : Travailler sur mon Livre sur Ma Façon de Mixer.
2026-02-19 18:28:14,109 [DEBUG] taskcoachlib.domain.base.object: CompositeObject.subject : retourne le sujet de Task id=27ccbecc-6084-11e5-9f59-f07bcb8b1707 : Travailler sur mon Livre sur Ma Façon de Mixer.
2026-02-19 18:28:14,111 [DEBUG] taskcoachlib.domain.base.object: CompositeObject.subject : retourne le sujet de Task id=27ccbecc-6084-11e5-9f59-f07bcb8b1707 : Travailler sur mon Livre sur Ma Façon de Mixer.
2026-02-19 18:28:15,098 [DEBUG] taskcoachlib.domain.task.task: Task.__setattr__ : utilise la méthode super avec name=_Task__computed_status et value=inactive.
2026-02-19 18:28:15,098 [DEBUG] taskcoachlib.domain.task.task: Task.__setattr__ : utilise la méthode super avec name=_Task__status_text et value=Inactive.
2026-02-19 18:28:15,098 [DEBUG] taskcoachlib.domain.task.task: Task.__setattr__ : utilise la méthode super avec name=_Task__status_icon et value=led_grey_icon.
2026-02-19 18:28:15,099 [DEBUG] taskcoachlib.domain.task.task: Task.__setattr__ : utilise la méthode super avec name=_Task__status_source et value=No actual start date.
2026-02-19 18:28:15,104 [DEBUG] taskcoachlib.domain.task.task: Task.__setattr__ : utilise la méthode super avec name=_Task__status et value=inactive.
2026-02-19 18:28:15,104 [INFO] taskcoachlib.gui.viewer.container: ViewerContainer.__getattr__ retourne l'attribut <bound method EffortViewer.curselection of <taskcoachlib.gui.viewer.effort.EffortViewer object at 0x7f260a42c0e0>> avec l'ancienne méthode !
2026-02-19 18:28:15,105 [INFO] taskcoachlib.gui.viewer.container: ViewerContainer.__getattr__ retourne l'attribut <bound method EffortViewer.curselection of <taskcoachlib.gui.viewer.effort.EffortViewer object at 0x7f260a42c0e0>> avec l'ancienne méthode !
2026-02-19 18:28:15,105 [INFO] taskcoachlib.gui.viewer.container: ViewerContainer.__getattr__ retourne l'attribut <bound method EffortViewer.curselection of <taskcoachlib.gui.viewer.effort.EffortViewer object at 0x7f260a42c0e0>> avec l'ancienne méthode !
2026-02-19 18:28:15,105 [DEBUG] taskcoachlib.domain.base.object: CompositeObject.subject : retourne le sujet de Task id=27ccbecc-6084-11e5-9f59-f07bcb8b1707 : Travailler sur mon Livre sur Ma Façon de Mixer.
2026-02-19 18:28:15,106 [DEBUG] taskcoachlib.domain.base.object: CompositeObject.subject : retourne le sujet de Task id=27ccbecc-6084-11e5-9f59-f07bcb8b1707 : Travailler sur mon Livre sur Ma Façon de Mixer.
2026-02-19 18:28:15,108 [DEBUG] taskcoachlib.domain.base.object: CompositeObject.subject : retourne le sujet de Task id=27ccbecc-6084-11e5-9f59-f07bcb8b1707 : Travailler sur mon Livre sur Ma Façon de Mixer.
2026-02-19 18:28:15,110 [DEBUG] taskcoachlib.domain.base.object: CompositeObject.subject : retourne le sujet de Task id=27ccbecc-6084-11e5-9f59-f07bcb8b1707 : Travailler sur mon Livre sur Ma Façon de Mixer.
2026-02-19 18:28:15,111 [DEBUG] taskcoachlib.domain.base.object: CompositeObject.subject : retourne le sujet de Task id=27ccbecc-6084-11e5-9f59-f07bcb8b1707 : Travailler sur mon Livre sur Ma Façon de Mixer.
2026-02-19 18:28:16,098 [DEBUG] taskcoachlib.domain.task.task: Task.__setattr__ : utilise la méthode super avec name=_Task__computed_status et value=inactive.
2026-02-19 18:28:16,099 [DEBUG] taskcoachlib.domain.task.task: Task.__setattr__ : utilise la méthode super avec name=_Task__status_text et value=Inactive.
2026-02-19 18:28:16,099 [DEBUG] taskcoachlib.domain.task.task: Task.__setattr__ : utilise la méthode super avec name=_Task__status_icon et value=led_grey_icon.
2026-02-19 18:28:16,099 [DEBUG] taskcoachlib.domain.task.task: Task.__setattr__ : utilise la méthode super avec name=_Task__status_source et value=No actual start date.
2026-02-19 18:28:16,106 [DEBUG] taskcoachlib.domain.task.task: Task.__setattr__ : utilise la méthode super avec name=_Task__status et value=inactive.
2026-02-19 18:28:16,107 [INFO] taskcoachlib.gui.viewer.container: ViewerContainer.__getattr__ retourne l'attribut <bound method EffortViewer.curselection of <taskcoachlib.gui.viewer.effort.EffortViewer object at 0x7f260a42c0e0>> avec l'ancienne méthode !
2026-02-19 18:28:16,107 [INFO] taskcoachlib.gui.viewer.container: ViewerContainer.__getattr__ retourne l'attribut <bound method EffortViewer.curselection of <taskcoachlib.gui.viewer.effort.EffortViewer object at 0x7f260a42c0e0>> avec l'ancienne méthode !
2026-02-19 18:28:16,108 [INFO] taskcoachlib.gui.viewer.container: ViewerContainer.__getattr__ retourne l'attribut <bound method EffortViewer.curselection of <taskcoachlib.gui.viewer.effort.EffortViewer object at 0x7f260a42c0e0>> avec l'ancienne méthode !
2026-02-19 18:28:16,108 [DEBUG] taskcoachlib.domain.base.object: CompositeObject.subject : retourne le sujet de Task id=27ccbecc-6084-11e5-9f59-f07bcb8b1707 : Travailler sur mon Livre sur Ma Façon de Mixer.
2026-02-19 18:28:16,111 [DEBUG] taskcoachlib.domain.base.object: CompositeObject.subject : retourne le sujet de Task id=27ccbecc-6084-11e5-9f59-f07bcb8b1707 : Travailler sur mon Livre sur Ma Façon de Mixer.
2026-02-19 18:28:16,114 [DEBUG] taskcoachlib.domain.base.object: CompositeObject.subject : retourne le sujet de Task id=27ccbecc-6084-11e5-9f59-f07bcb8b1707 : Travailler sur mon Livre sur Ma Façon de Mixer.
2026-02-19 18:28:16,116 [DEBUG] taskcoachlib.domain.base.object: CompositeObject.subject : retourne le sujet de Task id=27ccbecc-6084-11e5-9f59-f07bcb8b1707 : Travailler sur mon Livre sur Ma Façon de Mixer.
2026-02-19 18:28:16,119 [DEBUG] taskcoachlib.domain.base.object: CompositeObject.subject : retourne le sujet de Task id=27ccbecc-6084-11e5-9f59-f07bcb8b1707 : Travailler sur mon Livre sur Ma Façon de Mixer.
2026-02-19 18:28:17,098 [DEBUG] taskcoachlib.domain.task.task: Task.__setattr__ : utilise la méthode super avec name=_Task__computed_status et value=inactive.
2026-02-19 18:28:17,099 [DEBUG] taskcoachlib.domain.task.task: Task.__setattr__ : utilise la méthode super avec name=_Task__status_text et value=Inactive.
2026-02-19 18:28:17,099 [DEBUG] taskcoachlib.domain.task.task: Task.__setattr__ : utilise la méthode super avec name=_Task__status_icon et value=led_grey_icon.
2026-02-19 18:28:17,099 [DEBUG] taskcoachlib.domain.task.task: Task.__setattr__ : utilise la méthode super avec name=_Task__status_source et value=No actual start date.
2026-02-19 18:28:17,107 [DEBUG] taskcoachlib.domain.task.task: Task.__setattr__ : utilise la méthode super avec name=_Task__status et value=inactive.
2026-02-19 18:28:17,108 [INFO] taskcoachlib.gui.viewer.container: ViewerContainer.__getattr__ retourne l'attribut <bound method EffortViewer.curselection of <taskcoachlib.gui.viewer.effort.EffortViewer object at 0x7f260a42c0e0>> avec l'ancienne méthode !
2026-02-19 18:28:17,108 [INFO] taskcoachlib.gui.viewer.container: ViewerContainer.__getattr__ retourne l'attribut <bound method EffortViewer.curselection of <taskcoachlib.gui.viewer.effort.EffortViewer object at 0x7f260a42c0e0>> avec l'ancienne méthode !
2026-02-19 18:28:17,109 [INFO] taskcoachlib.gui.viewer.container: ViewerContainer.__getattr__ retourne l'attribut <bound method EffortViewer.curselection of <taskcoachlib.gui.viewer.effort.EffortViewer object at 0x7f260a42c0e0>> avec l'ancienne méthode !
2026-02-19 18:28:17,109 [DEBUG] taskcoachlib.domain.base.object: CompositeObject.subject : retourne le sujet de Task id=27ccbecc-6084-11e5-9f59-f07bcb8b1707 : Travailler sur mon Livre sur Ma Façon de Mixer.
2026-02-19 18:28:17,111 [DEBUG] taskcoachlib.domain.base.object: CompositeObject.subject : retourne le sujet de Task id=27ccbecc-6084-11e5-9f59-f07bcb8b1707 : Travailler sur mon Livre sur Ma Façon de Mixer.
2026-02-19 18:28:17,113 [DEBUG] taskcoachlib.domain.base.object: CompositeObject.subject : retourne le sujet de Task id=27ccbecc-6084-11e5-9f59-f07bcb8b1707 : Travailler sur mon Livre sur Ma Façon de Mixer.
2026-02-19 18:28:17,115 [DEBUG] taskcoachlib.domain.base.object: CompositeObject.subject : retourne le sujet de Task id=27ccbecc-6084-11e5-9f59-f07bcb8b1707 : Travailler sur mon Livre sur Ma Façon de Mixer.
2026-02-19 18:28:17,116 [DEBUG] taskcoachlib.domain.base.object: CompositeObject.subject : retourne le sujet de Task id=27ccbecc-6084-11e5-9f59-f07bcb8b1707 : Travailler sur mon Livre sur Ma Façon de Mixer.
2026-02-19 18:28:18,099 [DEBUG] taskcoachlib.domain.task.task: Task.__setattr__ : utilise la méthode super avec name=_Task__computed_status et value=inactive.
2026-02-19 18:28:18,099 [DEBUG] taskcoachlib.domain.task.task: Task.__setattr__ : utilise la méthode super avec name=_Task__status_text et value=Inactive.
2026-02-19 18:28:18,099 [DEBUG] taskcoachlib.domain.task.task: Task.__setattr__ : utilise la méthode super avec name=_Task__status_icon et value=led_grey_icon.
2026-02-19 18:28:18,099 [DEBUG] taskcoachlib.domain.task.task: Task.__setattr__ : utilise la méthode super avec name=_Task__status_source et value=No actual start date.
2026-02-19 18:28:18,104 [DEBUG] taskcoachlib.domain.task.task: Task.__setattr__ : utilise la méthode super avec name=_Task__status et value=inactive.
2026-02-19 18:28:18,104 [INFO] taskcoachlib.gui.viewer.container: ViewerContainer.__getattr__ retourne l'attribut <bound method EffortViewer.curselection of <taskcoachlib.gui.viewer.effort.EffortViewer object at 0x7f260a42c0e0>> avec l'ancienne méthode !
2026-02-19 18:28:18,104 [INFO] taskcoachlib.gui.viewer.container: ViewerContainer.__getattr__ retourne l'attribut <bound method EffortViewer.curselection of <taskcoachlib.gui.viewer.effort.EffortViewer object at 0x7f260a42c0e0>> avec l'ancienne méthode !
2026-02-19 18:28:18,104 [INFO] taskcoachlib.gui.viewer.container: ViewerContainer.__getattr__ retourne l'attribut <bound method EffortViewer.curselection of <taskcoachlib.gui.viewer.effort.EffortViewer object at 0x7f260a42c0e0>> avec l'ancienne méthode !
2026-02-19 18:28:18,105 [DEBUG] taskcoachlib.domain.base.object: CompositeObject.subject : retourne le sujet de Task id=27ccbecc-6084-11e5-9f59-f07bcb8b1707 : Travailler sur mon Livre sur Ma Façon de Mixer.
2026-02-19 18:28:18,106 [DEBUG] taskcoachlib.domain.base.object: CompositeObject.subject : retourne le sujet de Task id=27ccbecc-6084-11e5-9f59-f07bcb8b1707 : Travailler sur mon Livre sur Ma Façon de Mixer.
2026-02-19 18:28:18,107 [DEBUG] taskcoachlib.domain.base.object: CompositeObject.subject : retourne le sujet de Task id=27ccbecc-6084-11e5-9f59-f07bcb8b1707 : Travailler sur mon Livre sur Ma Façon de Mixer.
2026-02-19 18:28:18,108 [DEBUG] taskcoachlib.domain.base.object: CompositeObject.subject : retourne le sujet de Task id=27ccbecc-6084-11e5-9f59-f07bcb8b1707 : Travailler sur mon Livre sur Ma Façon de Mixer.
2026-02-19 18:28:18,110 [DEBUG] taskcoachlib.domain.base.object: CompositeObject.subject : retourne le sujet de Task id=27ccbecc-6084-11e5-9f59-f07bcb8b1707 : Travailler sur mon Livre sur Ma Façon de Mixer.
2026-02-19 18:28:19,099 [DEBUG] taskcoachlib.domain.task.task: Task.__setattr__ : utilise la méthode super avec name=_Task__computed_status et value=inactive.
2026-02-19 18:28:19,099 [DEBUG] taskcoachlib.domain.task.task: Task.__setattr__ : utilise la méthode super avec name=_Task__status_text et value=Inactive.
2026-02-19 18:28:19,100 [DEBUG] taskcoachlib.domain.task.task: Task.__setattr__ : utilise la méthode super avec name=_Task__status_icon et value=led_grey_icon.
2026-02-19 18:28:19,100 [DEBUG] taskcoachlib.domain.task.task: Task.__setattr__ : utilise la méthode super avec name=_Task__status_source et value=No actual start date.
2026-02-19 18:28:19,104 [DEBUG] taskcoachlib.domain.task.task: Task.__setattr__ : utilise la méthode super avec name=_Task__status et value=inactive.
2026-02-19 18:28:19,105 [INFO] taskcoachlib.gui.viewer.container: ViewerContainer.__getattr__ retourne l'attribut <bound method EffortViewer.curselection of <taskcoachlib.gui.viewer.effort.EffortViewer object at 0x7f260a42c0e0>> avec l'ancienne méthode !
2026-02-19 18:28:19,105 [INFO] taskcoachlib.gui.viewer.container: ViewerContainer.__getattr__ retourne l'attribut <bound method EffortViewer.curselection of <taskcoachlib.gui.viewer.effort.EffortViewer object at 0x7f260a42c0e0>> avec l'ancienne méthode !
2026-02-19 18:28:19,105 [INFO] taskcoachlib.gui.viewer.container: ViewerContainer.__getattr__ retourne l'attribut <bound method EffortViewer.curselection of <taskcoachlib.gui.viewer.effort.EffortViewer object at 0x7f260a42c0e0>> avec l'ancienne méthode !
2026-02-19 18:28:19,105 [DEBUG] taskcoachlib.domain.base.object: CompositeObject.subject : retourne le sujet de Task id=27ccbecc-6084-11e5-9f59-f07bcb8b1707 : Travailler sur mon Livre sur Ma Façon de Mixer.
2026-02-19 18:28:19,107 [DEBUG] taskcoachlib.domain.base.object: CompositeObject.subject : retourne le sujet de Task id=27ccbecc-6084-11e5-9f59-f07bcb8b1707 : Travailler sur mon Livre sur Ma Façon de Mixer.
2026-02-19 18:28:19,108 [DEBUG] taskcoachlib.domain.base.object: CompositeObject.subject : retourne le sujet de Task id=27ccbecc-6084-11e5-9f59-f07bcb8b1707 : Travailler sur mon Livre sur Ma Façon de Mixer.
2026-02-19 18:28:19,109 [DEBUG] taskcoachlib.domain.base.object: CompositeObject.subject : retourne le sujet de Task id=27ccbecc-6084-11e5-9f59-f07bcb8b1707 : Travailler sur mon Livre sur Ma Façon de Mixer.
2026-02-19 18:28:19,110 [DEBUG] taskcoachlib.domain.base.object: CompositeObject.subject : retourne le sujet de Task id=27ccbecc-6084-11e5-9f59-f07bcb8b1707 : Travailler sur mon Livre sur Ma Façon de Mixer.
2026-02-19 18:28:20,100 [DEBUG] taskcoachlib.domain.task.task: Task.__setattr__ : utilise la méthode super avec name=_Task__computed_status et value=inactive.
2026-02-19 18:28:20,100 [DEBUG] taskcoachlib.domain.task.task: Task.__setattr__ : utilise la méthode super avec name=_Task__status_text et value=Inactive.
2026-02-19 18:28:20,100 [DEBUG] taskcoachlib.domain.task.task: Task.__setattr__ : utilise la méthode super avec name=_Task__status_icon et value=led_grey_icon.
2026-02-19 18:28:20,100 [DEBUG] taskcoachlib.domain.task.task: Task.__setattr__ : utilise la méthode super avec name=_Task__status_source et value=No actual start date.
2026-02-19 18:28:20,103 [DEBUG] taskcoachlib.domain.task.task: Task.__setattr__ : utilise la méthode super avec name=_Task__status et value=inactive.
2026-02-19 18:28:20,103 [INFO] taskcoachlib.gui.viewer.container: ViewerContainer.__getattr__ retourne l'attribut <bound method EffortViewer.curselection of <taskcoachlib.gui.viewer.effort.EffortViewer object at 0x7f260a42c0e0>> avec l'ancienne méthode !
2026-02-19 18:28:20,103 [INFO] taskcoachlib.gui.viewer.container: ViewerContainer.__getattr__ retourne l'attribut <bound method EffortViewer.curselection of <taskcoachlib.gui.viewer.effort.EffortViewer object at 0x7f260a42c0e0>> avec l'ancienne méthode !
2026-02-19 18:28:20,103 [INFO] taskcoachlib.gui.viewer.container: ViewerContainer.__getattr__ retourne l'attribut <bound method EffortViewer.curselection of <taskcoachlib.gui.viewer.effort.EffortViewer object at 0x7f260a42c0e0>> avec l'ancienne méthode !
2026-02-19 18:28:20,103 [DEBUG] taskcoachlib.domain.base.object: CompositeObject.subject : retourne le sujet de Task id=27ccbecc-6084-11e5-9f59-f07bcb8b1707 : Travailler sur mon Livre sur Ma Façon de Mixer.
2026-02-19 18:28:20,104 [DEBUG] taskcoachlib.domain.base.object: CompositeObject.subject : retourne le sujet de Task id=27ccbecc-6084-11e5-9f59-f07bcb8b1707 : Travailler sur mon Livre sur Ma Façon de Mixer.
2026-02-19 18:28:20,104 [DEBUG] taskcoachlib.domain.base.object: CompositeObject.subject : retourne le sujet de Task id=27ccbecc-6084-11e5-9f59-f07bcb8b1707 : Travailler sur mon Livre sur Ma Façon de Mixer.
2026-02-19 18:28:20,105 [DEBUG] taskcoachlib.domain.base.object: CompositeObject.subject : retourne le sujet de Task id=27ccbecc-6084-11e5-9f59-f07bcb8b1707 : Travailler sur mon Livre sur Ma Façon de Mixer.
2026-02-19 18:28:20,106 [DEBUG] taskcoachlib.domain.base.object: CompositeObject.subject : retourne le sujet de Task id=27ccbecc-6084-11e5-9f59-f07bcb8b1707 : Travailler sur mon Livre sur Ma Façon de Mixer.
2026-02-19 18:28:21,100 [DEBUG] taskcoachlib.domain.task.task: Task.__setattr__ : utilise la méthode super avec name=_Task__computed_status et value=inactive.
2026-02-19 18:28:21,100 [DEBUG] taskcoachlib.domain.task.task: Task.__setattr__ : utilise la méthode super avec name=_Task__status_text et value=Inactive.
2026-02-19 18:28:21,100 [DEBUG] taskcoachlib.domain.task.task: Task.__setattr__ : utilise la méthode super avec name=_Task__status_icon et value=led_grey_icon.
2026-02-19 18:28:21,101 [DEBUG] taskcoachlib.domain.task.task: Task.__setattr__ : utilise la méthode super avec name=_Task__status_source et value=No actual start date.
2026-02-19 18:28:21,105 [DEBUG] taskcoachlib.domain.task.task: Task.__setattr__ : utilise la méthode super avec name=_Task__status et value=inactive.
2026-02-19 18:28:21,105 [INFO] taskcoachlib.gui.viewer.container: ViewerContainer.__getattr__ retourne l'attribut <bound method EffortViewer.curselection of <taskcoachlib.gui.viewer.effort.EffortViewer object at 0x7f260a42c0e0>> avec l'ancienne méthode !
2026-02-19 18:28:21,106 [INFO] taskcoachlib.gui.viewer.container: ViewerContainer.__getattr__ retourne l'attribut <bound method EffortViewer.curselection of <taskcoachlib.gui.viewer.effort.EffortViewer object at 0x7f260a42c0e0>> avec l'ancienne méthode !
2026-02-19 18:28:21,106 [INFO] taskcoachlib.gui.viewer.container: ViewerContainer.__getattr__ retourne l'attribut <bound method EffortViewer.curselection of <taskcoachlib.gui.viewer.effort.EffortViewer object at 0x7f260a42c0e0>> avec l'ancienne méthode !
2026-02-19 18:28:21,106 [DEBUG] taskcoachlib.domain.base.object: CompositeObject.subject : retourne le sujet de Task id=27ccbecc-6084-11e5-9f59-f07bcb8b1707 : Travailler sur mon Livre sur Ma Façon de Mixer.
2026-02-19 18:28:21,107 [DEBUG] taskcoachlib.domain.base.object: CompositeObject.subject : retourne le sujet de Task id=27ccbecc-6084-11e5-9f59-f07bcb8b1707 : Travailler sur mon Livre sur Ma Façon de Mixer.
2026-02-19 18:28:21,109 [DEBUG] taskcoachlib.domain.base.object: CompositeObject.subject : retourne le sujet de Task id=27ccbecc-6084-11e5-9f59-f07bcb8b1707 : Travailler sur mon Livre sur Ma Façon de Mixer.
2026-02-19 18:28:21,110 [DEBUG] taskcoachlib.domain.base.object: CompositeObject.subject : retourne le sujet de Task id=27ccbecc-6084-11e5-9f59-f07bcb8b1707 : Travailler sur mon Livre sur Ma Façon de Mixer.
2026-02-19 18:28:21,111 [DEBUG] taskcoachlib.domain.base.object: CompositeObject.subject : retourne le sujet de Task id=27ccbecc-6084-11e5-9f59-f07bcb8b1707 : Travailler sur mon Livre sur Ma Façon de Mixer.
2026-02-19 18:28:22,100 [DEBUG] taskcoachlib.domain.task.task: Task.__setattr__ : utilise la méthode super avec name=_Task__computed_status et value=inactive.
2026-02-19 18:28:22,101 [DEBUG] taskcoachlib.domain.task.task: Task.__setattr__ : utilise la méthode super avec name=_Task__status_text et value=Inactive.
2026-02-19 18:28:22,101 [DEBUG] taskcoachlib.domain.task.task: Task.__setattr__ : utilise la méthode super avec name=_Task__status_icon et value=led_grey_icon.
2026-02-19 18:28:22,101 [DEBUG] taskcoachlib.domain.task.task: Task.__setattr__ : utilise la méthode super avec name=_Task__status_source et value=No actual start date.
2026-02-19 18:28:22,105 [DEBUG] taskcoachlib.domain.task.task: Task.__setattr__ : utilise la méthode super avec name=_Task__status et value=inactive.
2026-02-19 18:28:22,106 [INFO] taskcoachlib.gui.viewer.container: ViewerContainer.__getattr__ retourne l'attribut <bound method EffortViewer.curselection of <taskcoachlib.gui.viewer.effort.EffortViewer object at 0x7f260a42c0e0>> avec l'ancienne méthode !
2026-02-19 18:28:22,106 [INFO] taskcoachlib.gui.viewer.container: ViewerContainer.__getattr__ retourne l'attribut <bound method EffortViewer.curselection of <taskcoachlib.gui.viewer.effort.EffortViewer object at 0x7f260a42c0e0>> avec l'ancienne méthode !
2026-02-19 18:28:22,106 [INFO] taskcoachlib.gui.viewer.container: ViewerContainer.__getattr__ retourne l'attribut <bound method EffortViewer.curselection of <taskcoachlib.gui.viewer.effort.EffortViewer object at 0x7f260a42c0e0>> avec l'ancienne méthode !
2026-02-19 18:28:22,106 [DEBUG] taskcoachlib.domain.base.object: CompositeObject.subject : retourne le sujet de Task id=27ccbecc-6084-11e5-9f59-f07bcb8b1707 : Travailler sur mon Livre sur Ma Façon de Mixer.
2026-02-19 18:28:22,108 [DEBUG] taskcoachlib.domain.base.object: CompositeObject.subject : retourne le sujet de Task id=27ccbecc-6084-11e5-9f59-f07bcb8b1707 : Travailler sur mon Livre sur Ma Façon de Mixer.
2026-02-19 18:28:22,109 [DEBUG] taskcoachlib.domain.base.object: CompositeObject.subject : retourne le sujet de Task id=27ccbecc-6084-11e5-9f59-f07bcb8b1707 : Travailler sur mon Livre sur Ma Façon de Mixer.
2026-02-19 18:28:22,110 [DEBUG] taskcoachlib.domain.base.object: CompositeObject.subject : retourne le sujet de Task id=27ccbecc-6084-11e5-9f59-f07bcb8b1707 : Travailler sur mon Livre sur Ma Façon de Mixer.
2026-02-19 18:28:22,111 [DEBUG] taskcoachlib.domain.base.object: CompositeObject.subject : retourne le sujet de Task id=27ccbecc-6084-11e5-9f59-f07bcb8b1707 : Travailler sur mon Livre sur Ma Façon de Mixer.
2026-02-19 18:28:23,101 [DEBUG] taskcoachlib.domain.task.task: Task.__setattr__ : utilise la méthode super avec name=_Task__computed_status et value=inactive.
2026-02-19 18:28:23,101 [DEBUG] taskcoachlib.domain.task.task: Task.__setattr__ : utilise la méthode super avec name=_Task__status_text et value=Inactive.
2026-02-19 18:28:23,101 [DEBUG] taskcoachlib.domain.task.task: Task.__setattr__ : utilise la méthode super avec name=_Task__status_icon et value=led_grey_icon.
2026-02-19 18:28:23,101 [DEBUG] taskcoachlib.domain.task.task: Task.__setattr__ : utilise la méthode super avec name=_Task__status_source et value=No actual start date.
2026-02-19 18:28:23,106 [DEBUG] taskcoachlib.domain.task.task: Task.__setattr__ : utilise la méthode super avec name=_Task__status et value=inactive.
2026-02-19 18:28:23,106 [INFO] taskcoachlib.gui.viewer.container: ViewerContainer.__getattr__ retourne l'attribut <bound method EffortViewer.curselection of <taskcoachlib.gui.viewer.effort.EffortViewer object at 0x7f260a42c0e0>> avec l'ancienne méthode !
2026-02-19 18:28:23,106 [INFO] taskcoachlib.gui.viewer.container: ViewerContainer.__getattr__ retourne l'attribut <bound method EffortViewer.curselection of <taskcoachlib.gui.viewer.effort.EffortViewer object at 0x7f260a42c0e0>> avec l'ancienne méthode !
2026-02-19 18:28:23,107 [INFO] taskcoachlib.gui.viewer.container: ViewerContainer.__getattr__ retourne l'attribut <bound method EffortViewer.curselection of <taskcoachlib.gui.viewer.effort.EffortViewer object at 0x7f260a42c0e0>> avec l'ancienne méthode !
2026-02-19 18:28:23,107 [DEBUG] taskcoachlib.domain.base.object: CompositeObject.subject : retourne le sujet de Task id=27ccbecc-6084-11e5-9f59-f07bcb8b1707 : Travailler sur mon Livre sur Ma Façon de Mixer.
2026-02-19 18:28:23,108 [DEBUG] taskcoachlib.domain.base.object: CompositeObject.subject : retourne le sujet de Task id=27ccbecc-6084-11e5-9f59-f07bcb8b1707 : Travailler sur mon Livre sur Ma Façon de Mixer.
2026-02-19 18:28:23,109 [DEBUG] taskcoachlib.domain.base.object: CompositeObject.subject : retourne le sujet de Task id=27ccbecc-6084-11e5-9f59-f07bcb8b1707 : Travailler sur mon Livre sur Ma Façon de Mixer.
2026-02-19 18:28:23,111 [DEBUG] taskcoachlib.domain.base.object: CompositeObject.subject : retourne le sujet de Task id=27ccbecc-6084-11e5-9f59-f07bcb8b1707 : Travailler sur mon Livre sur Ma Façon de Mixer.
2026-02-19 18:28:23,112 [DEBUG] taskcoachlib.domain.base.object: CompositeObject.subject : retourne le sujet de Task id=27ccbecc-6084-11e5-9f59-f07bcb8b1707 : Travailler sur mon Livre sur Ma Façon de Mixer.
2026-02-19 18:28:24,101 [DEBUG] taskcoachlib.domain.task.task: Task.__setattr__ : utilise la méthode super avec name=_Task__computed_status et value=inactive.
2026-02-19 18:28:24,101 [DEBUG] taskcoachlib.domain.task.task: Task.__setattr__ : utilise la méthode super avec name=_Task__status_text et value=Inactive.
2026-02-19 18:28:24,101 [DEBUG] taskcoachlib.domain.task.task: Task.__setattr__ : utilise la méthode super avec name=_Task__status_icon et value=led_grey_icon.
2026-02-19 18:28:24,102 [DEBUG] taskcoachlib.domain.task.task: Task.__setattr__ : utilise la méthode super avec name=_Task__status_source et value=No actual start date.
2026-02-19 18:28:24,106 [DEBUG] taskcoachlib.domain.task.task: Task.__setattr__ : utilise la méthode super avec name=_Task__status et value=inactive.
2026-02-19 18:28:24,107 [INFO] taskcoachlib.gui.viewer.container: ViewerContainer.__getattr__ retourne l'attribut <bound method EffortViewer.curselection of <taskcoachlib.gui.viewer.effort.EffortViewer object at 0x7f260a42c0e0>> avec l'ancienne méthode !
2026-02-19 18:28:24,107 [INFO] taskcoachlib.gui.viewer.container: ViewerContainer.__getattr__ retourne l'attribut <bound method EffortViewer.curselection of <taskcoachlib.gui.viewer.effort.EffortViewer object at 0x7f260a42c0e0>> avec l'ancienne méthode !
2026-02-19 18:28:24,107 [INFO] taskcoachlib.gui.viewer.container: ViewerContainer.__getattr__ retourne l'attribut <bound method EffortViewer.curselection of <taskcoachlib.gui.viewer.effort.EffortViewer object at 0x7f260a42c0e0>> avec l'ancienne méthode !
2026-02-19 18:28:24,108 [DEBUG] taskcoachlib.domain.base.object: CompositeObject.subject : retourne le sujet de Task id=27ccbecc-6084-11e5-9f59-f07bcb8b1707 : Travailler sur mon Livre sur Ma Façon de Mixer.
2026-02-19 18:28:24,109 [DEBUG] taskcoachlib.domain.base.object: CompositeObject.subject : retourne le sujet de Task id=27ccbecc-6084-11e5-9f59-f07bcb8b1707 : Travailler sur mon Livre sur Ma Façon de Mixer.
2026-02-19 18:28:24,110 [DEBUG] taskcoachlib.domain.base.object: CompositeObject.subject : retourne le sujet de Task id=27ccbecc-6084-11e5-9f59-f07bcb8b1707 : Travailler sur mon Livre sur Ma Façon de Mixer.
2026-02-19 18:28:24,112 [DEBUG] taskcoachlib.domain.base.object: CompositeObject.subject : retourne le sujet de Task id=27ccbecc-6084-11e5-9f59-f07bcb8b1707 : Travailler sur mon Livre sur Ma Façon de Mixer.
2026-02-19 18:28:24,113 [DEBUG] taskcoachlib.domain.base.object: CompositeObject.subject : retourne le sujet de Task id=27ccbecc-6084-11e5-9f59-f07bcb8b1707 : Travailler sur mon Livre sur Ma Façon de Mixer.
2026-02-19 18:28:25,101 [DEBUG] taskcoachlib.domain.task.task: Task.__setattr__ : utilise la méthode super avec name=_Task__computed_status et value=inactive.
2026-02-19 18:28:25,102 [DEBUG] taskcoachlib.domain.task.task: Task.__setattr__ : utilise la méthode super avec name=_Task__status_text et value=Inactive.
2026-02-19 18:28:25,102 [DEBUG] taskcoachlib.domain.task.task: Task.__setattr__ : utilise la méthode super avec name=_Task__status_icon et value=led_grey_icon.
2026-02-19 18:28:25,102 [DEBUG] taskcoachlib.domain.task.task: Task.__setattr__ : utilise la méthode super avec name=_Task__status_source et value=No actual start date.
2026-02-19 18:28:25,107 [DEBUG] taskcoachlib.domain.task.task: Task.__setattr__ : utilise la méthode super avec name=_Task__status et value=inactive.
2026-02-19 18:28:25,107 [INFO] taskcoachlib.gui.viewer.container: ViewerContainer.__getattr__ retourne l'attribut <bound method EffortViewer.curselection of <taskcoachlib.gui.viewer.effort.EffortViewer object at 0x7f260a42c0e0>> avec l'ancienne méthode !
2026-02-19 18:28:25,107 [INFO] taskcoachlib.gui.viewer.container: ViewerContainer.__getattr__ retourne l'attribut <bound method EffortViewer.curselection of <taskcoachlib.gui.viewer.effort.EffortViewer object at 0x7f260a42c0e0>> avec l'ancienne méthode !
2026-02-19 18:28:25,107 [INFO] taskcoachlib.gui.viewer.container: ViewerContainer.__getattr__ retourne l'attribut <bound method EffortViewer.curselection of <taskcoachlib.gui.viewer.effort.EffortViewer object at 0x7f260a42c0e0>> avec l'ancienne méthode !
2026-02-19 18:28:25,108 [DEBUG] taskcoachlib.domain.base.object: CompositeObject.subject : retourne le sujet de Task id=27ccbecc-6084-11e5-9f59-f07bcb8b1707 : Travailler sur mon Livre sur Ma Façon de Mixer.
2026-02-19 18:28:25,109 [DEBUG] taskcoachlib.domain.base.object: CompositeObject.subject : retourne le sujet de Task id=27ccbecc-6084-11e5-9f59-f07bcb8b1707 : Travailler sur mon Livre sur Ma Façon de Mixer.
2026-02-19 18:28:25,110 [DEBUG] taskcoachlib.domain.base.object: CompositeObject.subject : retourne le sujet de Task id=27ccbecc-6084-11e5-9f59-f07bcb8b1707 : Travailler sur mon Livre sur Ma Façon de Mixer.
2026-02-19 18:28:25,112 [DEBUG] taskcoachlib.domain.base.object: CompositeObject.subject : retourne le sujet de Task id=27ccbecc-6084-11e5-9f59-f07bcb8b1707 : Travailler sur mon Livre sur Ma Façon de Mixer.
2026-02-19 18:28:25,113 [DEBUG] taskcoachlib.domain.base.object: CompositeObject.subject : retourne le sujet de Task id=27ccbecc-6084-11e5-9f59-f07bcb8b1707 : Travailler sur mon Livre sur Ma Façon de Mixer.
2026-02-19 18:28:26,102 [DEBUG] taskcoachlib.domain.task.task: Task.__setattr__ : utilise la méthode super avec name=_Task__computed_status et value=inactive.
2026-02-19 18:28:26,102 [DEBUG] taskcoachlib.domain.task.task: Task.__setattr__ : utilise la méthode super avec name=_Task__status_text et value=Inactive.
2026-02-19 18:28:26,102 [DEBUG] taskcoachlib.domain.task.task: Task.__setattr__ : utilise la méthode super avec name=_Task__status_icon et value=led_grey_icon.
2026-02-19 18:28:26,102 [DEBUG] taskcoachlib.domain.task.task: Task.__setattr__ : utilise la méthode super avec name=_Task__status_source et value=No actual start date.
2026-02-19 18:28:26,107 [DEBUG] taskcoachlib.domain.task.task: Task.__setattr__ : utilise la méthode super avec name=_Task__status et value=inactive.
2026-02-19 18:28:26,107 [INFO] taskcoachlib.gui.viewer.container: ViewerContainer.__getattr__ retourne l'attribut <bound method EffortViewer.curselection of <taskcoachlib.gui.viewer.effort.EffortViewer object at 0x7f260a42c0e0>> avec l'ancienne méthode !
2026-02-19 18:28:26,108 [INFO] taskcoachlib.gui.viewer.container: ViewerContainer.__getattr__ retourne l'attribut <bound method EffortViewer.curselection of <taskcoachlib.gui.viewer.effort.EffortViewer object at 0x7f260a42c0e0>> avec l'ancienne méthode !
2026-02-19 18:28:26,108 [INFO] taskcoachlib.gui.viewer.container: ViewerContainer.__getattr__ retourne l'attribut <bound method EffortViewer.curselection of <taskcoachlib.gui.viewer.effort.EffortViewer object at 0x7f260a42c0e0>> avec l'ancienne méthode !
2026-02-19 18:28:26,108 [DEBUG] taskcoachlib.domain.base.object: CompositeObject.subject : retourne le sujet de Task id=27ccbecc-6084-11e5-9f59-f07bcb8b1707 : Travailler sur mon Livre sur Ma Façon de Mixer.
2026-02-19 18:28:26,110 [DEBUG] taskcoachlib.domain.base.object: CompositeObject.subject : retourne le sujet de Task id=27ccbecc-6084-11e5-9f59-f07bcb8b1707 : Travailler sur mon Livre sur Ma Façon de Mixer.
2026-02-19 18:28:26,111 [DEBUG] taskcoachlib.domain.base.object: CompositeObject.subject : retourne le sujet de Task id=27ccbecc-6084-11e5-9f59-f07bcb8b1707 : Travailler sur mon Livre sur Ma Façon de Mixer.
2026-02-19 18:28:26,112 [DEBUG] taskcoachlib.domain.base.object: CompositeObject.subject : retourne le sujet de Task id=27ccbecc-6084-11e5-9f59-f07bcb8b1707 : Travailler sur mon Livre sur Ma Façon de Mixer.
2026-02-19 18:28:26,114 [DEBUG] taskcoachlib.domain.base.object: CompositeObject.subject : retourne le sujet de Task id=27ccbecc-6084-11e5-9f59-f07bcb8b1707 : Travailler sur mon Livre sur Ma Façon de Mixer.
2026-02-19 18:28:27,102 [DEBUG] taskcoachlib.domain.task.task: Task.__setattr__ : utilise la méthode super avec name=_Task__computed_status et value=inactive.
2026-02-19 18:28:27,102 [DEBUG] taskcoachlib.domain.task.task: Task.__setattr__ : utilise la méthode super avec name=_Task__status_text et value=Inactive.
2026-02-19 18:28:27,103 [DEBUG] taskcoachlib.domain.task.task: Task.__setattr__ : utilise la méthode super avec name=_Task__status_icon et value=led_grey_icon.
2026-02-19 18:28:27,103 [DEBUG] taskcoachlib.domain.task.task: Task.__setattr__ : utilise la méthode super avec name=_Task__status_source et value=No actual start date.
2026-02-19 18:28:27,108 [DEBUG] taskcoachlib.domain.task.task: Task.__setattr__ : utilise la méthode super avec name=_Task__status et value=inactive.
2026-02-19 18:28:27,108 [INFO] taskcoachlib.gui.viewer.container: ViewerContainer.__getattr__ retourne l'attribut <bound method EffortViewer.curselection of <taskcoachlib.gui.viewer.effort.EffortViewer object at 0x7f260a42c0e0>> avec l'ancienne méthode !
2026-02-19 18:28:27,108 [INFO] taskcoachlib.gui.viewer.container: ViewerContainer.__getattr__ retourne l'attribut <bound method EffortViewer.curselection of <taskcoachlib.gui.viewer.effort.EffortViewer object at 0x7f260a42c0e0>> avec l'ancienne méthode !
2026-02-19 18:28:27,108 [INFO] taskcoachlib.gui.viewer.container: ViewerContainer.__getattr__ retourne l'attribut <bound method EffortViewer.curselection of <taskcoachlib.gui.viewer.effort.EffortViewer object at 0x7f260a42c0e0>> avec l'ancienne méthode !
2026-02-19 18:28:27,109 [DEBUG] taskcoachlib.domain.base.object: CompositeObject.subject : retourne le sujet de Task id=27ccbecc-6084-11e5-9f59-f07bcb8b1707 : Travailler sur mon Livre sur Ma Façon de Mixer.
2026-02-19 18:28:27,110 [DEBUG] taskcoachlib.domain.base.object: CompositeObject.subject : retourne le sujet de Task id=27ccbecc-6084-11e5-9f59-f07bcb8b1707 : Travailler sur mon Livre sur Ma Façon de Mixer.
2026-02-19 18:28:27,111 [DEBUG] taskcoachlib.domain.base.object: CompositeObject.subject : retourne le sujet de Task id=27ccbecc-6084-11e5-9f59-f07bcb8b1707 : Travailler sur mon Livre sur Ma Façon de Mixer.
2026-02-19 18:28:27,113 [DEBUG] taskcoachlib.domain.base.object: CompositeObject.subject : retourne le sujet de Task id=27ccbecc-6084-11e5-9f59-f07bcb8b1707 : Travailler sur mon Livre sur Ma Façon de Mixer.
2026-02-19 18:28:27,114 [DEBUG] taskcoachlib.domain.base.object: CompositeObject.subject : retourne le sujet de Task id=27ccbecc-6084-11e5-9f59-f07bcb8b1707 : Travailler sur mon Livre sur Ma Façon de Mixer.
2026-02-19 18:28:28,102 [DEBUG] taskcoachlib.domain.task.task: Task.__setattr__ : utilise la méthode super avec name=_Task__computed_status et value=inactive.
2026-02-19 18:28:28,103 [DEBUG] taskcoachlib.domain.task.task: Task.__setattr__ : utilise la méthode super avec name=_Task__status_text et value=Inactive.
2026-02-19 18:28:28,103 [DEBUG] taskcoachlib.domain.task.task: Task.__setattr__ : utilise la méthode super avec name=_Task__status_icon et value=led_grey_icon.
2026-02-19 18:28:28,103 [DEBUG] taskcoachlib.domain.task.task: Task.__setattr__ : utilise la méthode super avec name=_Task__status_source et value=No actual start date.
2026-02-19 18:28:28,107 [DEBUG] taskcoachlib.domain.task.task: Task.__setattr__ : utilise la méthode super avec name=_Task__status et value=inactive.
2026-02-19 18:28:28,107 [INFO] taskcoachlib.gui.viewer.container: ViewerContainer.__getattr__ retourne l'attribut <bound method EffortViewer.curselection of <taskcoachlib.gui.viewer.effort.EffortViewer object at 0x7f260a42c0e0>> avec l'ancienne méthode !
2026-02-19 18:28:28,107 [INFO] taskcoachlib.gui.viewer.container: ViewerContainer.__getattr__ retourne l'attribut <bound method EffortViewer.curselection of <taskcoachlib.gui.viewer.effort.EffortViewer object at 0x7f260a42c0e0>> avec l'ancienne méthode !
2026-02-19 18:28:28,107 [INFO] taskcoachlib.gui.viewer.container: ViewerContainer.__getattr__ retourne l'attribut <bound method EffortViewer.curselection of <taskcoachlib.gui.viewer.effort.EffortViewer object at 0x7f260a42c0e0>> avec l'ancienne méthode !
2026-02-19 18:28:28,107 [DEBUG] taskcoachlib.domain.base.object: CompositeObject.subject : retourne le sujet de Task id=27ccbecc-6084-11e5-9f59-f07bcb8b1707 : Travailler sur mon Livre sur Ma Façon de Mixer.
2026-02-19 18:28:28,108 [DEBUG] taskcoachlib.domain.base.object: CompositeObject.subject : retourne le sujet de Task id=27ccbecc-6084-11e5-9f59-f07bcb8b1707 : Travailler sur mon Livre sur Ma Façon de Mixer.
2026-02-19 18:28:28,108 [DEBUG] taskcoachlib.domain.base.object: CompositeObject.subject : retourne le sujet de Task id=27ccbecc-6084-11e5-9f59-f07bcb8b1707 : Travailler sur mon Livre sur Ma Façon de Mixer.
2026-02-19 18:28:28,109 [DEBUG] taskcoachlib.domain.base.object: CompositeObject.subject : retourne le sujet de Task id=27ccbecc-6084-11e5-9f59-f07bcb8b1707 : Travailler sur mon Livre sur Ma Façon de Mixer.
2026-02-19 18:28:28,109 [DEBUG] taskcoachlib.domain.base.object: CompositeObject.subject : retourne le sujet de Task id=27ccbecc-6084-11e5-9f59-f07bcb8b1707 : Travailler sur mon Livre sur Ma Façon de Mixer.
2026-02-19 18:28:29,102 [DEBUG] taskcoachlib.domain.task.task: Task.__setattr__ : utilise la méthode super avec name=_Task__computed_status et value=inactive.
2026-02-19 18:28:29,103 [DEBUG] taskcoachlib.domain.task.task: Task.__setattr__ : utilise la méthode super avec name=_Task__status_text et value=Inactive.
2026-02-19 18:28:29,103 [DEBUG] taskcoachlib.domain.task.task: Task.__setattr__ : utilise la méthode super avec name=_Task__status_icon et value=led_grey_icon.
2026-02-19 18:28:29,103 [DEBUG] taskcoachlib.domain.task.task: Task.__setattr__ : utilise la méthode super avec name=_Task__status_source et value=No actual start date.
2026-02-19 18:28:29,108 [DEBUG] taskcoachlib.domain.task.task: Task.__setattr__ : utilise la méthode super avec name=_Task__status et value=inactive.
2026-02-19 18:28:29,108 [INFO] taskcoachlib.gui.viewer.container: ViewerContainer.__getattr__ retourne l'attribut <bound method EffortViewer.curselection of <taskcoachlib.gui.viewer.effort.EffortViewer object at 0x7f260a42c0e0>> avec l'ancienne méthode !
2026-02-19 18:28:29,108 [INFO] taskcoachlib.gui.viewer.container: ViewerContainer.__getattr__ retourne l'attribut <bound method EffortViewer.curselection of <taskcoachlib.gui.viewer.effort.EffortViewer object at 0x7f260a42c0e0>> avec l'ancienne méthode !
2026-02-19 18:28:29,108 [INFO] taskcoachlib.gui.viewer.container: ViewerContainer.__getattr__ retourne l'attribut <bound method EffortViewer.curselection of <taskcoachlib.gui.viewer.effort.EffortViewer object at 0x7f260a42c0e0>> avec l'ancienne méthode !
2026-02-19 18:28:29,109 [DEBUG] taskcoachlib.domain.base.object: CompositeObject.subject : retourne le sujet de Task id=27ccbecc-6084-11e5-9f59-f07bcb8b1707 : Travailler sur mon Livre sur Ma Façon de Mixer.
2026-02-19 18:28:29,110 [DEBUG] taskcoachlib.domain.base.object: CompositeObject.subject : retourne le sujet de Task id=27ccbecc-6084-11e5-9f59-f07bcb8b1707 : Travailler sur mon Livre sur Ma Façon de Mixer.
2026-02-19 18:28:29,111 [DEBUG] taskcoachlib.domain.base.object: CompositeObject.subject : retourne le sujet de Task id=27ccbecc-6084-11e5-9f59-f07bcb8b1707 : Travailler sur mon Livre sur Ma Façon de Mixer.
2026-02-19 18:28:29,113 [DEBUG] taskcoachlib.domain.base.object: CompositeObject.subject : retourne le sujet de Task id=27ccbecc-6084-11e5-9f59-f07bcb8b1707 : Travailler sur mon Livre sur Ma Façon de Mixer.
2026-02-19 18:28:29,114 [DEBUG] taskcoachlib.domain.base.object: CompositeObject.subject : retourne le sujet de Task id=27ccbecc-6084-11e5-9f59-f07bcb8b1707 : Travailler sur mon Livre sur Ma Façon de Mixer.
2026-02-19 18:28:30,103 [DEBUG] taskcoachlib.domain.task.task: Task.__setattr__ : utilise la méthode super avec name=_Task__computed_status et value=inactive.
2026-02-19 18:28:30,103 [DEBUG] taskcoachlib.domain.task.task: Task.__setattr__ : utilise la méthode super avec name=_Task__status_text et value=Inactive.
2026-02-19 18:28:30,104 [DEBUG] taskcoachlib.domain.task.task: Task.__setattr__ : utilise la méthode super avec name=_Task__status_icon et value=led_grey_icon.
2026-02-19 18:28:30,104 [DEBUG] taskcoachlib.domain.task.task: Task.__setattr__ : utilise la méthode super avec name=_Task__status_source et value=No actual start date.
2026-02-19 18:28:30,108 [DEBUG] taskcoachlib.domain.task.task: Task.__setattr__ : utilise la méthode super avec name=_Task__status et value=inactive.
2026-02-19 18:28:30,108 [INFO] taskcoachlib.gui.viewer.container: ViewerContainer.__getattr__ retourne l'attribut <bound method EffortViewer.curselection of <taskcoachlib.gui.viewer.effort.EffortViewer object at 0x7f260a42c0e0>> avec l'ancienne méthode !
2026-02-19 18:28:30,108 [INFO] taskcoachlib.gui.viewer.container: ViewerContainer.__getattr__ retourne l'attribut <bound method EffortViewer.curselection of <taskcoachlib.gui.viewer.effort.EffortViewer object at 0x7f260a42c0e0>> avec l'ancienne méthode !
2026-02-19 18:28:30,108 [INFO] taskcoachlib.gui.viewer.container: ViewerContainer.__getattr__ retourne l'attribut <bound method EffortViewer.curselection of <taskcoachlib.gui.viewer.effort.EffortViewer object at 0x7f260a42c0e0>> avec l'ancienne méthode !
2026-02-19 18:28:30,108 [DEBUG] taskcoachlib.domain.base.object: CompositeObject.subject : retourne le sujet de Task id=27ccbecc-6084-11e5-9f59-f07bcb8b1707 : Travailler sur mon Livre sur Ma Façon de Mixer.
2026-02-19 18:28:30,109 [DEBUG] taskcoachlib.domain.base.object: CompositeObject.subject : retourne le sujet de Task id=27ccbecc-6084-11e5-9f59-f07bcb8b1707 : Travailler sur mon Livre sur Ma Façon de Mixer.
2026-02-19 18:28:30,109 [DEBUG] taskcoachlib.domain.base.object: CompositeObject.subject : retourne le sujet de Task id=27ccbecc-6084-11e5-9f59-f07bcb8b1707 : Travailler sur mon Livre sur Ma Façon de Mixer.
2026-02-19 18:28:30,110 [DEBUG] taskcoachlib.domain.base.object: CompositeObject.subject : retourne le sujet de Task id=27ccbecc-6084-11e5-9f59-f07bcb8b1707 : Travailler sur mon Livre sur Ma Façon de Mixer.
2026-02-19 18:28:30,110 [DEBUG] taskcoachlib.domain.base.object: CompositeObject.subject : retourne le sujet de Task id=27ccbecc-6084-11e5-9f59-f07bcb8b1707 : Travailler sur mon Livre sur Ma Façon de Mixer.
2026-02-19 18:28:31,104 [DEBUG] taskcoachlib.domain.task.task: Task.__setattr__ : utilise la méthode super avec name=_Task__computed_status et value=inactive.
2026-02-19 18:28:31,104 [DEBUG] taskcoachlib.domain.task.task: Task.__setattr__ : utilise la méthode super avec name=_Task__status_text et value=Inactive.
2026-02-19 18:28:31,104 [DEBUG] taskcoachlib.domain.task.task: Task.__setattr__ : utilise la méthode super avec name=_Task__status_icon et value=led_grey_icon.
2026-02-19 18:28:31,104 [DEBUG] taskcoachlib.domain.task.task: Task.__setattr__ : utilise la méthode super avec name=_Task__status_source et value=No actual start date.
2026-02-19 18:28:31,107 [DEBUG] taskcoachlib.domain.task.task: Task.__setattr__ : utilise la méthode super avec name=_Task__status et value=inactive.
2026-02-19 18:28:31,107 [INFO] taskcoachlib.gui.viewer.container: ViewerContainer.__getattr__ retourne l'attribut <bound method EffortViewer.curselection of <taskcoachlib.gui.viewer.effort.EffortViewer object at 0x7f260a42c0e0>> avec l'ancienne méthode !
2026-02-19 18:28:31,107 [INFO] taskcoachlib.gui.viewer.container: ViewerContainer.__getattr__ retourne l'attribut <bound method EffortViewer.curselection of <taskcoachlib.gui.viewer.effort.EffortViewer object at 0x7f260a42c0e0>> avec l'ancienne méthode !
2026-02-19 18:28:31,108 [INFO] taskcoachlib.gui.viewer.container: ViewerContainer.__getattr__ retourne l'attribut <bound method EffortViewer.curselection of <taskcoachlib.gui.viewer.effort.EffortViewer object at 0x7f260a42c0e0>> avec l'ancienne méthode !
2026-02-19 18:28:31,108 [DEBUG] taskcoachlib.domain.base.object: CompositeObject.subject : retourne le sujet de Task id=27ccbecc-6084-11e5-9f59-f07bcb8b1707 : Travailler sur mon Livre sur Ma Façon de Mixer.
2026-02-19 18:28:31,108 [DEBUG] taskcoachlib.domain.base.object: CompositeObject.subject : retourne le sujet de Task id=27ccbecc-6084-11e5-9f59-f07bcb8b1707 : Travailler sur mon Livre sur Ma Façon de Mixer.
2026-02-19 18:28:31,109 [DEBUG] taskcoachlib.domain.base.object: CompositeObject.subject : retourne le sujet de Task id=27ccbecc-6084-11e5-9f59-f07bcb8b1707 : Travailler sur mon Livre sur Ma Façon de Mixer.
2026-02-19 18:28:31,110 [DEBUG] taskcoachlib.domain.base.object: CompositeObject.subject : retourne le sujet de Task id=27ccbecc-6084-11e5-9f59-f07bcb8b1707 : Travailler sur mon Livre sur Ma Façon de Mixer.
2026-02-19 18:28:31,110 [DEBUG] taskcoachlib.domain.base.object: CompositeObject.subject : retourne le sujet de Task id=27ccbecc-6084-11e5-9f59-f07bcb8b1707 : Travailler sur mon Livre sur Ma Façon de Mixer.
2026-02-19 18:28:32,104 [DEBUG] taskcoachlib.domain.task.task: Task.__setattr__ : utilise la méthode super avec name=_Task__computed_status et value=inactive.
2026-02-19 18:28:32,104 [DEBUG] taskcoachlib.domain.task.task: Task.__setattr__ : utilise la méthode super avec name=_Task__status_text et value=Inactive.
2026-02-19 18:28:32,104 [DEBUG] taskcoachlib.domain.task.task: Task.__setattr__ : utilise la méthode super avec name=_Task__status_icon et value=led_grey_icon.
2026-02-19 18:28:32,104 [DEBUG] taskcoachlib.domain.task.task: Task.__setattr__ : utilise la méthode super avec name=_Task__status_source et value=No actual start date.
2026-02-19 18:28:32,107 [DEBUG] taskcoachlib.domain.task.task: Task.__setattr__ : utilise la méthode super avec name=_Task__status et value=inactive.
2026-02-19 18:28:32,107 [INFO] taskcoachlib.gui.viewer.container: ViewerContainer.__getattr__ retourne l'attribut <bound method EffortViewer.curselection of <taskcoachlib.gui.viewer.effort.EffortViewer object at 0x7f260a42c0e0>> avec l'ancienne méthode !
2026-02-19 18:28:32,108 [INFO] taskcoachlib.gui.viewer.container: ViewerContainer.__getattr__ retourne l'attribut <bound method EffortViewer.curselection of <taskcoachlib.gui.viewer.effort.EffortViewer object at 0x7f260a42c0e0>> avec l'ancienne méthode !
2026-02-19 18:28:32,108 [INFO] taskcoachlib.gui.viewer.container: ViewerContainer.__getattr__ retourne l'attribut <bound method EffortViewer.curselection of <taskcoachlib.gui.viewer.effort.EffortViewer object at 0x7f260a42c0e0>> avec l'ancienne méthode !
2026-02-19 18:28:32,108 [DEBUG] taskcoachlib.domain.base.object: CompositeObject.subject : retourne le sujet de Task id=27ccbecc-6084-11e5-9f59-f07bcb8b1707 : Travailler sur mon Livre sur Ma Façon de Mixer.
2026-02-19 18:28:32,108 [DEBUG] taskcoachlib.domain.base.object: CompositeObject.subject : retourne le sujet de Task id=27ccbecc-6084-11e5-9f59-f07bcb8b1707 : Travailler sur mon Livre sur Ma Façon de Mixer.
2026-02-19 18:28:32,109 [DEBUG] taskcoachlib.domain.base.object: CompositeObject.subject : retourne le sujet de Task id=27ccbecc-6084-11e5-9f59-f07bcb8b1707 : Travailler sur mon Livre sur Ma Façon de Mixer.
2026-02-19 18:28:32,109 [DEBUG] taskcoachlib.domain.base.object: CompositeObject.subject : retourne le sujet de Task id=27ccbecc-6084-11e5-9f59-f07bcb8b1707 : Travailler sur mon Livre sur Ma Façon de Mixer.
2026-02-19 18:28:32,110 [DEBUG] taskcoachlib.domain.base.object: CompositeObject.subject : retourne le sujet de Task id=27ccbecc-6084-11e5-9f59-f07bcb8b1707 : Travailler sur mon Livre sur Ma Façon de Mixer.
2026-02-19 18:28:33,104 [DEBUG] taskcoachlib.domain.task.task: Task.__setattr__ : utilise la méthode super avec name=_Task__computed_status et value=inactive.
2026-02-19 18:28:33,104 [DEBUG] taskcoachlib.domain.task.task: Task.__setattr__ : utilise la méthode super avec name=_Task__status_text et value=Inactive.
2026-02-19 18:28:33,105 [DEBUG] taskcoachlib.domain.task.task: Task.__setattr__ : utilise la méthode super avec name=_Task__status_icon et value=led_grey_icon.
2026-02-19 18:28:33,105 [DEBUG] taskcoachlib.domain.task.task: Task.__setattr__ : utilise la méthode super avec name=_Task__status_source et value=No actual start date.
2026-02-19 18:28:33,109 [DEBUG] taskcoachlib.domain.task.task: Task.__setattr__ : utilise la méthode super avec name=_Task__status et value=inactive.
2026-02-19 18:28:33,109 [INFO] taskcoachlib.gui.viewer.container: ViewerContainer.__getattr__ retourne l'attribut <bound method EffortViewer.curselection of <taskcoachlib.gui.viewer.effort.EffortViewer object at 0x7f260a42c0e0>> avec l'ancienne méthode !
2026-02-19 18:28:33,109 [INFO] taskcoachlib.gui.viewer.container: ViewerContainer.__getattr__ retourne l'attribut <bound method EffortViewer.curselection of <taskcoachlib.gui.viewer.effort.EffortViewer object at 0x7f260a42c0e0>> avec l'ancienne méthode !
2026-02-19 18:28:33,109 [INFO] taskcoachlib.gui.viewer.container: ViewerContainer.__getattr__ retourne l'attribut <bound method EffortViewer.curselection of <taskcoachlib.gui.viewer.effort.EffortViewer object at 0x7f260a42c0e0>> avec l'ancienne méthode !
2026-02-19 18:28:33,109 [DEBUG] taskcoachlib.domain.base.object: CompositeObject.subject : retourne le sujet de Task id=27ccbecc-6084-11e5-9f59-f07bcb8b1707 : Travailler sur mon Livre sur Ma Façon de Mixer.
2026-02-19 18:28:33,110 [DEBUG] taskcoachlib.domain.base.object: CompositeObject.subject : retourne le sujet de Task id=27ccbecc-6084-11e5-9f59-f07bcb8b1707 : Travailler sur mon Livre sur Ma Façon de Mixer.
2026-02-19 18:28:33,110 [DEBUG] taskcoachlib.domain.base.object: CompositeObject.subject : retourne le sujet de Task id=27ccbecc-6084-11e5-9f59-f07bcb8b1707 : Travailler sur mon Livre sur Ma Façon de Mixer.
2026-02-19 18:28:33,111 [DEBUG] taskcoachlib.domain.base.object: CompositeObject.subject : retourne le sujet de Task id=27ccbecc-6084-11e5-9f59-f07bcb8b1707 : Travailler sur mon Livre sur Ma Façon de Mixer.
2026-02-19 18:28:33,111 [DEBUG] taskcoachlib.domain.base.object: CompositeObject.subject : retourne le sujet de Task id=27ccbecc-6084-11e5-9f59-f07bcb8b1707 : Travailler sur mon Livre sur Ma Façon de Mixer.
2026-02-19 18:28:34,105 [DEBUG] taskcoachlib.domain.task.task: Task.__setattr__ : utilise la méthode super avec name=_Task__computed_status et value=inactive.
2026-02-19 18:28:34,105 [DEBUG] taskcoachlib.domain.task.task: Task.__setattr__ : utilise la méthode super avec name=_Task__status_text et value=Inactive.
2026-02-19 18:28:34,105 [DEBUG] taskcoachlib.domain.task.task: Task.__setattr__ : utilise la méthode super avec name=_Task__status_icon et value=led_grey_icon.
2026-02-19 18:28:34,105 [DEBUG] taskcoachlib.domain.task.task: Task.__setattr__ : utilise la méthode super avec name=_Task__status_source et value=No actual start date.
2026-02-19 18:28:34,109 [DEBUG] taskcoachlib.domain.task.task: Task.__setattr__ : utilise la méthode super avec name=_Task__status et value=inactive.
2026-02-19 18:28:34,109 [INFO] taskcoachlib.gui.viewer.container: ViewerContainer.__getattr__ retourne l'attribut <bound method EffortViewer.curselection of <taskcoachlib.gui.viewer.effort.EffortViewer object at 0x7f260a42c0e0>> avec l'ancienne méthode !
2026-02-19 18:28:34,109 [INFO] taskcoachlib.gui.viewer.container: ViewerContainer.__getattr__ retourne l'attribut <bound method EffortViewer.curselection of <taskcoachlib.gui.viewer.effort.EffortViewer object at 0x7f260a42c0e0>> avec l'ancienne méthode !
2026-02-19 18:28:34,109 [INFO] taskcoachlib.gui.viewer.container: ViewerContainer.__getattr__ retourne l'attribut <bound method EffortViewer.curselection of <taskcoachlib.gui.viewer.effort.EffortViewer object at 0x7f260a42c0e0>> avec l'ancienne méthode !
2026-02-19 18:28:34,109 [DEBUG] taskcoachlib.domain.base.object: CompositeObject.subject : retourne le sujet de Task id=27ccbecc-6084-11e5-9f59-f07bcb8b1707 : Travailler sur mon Livre sur Ma Façon de Mixer.
2026-02-19 18:28:34,110 [DEBUG] taskcoachlib.domain.base.object: CompositeObject.subject : retourne le sujet de Task id=27ccbecc-6084-11e5-9f59-f07bcb8b1707 : Travailler sur mon Livre sur Ma Façon de Mixer.
2026-02-19 18:28:34,110 [DEBUG] taskcoachlib.domain.base.object: CompositeObject.subject : retourne le sujet de Task id=27ccbecc-6084-11e5-9f59-f07bcb8b1707 : Travailler sur mon Livre sur Ma Façon de Mixer.
2026-02-19 18:28:34,111 [DEBUG] taskcoachlib.domain.base.object: CompositeObject.subject : retourne le sujet de Task id=27ccbecc-6084-11e5-9f59-f07bcb8b1707 : Travailler sur mon Livre sur Ma Façon de Mixer.
2026-02-19 18:28:34,112 [DEBUG] taskcoachlib.domain.base.object: CompositeObject.subject : retourne le sujet de Task id=27ccbecc-6084-11e5-9f59-f07bcb8b1707 : Travailler sur mon Livre sur Ma Façon de Mixer.
2026-02-19 18:28:35,105 [DEBUG] taskcoachlib.domain.task.task: Task.__setattr__ : utilise la méthode super avec name=_Task__computed_status et value=inactive.
2026-02-19 18:28:35,105 [DEBUG] taskcoachlib.domain.task.task: Task.__setattr__ : utilise la méthode super avec name=_Task__status_text et value=Inactive.
2026-02-19 18:28:35,105 [DEBUG] taskcoachlib.domain.task.task: Task.__setattr__ : utilise la méthode super avec name=_Task__status_icon et value=led_grey_icon.
2026-02-19 18:28:35,106 [DEBUG] taskcoachlib.domain.task.task: Task.__setattr__ : utilise la méthode super avec name=_Task__status_source et value=No actual start date.
2026-02-19 18:28:35,109 [DEBUG] taskcoachlib.domain.task.task: Task.__setattr__ : utilise la méthode super avec name=_Task__status et value=inactive.
2026-02-19 18:28:35,109 [INFO] taskcoachlib.gui.viewer.container: ViewerContainer.__getattr__ retourne l'attribut <bound method EffortViewer.curselection of <taskcoachlib.gui.viewer.effort.EffortViewer object at 0x7f260a42c0e0>> avec l'ancienne méthode !
2026-02-19 18:28:35,109 [INFO] taskcoachlib.gui.viewer.container: ViewerContainer.__getattr__ retourne l'attribut <bound method EffortViewer.curselection of <taskcoachlib.gui.viewer.effort.EffortViewer object at 0x7f260a42c0e0>> avec l'ancienne méthode !
2026-02-19 18:28:35,109 [INFO] taskcoachlib.gui.viewer.container: ViewerContainer.__getattr__ retourne l'attribut <bound method EffortViewer.curselection of <taskcoachlib.gui.viewer.effort.EffortViewer object at 0x7f260a42c0e0>> avec l'ancienne méthode !
2026-02-19 18:28:35,109 [DEBUG] taskcoachlib.domain.base.object: CompositeObject.subject : retourne le sujet de Task id=27ccbecc-6084-11e5-9f59-f07bcb8b1707 : Travailler sur mon Livre sur Ma Façon de Mixer.
2026-02-19 18:28:35,110 [DEBUG] taskcoachlib.domain.base.object: CompositeObject.subject : retourne le sujet de Task id=27ccbecc-6084-11e5-9f59-f07bcb8b1707 : Travailler sur mon Livre sur Ma Façon de Mixer.
2026-02-19 18:28:35,110 [DEBUG] taskcoachlib.domain.base.object: CompositeObject.subject : retourne le sujet de Task id=27ccbecc-6084-11e5-9f59-f07bcb8b1707 : Travailler sur mon Livre sur Ma Façon de Mixer.
2026-02-19 18:28:35,111 [DEBUG] taskcoachlib.domain.base.object: CompositeObject.subject : retourne le sujet de Task id=27ccbecc-6084-11e5-9f59-f07bcb8b1707 : Travailler sur mon Livre sur Ma Façon de Mixer.
2026-02-19 18:28:35,112 [DEBUG] taskcoachlib.domain.base.object: CompositeObject.subject : retourne le sujet de Task id=27ccbecc-6084-11e5-9f59-f07bcb8b1707 : Travailler sur mon Livre sur Ma Façon de Mixer.
2026-02-19 18:28:36,105 [DEBUG] taskcoachlib.domain.task.task: Task.__setattr__ : utilise la méthode super avec name=_Task__computed_status et value=inactive.
2026-02-19 18:28:36,106 [DEBUG] taskcoachlib.domain.task.task: Task.__setattr__ : utilise la méthode super avec name=_Task__status_text et value=Inactive.
2026-02-19 18:28:36,106 [DEBUG] taskcoachlib.domain.task.task: Task.__setattr__ : utilise la méthode super avec name=_Task__status_icon et value=led_grey_icon.
2026-02-19 18:28:36,106 [DEBUG] taskcoachlib.domain.task.task: Task.__setattr__ : utilise la méthode super avec name=_Task__status_source et value=No actual start date.
2026-02-19 18:28:36,110 [DEBUG] taskcoachlib.domain.task.task: Task.__setattr__ : utilise la méthode super avec name=_Task__status et value=inactive.
2026-02-19 18:28:36,111 [INFO] taskcoachlib.gui.viewer.container: ViewerContainer.__getattr__ retourne l'attribut <bound method EffortViewer.curselection of <taskcoachlib.gui.viewer.effort.EffortViewer object at 0x7f260a42c0e0>> avec l'ancienne méthode !
2026-02-19 18:28:36,111 [INFO] taskcoachlib.gui.viewer.container: ViewerContainer.__getattr__ retourne l'attribut <bound method EffortViewer.curselection of <taskcoachlib.gui.viewer.effort.EffortViewer object at 0x7f260a42c0e0>> avec l'ancienne méthode !
2026-02-19 18:28:36,111 [INFO] taskcoachlib.gui.viewer.container: ViewerContainer.__getattr__ retourne l'attribut <bound method EffortViewer.curselection of <taskcoachlib.gui.viewer.effort.EffortViewer object at 0x7f260a42c0e0>> avec l'ancienne méthode !
2026-02-19 18:28:36,111 [DEBUG] taskcoachlib.domain.base.object: CompositeObject.subject : retourne le sujet de Task id=27ccbecc-6084-11e5-9f59-f07bcb8b1707 : Travailler sur mon Livre sur Ma Façon de Mixer.
2026-02-19 18:28:36,113 [DEBUG] taskcoachlib.domain.base.object: CompositeObject.subject : retourne le sujet de Task id=27ccbecc-6084-11e5-9f59-f07bcb8b1707 : Travailler sur mon Livre sur Ma Façon de Mixer.
2026-02-19 18:28:36,114 [DEBUG] taskcoachlib.domain.base.object: CompositeObject.subject : retourne le sujet de Task id=27ccbecc-6084-11e5-9f59-f07bcb8b1707 : Travailler sur mon Livre sur Ma Façon de Mixer.
2026-02-19 18:28:36,115 [DEBUG] taskcoachlib.domain.base.object: CompositeObject.subject : retourne le sujet de Task id=27ccbecc-6084-11e5-9f59-f07bcb8b1707 : Travailler sur mon Livre sur Ma Façon de Mixer.
2026-02-19 18:28:36,116 [DEBUG] taskcoachlib.domain.base.object: CompositeObject.subject : retourne le sujet de Task id=27ccbecc-6084-11e5-9f59-f07bcb8b1707 : Travailler sur mon Livre sur Ma Façon de Mixer.
2026-02-19 18:28:37,106 [DEBUG] taskcoachlib.domain.task.task: Task.__setattr__ : utilise la méthode super avec name=_Task__computed_status et value=inactive.
2026-02-19 18:28:37,106 [DEBUG] taskcoachlib.domain.task.task: Task.__setattr__ : utilise la méthode super avec name=_Task__status_text et value=Inactive.
2026-02-19 18:28:37,106 [DEBUG] taskcoachlib.domain.task.task: Task.__setattr__ : utilise la méthode super avec name=_Task__status_icon et value=led_grey_icon.
2026-02-19 18:28:37,106 [DEBUG] taskcoachlib.domain.task.task: Task.__setattr__ : utilise la méthode super avec name=_Task__status_source et value=No actual start date.
2026-02-19 18:28:37,110 [DEBUG] taskcoachlib.domain.task.task: Task.__setattr__ : utilise la méthode super avec name=_Task__status et value=inactive.
2026-02-19 18:28:37,111 [INFO] taskcoachlib.gui.viewer.container: ViewerContainer.__getattr__ retourne l'attribut <bound method EffortViewer.curselection of <taskcoachlib.gui.viewer.effort.EffortViewer object at 0x7f260a42c0e0>> avec l'ancienne méthode !
2026-02-19 18:28:37,111 [INFO] taskcoachlib.gui.viewer.container: ViewerContainer.__getattr__ retourne l'attribut <bound method EffortViewer.curselection of <taskcoachlib.gui.viewer.effort.EffortViewer object at 0x7f260a42c0e0>> avec l'ancienne méthode !
2026-02-19 18:28:37,111 [INFO] taskcoachlib.gui.viewer.container: ViewerContainer.__getattr__ retourne l'attribut <bound method EffortViewer.curselection of <taskcoachlib.gui.viewer.effort.EffortViewer object at 0x7f260a42c0e0>> avec l'ancienne méthode !
2026-02-19 18:28:37,111 [DEBUG] taskcoachlib.domain.base.object: CompositeObject.subject : retourne le sujet de Task id=27ccbecc-6084-11e5-9f59-f07bcb8b1707 : Travailler sur mon Livre sur Ma Façon de Mixer.
2026-02-19 18:28:37,113 [DEBUG] taskcoachlib.domain.base.object: CompositeObject.subject : retourne le sujet de Task id=27ccbecc-6084-11e5-9f59-f07bcb8b1707 : Travailler sur mon Livre sur Ma Façon de Mixer.
2026-02-19 18:28:37,114 [DEBUG] taskcoachlib.domain.base.object: CompositeObject.subject : retourne le sujet de Task id=27ccbecc-6084-11e5-9f59-f07bcb8b1707 : Travailler sur mon Livre sur Ma Façon de Mixer.
2026-02-19 18:28:37,115 [DEBUG] taskcoachlib.domain.base.object: CompositeObject.subject : retourne le sujet de Task id=27ccbecc-6084-11e5-9f59-f07bcb8b1707 : Travailler sur mon Livre sur Ma Façon de Mixer.
2026-02-19 18:28:37,116 [DEBUG] taskcoachlib.domain.base.object: CompositeObject.subject : retourne le sujet de Task id=27ccbecc-6084-11e5-9f59-f07bcb8b1707 : Travailler sur mon Livre sur Ma Façon de Mixer.
2026-02-19 18:28:38,106 [DEBUG] taskcoachlib.domain.task.task: Task.__setattr__ : utilise la méthode super avec name=_Task__computed_status et value=inactive.
2026-02-19 18:28:38,107 [DEBUG] taskcoachlib.domain.task.task: Task.__setattr__ : utilise la méthode super avec name=_Task__status_text et value=Inactive.
2026-02-19 18:28:38,107 [DEBUG] taskcoachlib.domain.task.task: Task.__setattr__ : utilise la méthode super avec name=_Task__status_icon et value=led_grey_icon.
2026-02-19 18:28:38,107 [DEBUG] taskcoachlib.domain.task.task: Task.__setattr__ : utilise la méthode super avec name=_Task__status_source et value=No actual start date.
2026-02-19 18:28:38,111 [DEBUG] taskcoachlib.domain.task.task: Task.__setattr__ : utilise la méthode super avec name=_Task__status et value=inactive.
2026-02-19 18:28:38,112 [INFO] taskcoachlib.gui.viewer.container: ViewerContainer.__getattr__ retourne l'attribut <bound method EffortViewer.curselection of <taskcoachlib.gui.viewer.effort.EffortViewer object at 0x7f260a42c0e0>> avec l'ancienne méthode !
2026-02-19 18:28:38,112 [INFO] taskcoachlib.gui.viewer.container: ViewerContainer.__getattr__ retourne l'attribut <bound method EffortViewer.curselection of <taskcoachlib.gui.viewer.effort.EffortViewer object at 0x7f260a42c0e0>> avec l'ancienne méthode !
2026-02-19 18:28:38,112 [INFO] taskcoachlib.gui.viewer.container: ViewerContainer.__getattr__ retourne l'attribut <bound method EffortViewer.curselection of <taskcoachlib.gui.viewer.effort.EffortViewer object at 0x7f260a42c0e0>> avec l'ancienne méthode !
2026-02-19 18:28:38,112 [DEBUG] taskcoachlib.domain.base.object: CompositeObject.subject : retourne le sujet de Task id=27ccbecc-6084-11e5-9f59-f07bcb8b1707 : Travailler sur mon Livre sur Ma Façon de Mixer.
2026-02-19 18:28:38,113 [DEBUG] taskcoachlib.domain.base.object: CompositeObject.subject : retourne le sujet de Task id=27ccbecc-6084-11e5-9f59-f07bcb8b1707 : Travailler sur mon Livre sur Ma Façon de Mixer.
2026-02-19 18:28:38,115 [DEBUG] taskcoachlib.domain.base.object: CompositeObject.subject : retourne le sujet de Task id=27ccbecc-6084-11e5-9f59-f07bcb8b1707 : Travailler sur mon Livre sur Ma Façon de Mixer.
2026-02-19 18:28:38,116 [DEBUG] taskcoachlib.domain.base.object: CompositeObject.subject : retourne le sujet de Task id=27ccbecc-6084-11e5-9f59-f07bcb8b1707 : Travailler sur mon Livre sur Ma Façon de Mixer.
2026-02-19 18:28:38,117 [DEBUG] taskcoachlib.domain.base.object: CompositeObject.subject : retourne le sujet de Task id=27ccbecc-6084-11e5-9f59-f07bcb8b1707 : Travailler sur mon Livre sur Ma Façon de Mixer.
2026-02-19 18:28:39,107 [DEBUG] taskcoachlib.domain.task.task: Task.__setattr__ : utilise la méthode super avec name=_Task__computed_status et value=inactive.
2026-02-19 18:28:39,107 [DEBUG] taskcoachlib.domain.task.task: Task.__setattr__ : utilise la méthode super avec name=_Task__status_text et value=Inactive.
2026-02-19 18:28:39,107 [DEBUG] taskcoachlib.domain.task.task: Task.__setattr__ : utilise la méthode super avec name=_Task__status_icon et value=led_grey_icon.
2026-02-19 18:28:39,107 [DEBUG] taskcoachlib.domain.task.task: Task.__setattr__ : utilise la méthode super avec name=_Task__status_source et value=No actual start date.
2026-02-19 18:28:39,111 [DEBUG] taskcoachlib.domain.task.task: Task.__setattr__ : utilise la méthode super avec name=_Task__status et value=inactive.
2026-02-19 18:28:39,112 [INFO] taskcoachlib.gui.viewer.container: ViewerContainer.__getattr__ retourne l'attribut <bound method EffortViewer.curselection of <taskcoachlib.gui.viewer.effort.EffortViewer object at 0x7f260a42c0e0>> avec l'ancienne méthode !
2026-02-19 18:28:39,112 [INFO] taskcoachlib.gui.viewer.container: ViewerContainer.__getattr__ retourne l'attribut <bound method EffortViewer.curselection of <taskcoachlib.gui.viewer.effort.EffortViewer object at 0x7f260a42c0e0>> avec l'ancienne méthode !
2026-02-19 18:28:39,112 [INFO] taskcoachlib.gui.viewer.container: ViewerContainer.__getattr__ retourne l'attribut <bound method EffortViewer.curselection of <taskcoachlib.gui.viewer.effort.EffortViewer object at 0x7f260a42c0e0>> avec l'ancienne méthode !
2026-02-19 18:28:39,113 [DEBUG] taskcoachlib.domain.base.object: CompositeObject.subject : retourne le sujet de Task id=27ccbecc-6084-11e5-9f59-f07bcb8b1707 : Travailler sur mon Livre sur Ma Façon de Mixer.
2026-02-19 18:28:39,114 [DEBUG] taskcoachlib.domain.base.object: CompositeObject.subject : retourne le sujet de Task id=27ccbecc-6084-11e5-9f59-f07bcb8b1707 : Travailler sur mon Livre sur Ma Façon de Mixer.
2026-02-19 18:28:39,115 [DEBUG] taskcoachlib.domain.base.object: CompositeObject.subject : retourne le sujet de Task id=27ccbecc-6084-11e5-9f59-f07bcb8b1707 : Travailler sur mon Livre sur Ma Façon de Mixer.
2026-02-19 18:28:39,116 [DEBUG] taskcoachlib.domain.base.object: CompositeObject.subject : retourne le sujet de Task id=27ccbecc-6084-11e5-9f59-f07bcb8b1707 : Travailler sur mon Livre sur Ma Façon de Mixer.
2026-02-19 18:28:39,117 [DEBUG] taskcoachlib.domain.base.object: CompositeObject.subject : retourne le sujet de Task id=27ccbecc-6084-11e5-9f59-f07bcb8b1707 : Travailler sur mon Livre sur Ma Façon de Mixer.
2026-02-19 18:28:40,107 [DEBUG] taskcoachlib.domain.task.task: Task.__setattr__ : utilise la méthode super avec name=_Task__computed_status et value=inactive.
2026-02-19 18:28:40,107 [DEBUG] taskcoachlib.domain.task.task: Task.__setattr__ : utilise la méthode super avec name=_Task__status_text et value=Inactive.
2026-02-19 18:28:40,107 [DEBUG] taskcoachlib.domain.task.task: Task.__setattr__ : utilise la méthode super avec name=_Task__status_icon et value=led_grey_icon.
2026-02-19 18:28:40,108 [DEBUG] taskcoachlib.domain.task.task: Task.__setattr__ : utilise la méthode super avec name=_Task__status_source et value=No actual start date.
2026-02-19 18:28:40,112 [DEBUG] taskcoachlib.domain.task.task: Task.__setattr__ : utilise la méthode super avec name=_Task__status et value=inactive.
2026-02-19 18:28:40,112 [INFO] taskcoachlib.gui.viewer.container: ViewerContainer.__getattr__ retourne l'attribut <bound method EffortViewer.curselection of <taskcoachlib.gui.viewer.effort.EffortViewer object at 0x7f260a42c0e0>> avec l'ancienne méthode !
2026-02-19 18:28:40,112 [INFO] taskcoachlib.gui.viewer.container: ViewerContainer.__getattr__ retourne l'attribut <bound method EffortViewer.curselection of <taskcoachlib.gui.viewer.effort.EffortViewer object at 0x7f260a42c0e0>> avec l'ancienne méthode !
2026-02-19 18:28:40,113 [INFO] taskcoachlib.gui.viewer.container: ViewerContainer.__getattr__ retourne l'attribut <bound method EffortViewer.curselection of <taskcoachlib.gui.viewer.effort.EffortViewer object at 0x7f260a42c0e0>> avec l'ancienne méthode !
2026-02-19 18:28:40,113 [DEBUG] taskcoachlib.domain.base.object: CompositeObject.subject : retourne le sujet de Task id=27ccbecc-6084-11e5-9f59-f07bcb8b1707 : Travailler sur mon Livre sur Ma Façon de Mixer.
2026-02-19 18:28:40,114 [DEBUG] taskcoachlib.domain.base.object: CompositeObject.subject : retourne le sujet de Task id=27ccbecc-6084-11e5-9f59-f07bcb8b1707 : Travailler sur mon Livre sur Ma Façon de Mixer.
2026-02-19 18:28:40,115 [DEBUG] taskcoachlib.domain.base.object: CompositeObject.subject : retourne le sujet de Task id=27ccbecc-6084-11e5-9f59-f07bcb8b1707 : Travailler sur mon Livre sur Ma Façon de Mixer.
2026-02-19 18:28:40,117 [DEBUG] taskcoachlib.domain.base.object: CompositeObject.subject : retourne le sujet de Task id=27ccbecc-6084-11e5-9f59-f07bcb8b1707 : Travailler sur mon Livre sur Ma Façon de Mixer.
2026-02-19 18:28:40,118 [DEBUG] taskcoachlib.domain.base.object: CompositeObject.subject : retourne le sujet de Task id=27ccbecc-6084-11e5-9f59-f07bcb8b1707 : Travailler sur mon Livre sur Ma Façon de Mixer.
2026-02-19 18:28:41,107 [DEBUG] taskcoachlib.domain.task.task: Task.__setattr__ : utilise la méthode super avec name=_Task__computed_status et value=inactive.
2026-02-19 18:28:41,108 [DEBUG] taskcoachlib.domain.task.task: Task.__setattr__ : utilise la méthode super avec name=_Task__status_text et value=Inactive.
2026-02-19 18:28:41,108 [DEBUG] taskcoachlib.domain.task.task: Task.__setattr__ : utilise la méthode super avec name=_Task__status_icon et value=led_grey_icon.
2026-02-19 18:28:41,108 [DEBUG] taskcoachlib.domain.task.task: Task.__setattr__ : utilise la méthode super avec name=_Task__status_source et value=No actual start date.
2026-02-19 18:28:41,111 [DEBUG] taskcoachlib.domain.task.task: Task.__setattr__ : utilise la méthode super avec name=_Task__status et value=inactive.
2026-02-19 18:28:41,111 [INFO] taskcoachlib.gui.viewer.container: ViewerContainer.__getattr__ retourne l'attribut <bound method EffortViewer.curselection of <taskcoachlib.gui.viewer.effort.EffortViewer object at 0x7f260a42c0e0>> avec l'ancienne méthode !
2026-02-19 18:28:41,111 [INFO] taskcoachlib.gui.viewer.container: ViewerContainer.__getattr__ retourne l'attribut <bound method EffortViewer.curselection of <taskcoachlib.gui.viewer.effort.EffortViewer object at 0x7f260a42c0e0>> avec l'ancienne méthode !
2026-02-19 18:28:41,111 [INFO] taskcoachlib.gui.viewer.container: ViewerContainer.__getattr__ retourne l'attribut <bound method EffortViewer.curselection of <taskcoachlib.gui.viewer.effort.EffortViewer object at 0x7f260a42c0e0>> avec l'ancienne méthode !
2026-02-19 18:28:41,111 [DEBUG] taskcoachlib.domain.base.object: CompositeObject.subject : retourne le sujet de Task id=27ccbecc-6084-11e5-9f59-f07bcb8b1707 : Travailler sur mon Livre sur Ma Façon de Mixer.
2026-02-19 18:28:41,112 [DEBUG] taskcoachlib.domain.base.object: CompositeObject.subject : retourne le sujet de Task id=27ccbecc-6084-11e5-9f59-f07bcb8b1707 : Travailler sur mon Livre sur Ma Façon de Mixer.
2026-02-19 18:28:41,113 [DEBUG] taskcoachlib.domain.base.object: CompositeObject.subject : retourne le sujet de Task id=27ccbecc-6084-11e5-9f59-f07bcb8b1707 : Travailler sur mon Livre sur Ma Façon de Mixer.
2026-02-19 18:28:41,113 [DEBUG] taskcoachlib.domain.base.object: CompositeObject.subject : retourne le sujet de Task id=27ccbecc-6084-11e5-9f59-f07bcb8b1707 : Travailler sur mon Livre sur Ma Façon de Mixer.
2026-02-19 18:28:41,114 [DEBUG] taskcoachlib.domain.base.object: CompositeObject.subject : retourne le sujet de Task id=27ccbecc-6084-11e5-9f59-f07bcb8b1707 : Travailler sur mon Livre sur Ma Façon de Mixer.
2026-02-19 18:28:42,108 [DEBUG] taskcoachlib.domain.task.task: Task.__setattr__ : utilise la méthode super avec name=_Task__computed_status et value=inactive.
2026-02-19 18:28:42,108 [DEBUG] taskcoachlib.domain.task.task: Task.__setattr__ : utilise la méthode super avec name=_Task__status_text et value=Inactive.
2026-02-19 18:28:42,109 [DEBUG] taskcoachlib.domain.task.task: Task.__setattr__ : utilise la méthode super avec name=_Task__status_icon et value=led_grey_icon.
2026-02-19 18:28:42,109 [DEBUG] taskcoachlib.domain.task.task: Task.__setattr__ : utilise la méthode super avec name=_Task__status_source et value=No actual start date.
2026-02-19 18:28:42,113 [DEBUG] taskcoachlib.domain.task.task: Task.__setattr__ : utilise la méthode super avec name=_Task__status et value=inactive.
2026-02-19 18:28:42,113 [INFO] taskcoachlib.gui.viewer.container: ViewerContainer.__getattr__ retourne l'attribut <bound method EffortViewer.curselection of <taskcoachlib.gui.viewer.effort.EffortViewer object at 0x7f260a42c0e0>> avec l'ancienne méthode !
2026-02-19 18:28:42,114 [INFO] taskcoachlib.gui.viewer.container: ViewerContainer.__getattr__ retourne l'attribut <bound method EffortViewer.curselection of <taskcoachlib.gui.viewer.effort.EffortViewer object at 0x7f260a42c0e0>> avec l'ancienne méthode !
2026-02-19 18:28:42,114 [INFO] taskcoachlib.gui.viewer.container: ViewerContainer.__getattr__ retourne l'attribut <bound method EffortViewer.curselection of <taskcoachlib.gui.viewer.effort.EffortViewer object at 0x7f260a42c0e0>> avec l'ancienne méthode !
2026-02-19 18:28:42,114 [DEBUG] taskcoachlib.domain.base.object: CompositeObject.subject : retourne le sujet de Task id=27ccbecc-6084-11e5-9f59-f07bcb8b1707 : Travailler sur mon Livre sur Ma Façon de Mixer.
2026-02-19 18:28:42,114 [DEBUG] taskcoachlib.domain.base.object: CompositeObject.subject : retourne le sujet de Task id=27ccbecc-6084-11e5-9f59-f07bcb8b1707 : Travailler sur mon Livre sur Ma Façon de Mixer.
2026-02-19 18:28:42,115 [DEBUG] taskcoachlib.domain.base.object: CompositeObject.subject : retourne le sujet de Task id=27ccbecc-6084-11e5-9f59-f07bcb8b1707 : Travailler sur mon Livre sur Ma Façon de Mixer.
2026-02-19 18:28:42,116 [DEBUG] taskcoachlib.domain.base.object: CompositeObject.subject : retourne le sujet de Task id=27ccbecc-6084-11e5-9f59-f07bcb8b1707 : Travailler sur mon Livre sur Ma Façon de Mixer.
2026-02-19 18:28:42,116 [DEBUG] taskcoachlib.domain.base.object: CompositeObject.subject : retourne le sujet de Task id=27ccbecc-6084-11e5-9f59-f07bcb8b1707 : Travailler sur mon Livre sur Ma Façon de Mixer.
2026-02-19 18:28:43,108 [DEBUG] taskcoachlib.domain.task.task: Task.__setattr__ : utilise la méthode super avec name=_Task__computed_status et value=inactive.
2026-02-19 18:28:43,108 [DEBUG] taskcoachlib.domain.task.task: Task.__setattr__ : utilise la méthode super avec name=_Task__status_text et value=Inactive.
2026-02-19 18:28:43,108 [DEBUG] taskcoachlib.domain.task.task: Task.__setattr__ : utilise la méthode super avec name=_Task__status_icon et value=led_grey_icon.
2026-02-19 18:28:43,109 [DEBUG] taskcoachlib.domain.task.task: Task.__setattr__ : utilise la méthode super avec name=_Task__status_source et value=No actual start date.
2026-02-19 18:28:43,111 [DEBUG] taskcoachlib.domain.task.task: Task.__setattr__ : utilise la méthode super avec name=_Task__status et value=inactive.
2026-02-19 18:28:43,111 [INFO] taskcoachlib.gui.viewer.container: ViewerContainer.__getattr__ retourne l'attribut <bound method EffortViewer.curselection of <taskcoachlib.gui.viewer.effort.EffortViewer object at 0x7f260a42c0e0>> avec l'ancienne méthode !
2026-02-19 18:28:43,112 [INFO] taskcoachlib.gui.viewer.container: ViewerContainer.__getattr__ retourne l'attribut <bound method EffortViewer.curselection of <taskcoachlib.gui.viewer.effort.EffortViewer object at 0x7f260a42c0e0>> avec l'ancienne méthode !
2026-02-19 18:28:43,112 [INFO] taskcoachlib.gui.viewer.container: ViewerContainer.__getattr__ retourne l'attribut <bound method EffortViewer.curselection of <taskcoachlib.gui.viewer.effort.EffortViewer object at 0x7f260a42c0e0>> avec l'ancienne méthode !
2026-02-19 18:28:43,112 [DEBUG] taskcoachlib.domain.base.object: CompositeObject.subject : retourne le sujet de Task id=27ccbecc-6084-11e5-9f59-f07bcb8b1707 : Travailler sur mon Livre sur Ma Façon de Mixer.
2026-02-19 18:28:43,112 [DEBUG] taskcoachlib.domain.base.object: CompositeObject.subject : retourne le sujet de Task id=27ccbecc-6084-11e5-9f59-f07bcb8b1707 : Travailler sur mon Livre sur Ma Façon de Mixer.
2026-02-19 18:28:43,113 [DEBUG] taskcoachlib.domain.base.object: CompositeObject.subject : retourne le sujet de Task id=27ccbecc-6084-11e5-9f59-f07bcb8b1707 : Travailler sur mon Livre sur Ma Façon de Mixer.
2026-02-19 18:28:43,113 [DEBUG] taskcoachlib.domain.base.object: CompositeObject.subject : retourne le sujet de Task id=27ccbecc-6084-11e5-9f59-f07bcb8b1707 : Travailler sur mon Livre sur Ma Façon de Mixer.
2026-02-19 18:28:43,114 [DEBUG] taskcoachlib.domain.base.object: CompositeObject.subject : retourne le sujet de Task id=27ccbecc-6084-11e5-9f59-f07bcb8b1707 : Travailler sur mon Livre sur Ma Façon de Mixer.
2026-02-19 18:28:44,109 [DEBUG] taskcoachlib.domain.task.task: Task.__setattr__ : utilise la méthode super avec name=_Task__computed_status et value=inactive.
2026-02-19 18:28:44,109 [DEBUG] taskcoachlib.domain.task.task: Task.__setattr__ : utilise la méthode super avec name=_Task__status_text et value=Inactive.
2026-02-19 18:28:44,109 [DEBUG] taskcoachlib.domain.task.task: Task.__setattr__ : utilise la méthode super avec name=_Task__status_icon et value=led_grey_icon.
2026-02-19 18:28:44,109 [DEBUG] taskcoachlib.domain.task.task: Task.__setattr__ : utilise la méthode super avec name=_Task__status_source et value=No actual start date.
2026-02-19 18:28:44,114 [DEBUG] taskcoachlib.domain.task.task: Task.__setattr__ : utilise la méthode super avec name=_Task__status et value=inactive.
2026-02-19 18:28:44,114 [INFO] taskcoachlib.gui.viewer.container: ViewerContainer.__getattr__ retourne l'attribut <bound method EffortViewer.curselection of <taskcoachlib.gui.viewer.effort.EffortViewer object at 0x7f260a42c0e0>> avec l'ancienne méthode !
2026-02-19 18:28:44,114 [INFO] taskcoachlib.gui.viewer.container: ViewerContainer.__getattr__ retourne l'attribut <bound method EffortViewer.curselection of <taskcoachlib.gui.viewer.effort.EffortViewer object at 0x7f260a42c0e0>> avec l'ancienne méthode !
2026-02-19 18:28:44,114 [INFO] taskcoachlib.gui.viewer.container: ViewerContainer.__getattr__ retourne l'attribut <bound method EffortViewer.curselection of <taskcoachlib.gui.viewer.effort.EffortViewer object at 0x7f260a42c0e0>> avec l'ancienne méthode !
2026-02-19 18:28:44,115 [DEBUG] taskcoachlib.domain.base.object: CompositeObject.subject : retourne le sujet de Task id=27ccbecc-6084-11e5-9f59-f07bcb8b1707 : Travailler sur mon Livre sur Ma Façon de Mixer.
2026-02-19 18:28:44,116 [DEBUG] taskcoachlib.domain.base.object: CompositeObject.subject : retourne le sujet de Task id=27ccbecc-6084-11e5-9f59-f07bcb8b1707 : Travailler sur mon Livre sur Ma Façon de Mixer.
2026-02-19 18:28:44,117 [DEBUG] taskcoachlib.domain.base.object: CompositeObject.subject : retourne le sujet de Task id=27ccbecc-6084-11e5-9f59-f07bcb8b1707 : Travailler sur mon Livre sur Ma Façon de Mixer.
2026-02-19 18:28:44,118 [DEBUG] taskcoachlib.domain.base.object: CompositeObject.subject : retourne le sujet de Task id=27ccbecc-6084-11e5-9f59-f07bcb8b1707 : Travailler sur mon Livre sur Ma Façon de Mixer.
2026-02-19 18:28:44,119 [DEBUG] taskcoachlib.domain.base.object: CompositeObject.subject : retourne le sujet de Task id=27ccbecc-6084-11e5-9f59-f07bcb8b1707 : Travailler sur mon Livre sur Ma Façon de Mixer.
2026-02-19 18:28:45,109 [DEBUG] taskcoachlib.domain.task.task: Task.__setattr__ : utilise la méthode super avec name=_Task__computed_status et value=inactive.
2026-02-19 18:28:45,109 [DEBUG] taskcoachlib.domain.task.task: Task.__setattr__ : utilise la méthode super avec name=_Task__status_text et value=Inactive.
2026-02-19 18:28:45,109 [DEBUG] taskcoachlib.domain.task.task: Task.__setattr__ : utilise la méthode super avec name=_Task__status_icon et value=led_grey_icon.
2026-02-19 18:28:45,110 [DEBUG] taskcoachlib.domain.task.task: Task.__setattr__ : utilise la méthode super avec name=_Task__status_source et value=No actual start date.
2026-02-19 18:28:45,114 [DEBUG] taskcoachlib.domain.task.task: Task.__setattr__ : utilise la méthode super avec name=_Task__status et value=inactive.
2026-02-19 18:28:45,114 [INFO] taskcoachlib.gui.viewer.container: ViewerContainer.__getattr__ retourne l'attribut <bound method EffortViewer.curselection of <taskcoachlib.gui.viewer.effort.EffortViewer object at 0x7f260a42c0e0>> avec l'ancienne méthode !
2026-02-19 18:28:45,115 [INFO] taskcoachlib.gui.viewer.container: ViewerContainer.__getattr__ retourne l'attribut <bound method EffortViewer.curselection of <taskcoachlib.gui.viewer.effort.EffortViewer object at 0x7f260a42c0e0>> avec l'ancienne méthode !
2026-02-19 18:28:45,115 [INFO] taskcoachlib.gui.viewer.container: ViewerContainer.__getattr__ retourne l'attribut <bound method EffortViewer.curselection of <taskcoachlib.gui.viewer.effort.EffortViewer object at 0x7f260a42c0e0>> avec l'ancienne méthode !
2026-02-19 18:28:45,115 [DEBUG] taskcoachlib.domain.base.object: CompositeObject.subject : retourne le sujet de Task id=27ccbecc-6084-11e5-9f59-f07bcb8b1707 : Travailler sur mon Livre sur Ma Façon de Mixer.
2026-02-19 18:28:45,116 [DEBUG] taskcoachlib.domain.base.object: CompositeObject.subject : retourne le sujet de Task id=27ccbecc-6084-11e5-9f59-f07bcb8b1707 : Travailler sur mon Livre sur Ma Façon de Mixer.
2026-02-19 18:28:45,117 [DEBUG] taskcoachlib.domain.base.object: CompositeObject.subject : retourne le sujet de Task id=27ccbecc-6084-11e5-9f59-f07bcb8b1707 : Travailler sur mon Livre sur Ma Façon de Mixer.
2026-02-19 18:28:45,119 [DEBUG] taskcoachlib.domain.base.object: CompositeObject.subject : retourne le sujet de Task id=27ccbecc-6084-11e5-9f59-f07bcb8b1707 : Travailler sur mon Livre sur Ma Façon de Mixer.
2026-02-19 18:28:45,120 [DEBUG] taskcoachlib.domain.base.object: CompositeObject.subject : retourne le sujet de Task id=27ccbecc-6084-11e5-9f59-f07bcb8b1707 : Travailler sur mon Livre sur Ma Façon de Mixer.
2026-02-19 18:28:46,109 [DEBUG] taskcoachlib.domain.task.task: Task.__setattr__ : utilise la méthode super avec name=_Task__computed_status et value=inactive.
2026-02-19 18:28:46,109 [DEBUG] taskcoachlib.domain.task.task: Task.__setattr__ : utilise la méthode super avec name=_Task__status_text et value=Inactive.
2026-02-19 18:28:46,110 [DEBUG] taskcoachlib.domain.task.task: Task.__setattr__ : utilise la méthode super avec name=_Task__status_icon et value=led_grey_icon.
2026-02-19 18:28:46,110 [DEBUG] taskcoachlib.domain.task.task: Task.__setattr__ : utilise la méthode super avec name=_Task__status_source et value=No actual start date.
2026-02-19 18:28:46,114 [DEBUG] taskcoachlib.domain.task.task: Task.__setattr__ : utilise la méthode super avec name=_Task__status et value=inactive.
2026-02-19 18:28:46,114 [INFO] taskcoachlib.gui.viewer.container: ViewerContainer.__getattr__ retourne l'attribut <bound method EffortViewer.curselection of <taskcoachlib.gui.viewer.effort.EffortViewer object at 0x7f260a42c0e0>> avec l'ancienne méthode !
2026-02-19 18:28:46,115 [INFO] taskcoachlib.gui.viewer.container: ViewerContainer.__getattr__ retourne l'attribut <bound method EffortViewer.curselection of <taskcoachlib.gui.viewer.effort.EffortViewer object at 0x7f260a42c0e0>> avec l'ancienne méthode !
2026-02-19 18:28:46,115 [INFO] taskcoachlib.gui.viewer.container: ViewerContainer.__getattr__ retourne l'attribut <bound method EffortViewer.curselection of <taskcoachlib.gui.viewer.effort.EffortViewer object at 0x7f260a42c0e0>> avec l'ancienne méthode !
2026-02-19 18:28:46,115 [DEBUG] taskcoachlib.domain.base.object: CompositeObject.subject : retourne le sujet de Task id=27ccbecc-6084-11e5-9f59-f07bcb8b1707 : Travailler sur mon Livre sur Ma Façon de Mixer.
2026-02-19 18:28:46,116 [DEBUG] taskcoachlib.domain.base.object: CompositeObject.subject : retourne le sujet de Task id=27ccbecc-6084-11e5-9f59-f07bcb8b1707 : Travailler sur mon Livre sur Ma Façon de Mixer.
2026-02-19 18:28:46,118 [DEBUG] taskcoachlib.domain.base.object: CompositeObject.subject : retourne le sujet de Task id=27ccbecc-6084-11e5-9f59-f07bcb8b1707 : Travailler sur mon Livre sur Ma Façon de Mixer.
2026-02-19 18:28:46,119 [DEBUG] taskcoachlib.domain.base.object: CompositeObject.subject : retourne le sujet de Task id=27ccbecc-6084-11e5-9f59-f07bcb8b1707 : Travailler sur mon Livre sur Ma Façon de Mixer.
2026-02-19 18:28:46,120 [DEBUG] taskcoachlib.domain.base.object: CompositeObject.subject : retourne le sujet de Task id=27ccbecc-6084-11e5-9f59-f07bcb8b1707 : Travailler sur mon Livre sur Ma Façon de Mixer.
2026-02-19 18:28:47,109 [DEBUG] taskcoachlib.domain.task.task: Task.__setattr__ : utilise la méthode super avec name=_Task__computed_status et value=inactive.
2026-02-19 18:28:47,110 [DEBUG] taskcoachlib.domain.task.task: Task.__setattr__ : utilise la méthode super avec name=_Task__status_text et value=Inactive.
2026-02-19 18:28:47,110 [DEBUG] taskcoachlib.domain.task.task: Task.__setattr__ : utilise la méthode super avec name=_Task__status_icon et value=led_grey_icon.
2026-02-19 18:28:47,110 [DEBUG] taskcoachlib.domain.task.task: Task.__setattr__ : utilise la méthode super avec name=_Task__status_source et value=No actual start date.
2026-02-19 18:28:47,114 [DEBUG] taskcoachlib.domain.task.task: Task.__setattr__ : utilise la méthode super avec name=_Task__status et value=inactive.
2026-02-19 18:28:47,115 [INFO] taskcoachlib.gui.viewer.container: ViewerContainer.__getattr__ retourne l'attribut <bound method EffortViewer.curselection of <taskcoachlib.gui.viewer.effort.EffortViewer object at 0x7f260a42c0e0>> avec l'ancienne méthode !
2026-02-19 18:28:47,115 [INFO] taskcoachlib.gui.viewer.container: ViewerContainer.__getattr__ retourne l'attribut <bound method EffortViewer.curselection of <taskcoachlib.gui.viewer.effort.EffortViewer object at 0x7f260a42c0e0>> avec l'ancienne méthode !
2026-02-19 18:28:47,115 [INFO] taskcoachlib.gui.viewer.container: ViewerContainer.__getattr__ retourne l'attribut <bound method EffortViewer.curselection of <taskcoachlib.gui.viewer.effort.EffortViewer object at 0x7f260a42c0e0>> avec l'ancienne méthode !
2026-02-19 18:28:47,115 [DEBUG] taskcoachlib.domain.base.object: CompositeObject.subject : retourne le sujet de Task id=27ccbecc-6084-11e5-9f59-f07bcb8b1707 : Travailler sur mon Livre sur Ma Façon de Mixer.
2026-02-19 18:28:47,117 [DEBUG] taskcoachlib.domain.base.object: CompositeObject.subject : retourne le sujet de Task id=27ccbecc-6084-11e5-9f59-f07bcb8b1707 : Travailler sur mon Livre sur Ma Façon de Mixer.
2026-02-19 18:28:47,118 [DEBUG] taskcoachlib.domain.base.object: CompositeObject.subject : retourne le sujet de Task id=27ccbecc-6084-11e5-9f59-f07bcb8b1707 : Travailler sur mon Livre sur Ma Façon de Mixer.
2026-02-19 18:28:47,119 [DEBUG] taskcoachlib.domain.base.object: CompositeObject.subject : retourne le sujet de Task id=27ccbecc-6084-11e5-9f59-f07bcb8b1707 : Travailler sur mon Livre sur Ma Façon de Mixer.
2026-02-19 18:28:47,121 [DEBUG] taskcoachlib.domain.base.object: CompositeObject.subject : retourne le sujet de Task id=27ccbecc-6084-11e5-9f59-f07bcb8b1707 : Travailler sur mon Livre sur Ma Façon de Mixer.
2026-02-19 18:28:48,110 [DEBUG] taskcoachlib.domain.task.task: Task.__setattr__ : utilise la méthode super avec name=_Task__computed_status et value=inactive.
2026-02-19 18:28:48,110 [DEBUG] taskcoachlib.domain.task.task: Task.__setattr__ : utilise la méthode super avec name=_Task__status_text et value=Inactive.
2026-02-19 18:28:48,110 [DEBUG] taskcoachlib.domain.task.task: Task.__setattr__ : utilise la méthode super avec name=_Task__status_icon et value=led_grey_icon.
2026-02-19 18:28:48,110 [DEBUG] taskcoachlib.domain.task.task: Task.__setattr__ : utilise la méthode super avec name=_Task__status_source et value=No actual start date.
2026-02-19 18:28:48,115 [DEBUG] taskcoachlib.domain.task.task: Task.__setattr__ : utilise la méthode super avec name=_Task__status et value=inactive.
2026-02-19 18:28:48,115 [INFO] taskcoachlib.gui.viewer.container: ViewerContainer.__getattr__ retourne l'attribut <bound method EffortViewer.curselection of <taskcoachlib.gui.viewer.effort.EffortViewer object at 0x7f260a42c0e0>> avec l'ancienne méthode !
2026-02-19 18:28:48,116 [INFO] taskcoachlib.gui.viewer.container: ViewerContainer.__getattr__ retourne l'attribut <bound method EffortViewer.curselection of <taskcoachlib.gui.viewer.effort.EffortViewer object at 0x7f260a42c0e0>> avec l'ancienne méthode !
2026-02-19 18:28:48,116 [INFO] taskcoachlib.gui.viewer.container: ViewerContainer.__getattr__ retourne l'attribut <bound method EffortViewer.curselection of <taskcoachlib.gui.viewer.effort.EffortViewer object at 0x7f260a42c0e0>> avec l'ancienne méthode !
2026-02-19 18:28:48,116 [DEBUG] taskcoachlib.domain.base.object: CompositeObject.subject : retourne le sujet de Task id=27ccbecc-6084-11e5-9f59-f07bcb8b1707 : Travailler sur mon Livre sur Ma Façon de Mixer.
2026-02-19 18:28:48,117 [DEBUG] taskcoachlib.domain.base.object: CompositeObject.subject : retourne le sujet de Task id=27ccbecc-6084-11e5-9f59-f07bcb8b1707 : Travailler sur mon Livre sur Ma Façon de Mixer.
2026-02-19 18:28:48,119 [DEBUG] taskcoachlib.domain.base.object: CompositeObject.subject : retourne le sujet de Task id=27ccbecc-6084-11e5-9f59-f07bcb8b1707 : Travailler sur mon Livre sur Ma Façon de Mixer.
2026-02-19 18:28:48,120 [DEBUG] taskcoachlib.domain.base.object: CompositeObject.subject : retourne le sujet de Task id=27ccbecc-6084-11e5-9f59-f07bcb8b1707 : Travailler sur mon Livre sur Ma Façon de Mixer.
2026-02-19 18:28:48,121 [DEBUG] taskcoachlib.domain.base.object: CompositeObject.subject : retourne le sujet de Task id=27ccbecc-6084-11e5-9f59-f07bcb8b1707 : Travailler sur mon Livre sur Ma Façon de Mixer.
2026-02-19 18:28:49,110 [DEBUG] taskcoachlib.domain.task.task: Task.__setattr__ : utilise la méthode super avec name=_Task__computed_status et value=inactive.
2026-02-19 18:28:49,110 [DEBUG] taskcoachlib.domain.task.task: Task.__setattr__ : utilise la méthode super avec name=_Task__status_text et value=Inactive.
2026-02-19 18:28:49,110 [DEBUG] taskcoachlib.domain.task.task: Task.__setattr__ : utilise la méthode super avec name=_Task__status_icon et value=led_grey_icon.
2026-02-19 18:28:49,111 [DEBUG] taskcoachlib.domain.task.task: Task.__setattr__ : utilise la méthode super avec name=_Task__status_source et value=No actual start date.
2026-02-19 18:28:49,115 [DEBUG] taskcoachlib.domain.task.task: Task.__setattr__ : utilise la méthode super avec name=_Task__status et value=inactive.
2026-02-19 18:28:49,115 [INFO] taskcoachlib.gui.viewer.container: ViewerContainer.__getattr__ retourne l'attribut <bound method EffortViewer.curselection of <taskcoachlib.gui.viewer.effort.EffortViewer object at 0x7f260a42c0e0>> avec l'ancienne méthode !
2026-02-19 18:28:49,116 [INFO] taskcoachlib.gui.viewer.container: ViewerContainer.__getattr__ retourne l'attribut <bound method EffortViewer.curselection of <taskcoachlib.gui.viewer.effort.EffortViewer object at 0x7f260a42c0e0>> avec l'ancienne méthode !
2026-02-19 18:28:49,116 [INFO] taskcoachlib.gui.viewer.container: ViewerContainer.__getattr__ retourne l'attribut <bound method EffortViewer.curselection of <taskcoachlib.gui.viewer.effort.EffortViewer object at 0x7f260a42c0e0>> avec l'ancienne méthode !
2026-02-19 18:28:49,116 [DEBUG] taskcoachlib.domain.base.object: CompositeObject.subject : retourne le sujet de Task id=27ccbecc-6084-11e5-9f59-f07bcb8b1707 : Travailler sur mon Livre sur Ma Façon de Mixer.
2026-02-19 18:28:49,117 [DEBUG] taskcoachlib.domain.base.object: CompositeObject.subject : retourne le sujet de Task id=27ccbecc-6084-11e5-9f59-f07bcb8b1707 : Travailler sur mon Livre sur Ma Façon de Mixer.
2026-02-19 18:28:49,119 [DEBUG] taskcoachlib.domain.base.object: CompositeObject.subject : retourne le sujet de Task id=27ccbecc-6084-11e5-9f59-f07bcb8b1707 : Travailler sur mon Livre sur Ma Façon de Mixer.
2026-02-19 18:28:49,120 [DEBUG] taskcoachlib.domain.base.object: CompositeObject.subject : retourne le sujet de Task id=27ccbecc-6084-11e5-9f59-f07bcb8b1707 : Travailler sur mon Livre sur Ma Façon de Mixer.
2026-02-19 18:28:49,121 [DEBUG] taskcoachlib.domain.base.object: CompositeObject.subject : retourne le sujet de Task id=27ccbecc-6084-11e5-9f59-f07bcb8b1707 : Travailler sur mon Livre sur Ma Façon de Mixer.
2026-02-19 18:28:49,185 [DEBUG] taskcoachlib.domain.task.task: Task.__setattr__ : utilise la méthode super avec name=_Task__status et value=inactive.
2026-02-19 18:28:49,186 [INFO] taskcoachlib.gui.viewer.container: ViewerContainer.__getattr__ retourne l'attribut <bound method EffortViewer.curselection of <taskcoachlib.gui.viewer.effort.EffortViewer object at 0x7f260a42c0e0>> avec l'ancienne méthode !
2026-02-19 18:28:49,186 [INFO] taskcoachlib.gui.viewer.container: ViewerContainer.__getattr__ retourne l'attribut <bound method EffortViewer.curselection of <taskcoachlib.gui.viewer.effort.EffortViewer object at 0x7f260a42c0e0>> avec l'ancienne méthode !
2026-02-19 18:28:49,186 [INFO] taskcoachlib.gui.viewer.container: ViewerContainer.__getattr__ retourne l'attribut <bound method EffortViewer.curselection of <taskcoachlib.gui.viewer.effort.EffortViewer object at 0x7f260a42c0e0>> avec l'ancienne méthode !
2026-02-19 18:28:49,187 [DEBUG] taskcoachlib.domain.base.object: CompositeObject.subject : retourne le sujet de Task id=27ccbecc-6084-11e5-9f59-f07bcb8b1707 : Travailler sur mon Livre sur Ma Façon de Mixer.
2026-02-19 18:28:49,188 [DEBUG] taskcoachlib.domain.base.object: CompositeObject.subject : retourne le sujet de Task id=27ccbecc-6084-11e5-9f59-f07bcb8b1707 : Travailler sur mon Livre sur Ma Façon de Mixer.
2026-02-19 18:28:49,190 [DEBUG] taskcoachlib.domain.base.object: CompositeObject.subject : retourne le sujet de Task id=27ccbecc-6084-11e5-9f59-f07bcb8b1707 : Travailler sur mon Livre sur Ma Façon de Mixer.
2026-02-19 18:28:49,192 [DEBUG] taskcoachlib.domain.base.object: CompositeObject.subject : retourne le sujet de Task id=27ccbecc-6084-11e5-9f59-f07bcb8b1707 : Travailler sur mon Livre sur Ma Façon de Mixer.
2026-02-19 18:28:49,194 [DEBUG] taskcoachlib.domain.base.object: CompositeObject.subject : retourne le sujet de Task id=27ccbecc-6084-11e5-9f59-f07bcb8b1707 : Travailler sur mon Livre sur Ma Façon de Mixer.
2026-02-19 18:28:49,840 [DEBUG] taskcoachlib.domain.task.task: Task.__setattr__ : utilise la méthode super avec name=_Task__status et value=inactive.
2026-02-19 18:28:49,840 [INFO] taskcoachlib.gui.viewer.container: ViewerContainer.__getattr__ retourne l'attribut <bound method EffortViewer.curselection of <taskcoachlib.gui.viewer.effort.EffortViewer object at 0x7f260a42c0e0>> avec l'ancienne méthode !
2026-02-19 18:28:49,841 [INFO] taskcoachlib.gui.viewer.container: ViewerContainer.__getattr__ retourne l'attribut <bound method EffortViewer.curselection of <taskcoachlib.gui.viewer.effort.EffortViewer object at 0x7f260a42c0e0>> avec l'ancienne méthode !
2026-02-19 18:28:49,841 [INFO] taskcoachlib.gui.viewer.container: ViewerContainer.__getattr__ retourne l'attribut <bound method EffortViewer.curselection of <taskcoachlib.gui.viewer.effort.EffortViewer object at 0x7f260a42c0e0>> avec l'ancienne méthode !
2026-02-19 18:28:49,841 [DEBUG] taskcoachlib.domain.base.object: CompositeObject.subject : retourne le sujet de Task id=27ccbecc-6084-11e5-9f59-f07bcb8b1707 : Travailler sur mon Livre sur Ma Façon de Mixer.
2026-02-19 18:28:49,843 [DEBUG] taskcoachlib.domain.base.object: CompositeObject.subject : retourne le sujet de Task id=27ccbecc-6084-11e5-9f59-f07bcb8b1707 : Travailler sur mon Livre sur Ma Façon de Mixer.
2026-02-19 18:28:49,844 [DEBUG] taskcoachlib.domain.base.object: CompositeObject.subject : retourne le sujet de Task id=27ccbecc-6084-11e5-9f59-f07bcb8b1707 : Travailler sur mon Livre sur Ma Façon de Mixer.
2026-02-19 18:28:49,845 [DEBUG] taskcoachlib.domain.base.object: CompositeObject.subject : retourne le sujet de Task id=27ccbecc-6084-11e5-9f59-f07bcb8b1707 : Travailler sur mon Livre sur Ma Façon de Mixer.
2026-02-19 18:28:49,847 [DEBUG] taskcoachlib.domain.base.object: CompositeObject.subject : retourne le sujet de Task id=27ccbecc-6084-11e5-9f59-f07bcb8b1707 : Travailler sur mon Livre sur Ma Façon de Mixer.
2026-02-19 18:28:49,940 [DEBUG] taskcoachlib.domain.task.task: Task.__setattr__ : utilise la méthode super avec name=_Task__status et value=inactive.
2026-02-19 18:28:49,940 [INFO] taskcoachlib.gui.viewer.container: ViewerContainer.__getattr__ retourne l'attribut <bound method EffortViewer.curselection of <taskcoachlib.gui.viewer.effort.EffortViewer object at 0x7f260a42c0e0>> avec l'ancienne méthode !
2026-02-19 18:28:49,941 [INFO] taskcoachlib.gui.viewer.container: ViewerContainer.__getattr__ retourne l'attribut <bound method EffortViewer.curselection of <taskcoachlib.gui.viewer.effort.EffortViewer object at 0x7f260a42c0e0>> avec l'ancienne méthode !
2026-02-19 18:28:49,941 [INFO] taskcoachlib.gui.viewer.container: ViewerContainer.__getattr__ retourne l'attribut <bound method EffortViewer.curselection of <taskcoachlib.gui.viewer.effort.EffortViewer object at 0x7f260a42c0e0>> avec l'ancienne méthode !
2026-02-19 18:28:49,941 [DEBUG] taskcoachlib.domain.base.object: CompositeObject.subject : retourne le sujet de Task id=27ccbecc-6084-11e5-9f59-f07bcb8b1707 : Travailler sur mon Livre sur Ma Façon de Mixer.
2026-02-19 18:28:49,943 [DEBUG] taskcoachlib.domain.base.object: CompositeObject.subject : retourne le sujet de Task id=27ccbecc-6084-11e5-9f59-f07bcb8b1707 : Travailler sur mon Livre sur Ma Façon de Mixer.
2026-02-19 18:28:49,945 [DEBUG] taskcoachlib.domain.base.object: CompositeObject.subject : retourne le sujet de Task id=27ccbecc-6084-11e5-9f59-f07bcb8b1707 : Travailler sur mon Livre sur Ma Façon de Mixer.
2026-02-19 18:28:49,946 [DEBUG] taskcoachlib.domain.base.object: CompositeObject.subject : retourne le sujet de Task id=27ccbecc-6084-11e5-9f59-f07bcb8b1707 : Travailler sur mon Livre sur Ma Façon de Mixer.
2026-02-19 18:28:49,948 [DEBUG] taskcoachlib.domain.base.object: CompositeObject.subject : retourne le sujet de Task id=27ccbecc-6084-11e5-9f59-f07bcb8b1707 : Travailler sur mon Livre sur Ma Façon de Mixer.
2026-02-19 18:28:49,949 [DEBUG] taskcoachlib.domain.task.task: Task.__setattr__ : utilise la méthode super avec name=_Task__status et value=inactive.
2026-02-19 18:28:49,950 [INFO] taskcoachlib.gui.viewer.container: ViewerContainer.__getattr__ retourne l'attribut <bound method EffortViewer.curselection of <taskcoachlib.gui.viewer.effort.EffortViewer object at 0x7f260a42c0e0>> avec l'ancienne méthode !
2026-02-19 18:28:49,950 [INFO] taskcoachlib.gui.viewer.container: ViewerContainer.__getattr__ retourne l'attribut <bound method EffortViewer.curselection of <taskcoachlib.gui.viewer.effort.EffortViewer object at 0x7f260a42c0e0>> avec l'ancienne méthode !
2026-02-19 18:28:49,950 [INFO] taskcoachlib.gui.viewer.container: ViewerContainer.__getattr__ retourne l'attribut <bound method EffortViewer.curselection of <taskcoachlib.gui.viewer.effort.EffortViewer object at 0x7f260a42c0e0>> avec l'ancienne méthode !
2026-02-19 18:28:49,951 [DEBUG] taskcoachlib.domain.base.object: CompositeObject.subject : retourne le sujet de Task id=27ccbecc-6084-11e5-9f59-f07bcb8b1707 : Travailler sur mon Livre sur Ma Façon de Mixer.
2026-02-19 18:28:49,952 [DEBUG] taskcoachlib.domain.base.object: CompositeObject.subject : retourne le sujet de Task id=27ccbecc-6084-11e5-9f59-f07bcb8b1707 : Travailler sur mon Livre sur Ma Façon de Mixer.
2026-02-19 18:28:49,954 [DEBUG] taskcoachlib.domain.base.object: CompositeObject.subject : retourne le sujet de Task id=27ccbecc-6084-11e5-9f59-f07bcb8b1707 : Travailler sur mon Livre sur Ma Façon de Mixer.
2026-02-19 18:28:49,955 [DEBUG] taskcoachlib.domain.base.object: CompositeObject.subject : retourne le sujet de Task id=27ccbecc-6084-11e5-9f59-f07bcb8b1707 : Travailler sur mon Livre sur Ma Façon de Mixer.
2026-02-19 18:28:49,957 [DEBUG] taskcoachlib.domain.base.object: CompositeObject.subject : retourne le sujet de Task id=27ccbecc-6084-11e5-9f59-f07bcb8b1707 : Travailler sur mon Livre sur Ma Façon de Mixer.
2026-02-19 18:28:50,110 [DEBUG] taskcoachlib.domain.task.task: Task.__setattr__ : utilise la méthode super avec name=_Task__computed_status et value=inactive.
2026-02-19 18:28:50,111 [DEBUG] taskcoachlib.domain.task.task: Task.__setattr__ : utilise la méthode super avec name=_Task__status_text et value=Inactive.
2026-02-19 18:28:50,111 [DEBUG] taskcoachlib.domain.task.task: Task.__setattr__ : utilise la méthode super avec name=_Task__status_icon et value=led_grey_icon.
2026-02-19 18:28:50,111 [DEBUG] taskcoachlib.domain.task.task: Task.__setattr__ : utilise la méthode super avec name=_Task__status_source et value=No actual start date.
2026-02-19 18:28:50,116 [DEBUG] taskcoachlib.domain.task.task: Task.__setattr__ : utilise la méthode super avec name=_Task__status et value=inactive.
2026-02-19 18:28:50,116 [INFO] taskcoachlib.gui.viewer.container: ViewerContainer.__getattr__ retourne l'attribut <bound method EffortViewer.curselection of <taskcoachlib.gui.viewer.effort.EffortViewer object at 0x7f260a42c0e0>> avec l'ancienne méthode !
2026-02-19 18:28:50,117 [INFO] taskcoachlib.gui.viewer.container: ViewerContainer.__getattr__ retourne l'attribut <bound method EffortViewer.curselection of <taskcoachlib.gui.viewer.effort.EffortViewer object at 0x7f260a42c0e0>> avec l'ancienne méthode !
2026-02-19 18:28:50,117 [INFO] taskcoachlib.gui.viewer.container: ViewerContainer.__getattr__ retourne l'attribut <bound method EffortViewer.curselection of <taskcoachlib.gui.viewer.effort.EffortViewer object at 0x7f260a42c0e0>> avec l'ancienne méthode !
2026-02-19 18:28:50,117 [DEBUG] taskcoachlib.domain.base.object: CompositeObject.subject : retourne le sujet de Task id=27ccbecc-6084-11e5-9f59-f07bcb8b1707 : Travailler sur mon Livre sur Ma Façon de Mixer.
2026-02-19 18:28:50,118 [DEBUG] taskcoachlib.domain.base.object: CompositeObject.subject : retourne le sujet de Task id=27ccbecc-6084-11e5-9f59-f07bcb8b1707 : Travailler sur mon Livre sur Ma Façon de Mixer.
2026-02-19 18:28:50,120 [DEBUG] taskcoachlib.domain.base.object: CompositeObject.subject : retourne le sujet de Task id=27ccbecc-6084-11e5-9f59-f07bcb8b1707 : Travailler sur mon Livre sur Ma Façon de Mixer.
2026-02-19 18:28:50,122 [DEBUG] taskcoachlib.domain.base.object: CompositeObject.subject : retourne le sujet de Task id=27ccbecc-6084-11e5-9f59-f07bcb8b1707 : Travailler sur mon Livre sur Ma Façon de Mixer.
2026-02-19 18:28:50,123 [DEBUG] taskcoachlib.domain.base.object: CompositeObject.subject : retourne le sujet de Task id=27ccbecc-6084-11e5-9f59-f07bcb8b1707 : Travailler sur mon Livre sur Ma Façon de Mixer.
2026-02-19 18:28:50,546 [DEBUG] taskcoachlib.domain.task.task: Task.__setattr__ : utilise la méthode super avec name=_Task__status et value=inactive.
2026-02-19 18:28:50,547 [INFO] taskcoachlib.gui.viewer.container: ViewerContainer.__getattr__ retourne l'attribut <bound method Viewer.curselection of <taskcoachlib.gui.viewer.task.TaskViewer object at 0x7f260a5c62a0>> avec l'ancienne méthode !
2026-02-19 18:28:50,547 [INFO] taskcoachlib.gui.viewer.container: ViewerContainer.__getattr__ retourne l'attribut <bound method Viewer.curselection of <taskcoachlib.gui.viewer.task.TaskViewer object at 0x7f260a5c62a0>> avec l'ancienne méthode !
2026-02-19 18:28:50,547 [INFO] taskcoachlib.gui.viewer.container: ViewerContainer.__getattr__ retourne l'attribut <bound method Viewer.curselection of <taskcoachlib.gui.viewer.task.TaskViewer object at 0x7f260a5c62a0>> avec l'ancienne méthode !
2026-02-19 18:28:50,548 [DEBUG] taskcoachlib.domain.base.object: CompositeObject.subject : retourne le sujet de Task id=27ccbecc-6084-11e5-9f59-f07bcb8b1707 : Travailler sur mon Livre sur Ma Façon de Mixer.
2026-02-19 18:28:50,549 [DEBUG] taskcoachlib.domain.base.object: CompositeObject.subject : retourne le sujet de Task id=27ccbecc-6084-11e5-9f59-f07bcb8b1707 : Travailler sur mon Livre sur Ma Façon de Mixer.
2026-02-19 18:28:50,551 [DEBUG] taskcoachlib.domain.base.object: CompositeObject.subject : retourne le sujet de Task id=27ccbecc-6084-11e5-9f59-f07bcb8b1707 : Travailler sur mon Livre sur Ma Façon de Mixer.
2026-02-19 18:28:50,552 [DEBUG] taskcoachlib.domain.base.object: CompositeObject.subject : retourne le sujet de Task id=27ccbecc-6084-11e5-9f59-f07bcb8b1707 : Travailler sur mon Livre sur Ma Façon de Mixer.
2026-02-19 18:28:50,554 [DEBUG] taskcoachlib.domain.base.object: CompositeObject.subject : retourne le sujet de Task id=27ccbecc-6084-11e5-9f59-f07bcb8b1707 : Travailler sur mon Livre sur Ma Façon de Mixer.
2026-02-19 18:28:50,556 [DEBUG] taskcoachlib.domain.task.task: Task.__setattr__ : utilise la méthode super avec name=_Task__status et value=inactive.
2026-02-19 18:28:50,556 [INFO] taskcoachlib.gui.viewer.container: ViewerContainer.__getattr__ retourne l'attribut <bound method Viewer.curselection of <taskcoachlib.gui.viewer.task.TaskViewer object at 0x7f260a5c62a0>> avec l'ancienne méthode !
2026-02-19 18:28:50,557 [INFO] taskcoachlib.gui.viewer.container: ViewerContainer.__getattr__ retourne l'attribut <bound method Viewer.curselection of <taskcoachlib.gui.viewer.task.TaskViewer object at 0x7f260a5c62a0>> avec l'ancienne méthode !
2026-02-19 18:28:50,557 [INFO] taskcoachlib.gui.viewer.container: ViewerContainer.__getattr__ retourne l'attribut <bound method Viewer.curselection of <taskcoachlib.gui.viewer.task.TaskViewer object at 0x7f260a5c62a0>> avec l'ancienne méthode !
2026-02-19 18:28:50,557 [DEBUG] taskcoachlib.domain.base.object: CompositeObject.subject : retourne le sujet de Task id=27ccbecc-6084-11e5-9f59-f07bcb8b1707 : Travailler sur mon Livre sur Ma Façon de Mixer.
2026-02-19 18:28:50,559 [DEBUG] taskcoachlib.domain.base.object: CompositeObject.subject : retourne le sujet de Task id=27ccbecc-6084-11e5-9f59-f07bcb8b1707 : Travailler sur mon Livre sur Ma Façon de Mixer.
2026-02-19 18:28:50,560 [DEBUG] taskcoachlib.domain.base.object: CompositeObject.subject : retourne le sujet de Task id=27ccbecc-6084-11e5-9f59-f07bcb8b1707 : Travailler sur mon Livre sur Ma Façon de Mixer.
2026-02-19 18:28:50,562 [DEBUG] taskcoachlib.domain.base.object: CompositeObject.subject : retourne le sujet de Task id=27ccbecc-6084-11e5-9f59-f07bcb8b1707 : Travailler sur mon Livre sur Ma Façon de Mixer.
2026-02-19 18:28:50,563 [DEBUG] taskcoachlib.domain.base.object: CompositeObject.subject : retourne le sujet de Task id=27ccbecc-6084-11e5-9f59-f07bcb8b1707 : Travailler sur mon Livre sur Ma Façon de Mixer.
2026-02-19 18:28:50,571 [DEBUG] taskcoachlib.domain.base.object: CompositeObject.subject : retourne le sujet de Task id=27ccbecc-6084-11e5-9f59-f07bcb8b1707 : Travailler sur mon Livre sur Ma Façon de Mixer.
2026-02-19 18:28:50,571 [DEBUG] taskcoachlib.widgets.listctrl: VirtualListCtrl.getItemText : renvoie 20/05/2019 09:00 - 10:41 pour Effort(Travailler sur mon Livre sur Ma Façon de Mixer, <taskcoachlib.domain.base.attribute.Attribute object at 0x7f2611c083c0>, <taskcoachlib.domain.base.attribute.Attribute object at 0x7f2611c08440>) colonne 0
2026-02-19 18:28:50,571 [DEBUG] taskcoachlib.domain.base.object: CompositeObject.subject : retourne le sujet de Task id=2e7a3fe6-2025-11e5-a83b-f07bcb8b1707 : Écrire des livres.
2026-02-19 18:28:50,571 [DEBUG] taskcoachlib.domain.base.object: CompositeObject.subject : retourne le sujet de Task id=27ccbecc-6084-11e5-9f59-f07bcb8b1707 : Écrire des livres -> Travailler sur mon Livre sur Ma Façon de Mixer.
2026-02-19 18:28:50,571 [DEBUG] taskcoachlib.domain.base.object: CompositeObject.subject : retourne le sujet de Task id=27ccbecc-6084-11e5-9f59-f07bcb8b1707 : Travailler sur mon Livre sur Ma Façon de Mixer.
2026-02-19 18:28:50,572 [DEBUG] taskcoachlib.widgets.listctrl: VirtualListCtrl.getItemText : renvoie Écrire des livres -> Travailler sur mon Livre sur Ma Façon de Mixer pour Effort(Travailler sur mon Livre sur Ma Façon de Mixer, <taskcoachlib.domain.base.attribute.Attribute object at 0x7f2611c083c0>, <taskcoachlib.domain.base.attribute.Attribute object at 0x7f2611c08440>) colonne 1
2026-02-19 18:28:50,572 [DEBUG] taskcoachlib.domain.base.object: CompositeObject.subject : retourne le sujet de Task id=27ccbecc-6084-11e5-9f59-f07bcb8b1707 : Travailler sur mon Livre sur Ma Façon de Mixer.
2026-02-19 18:28:50,572 [DEBUG] taskcoachlib.widgets.listctrl: VirtualListCtrl.getItemText : renvoie  pour Effort(Travailler sur mon Livre sur Ma Façon de Mixer, <taskcoachlib.domain.base.attribute.Attribute object at 0x7f2611c083c0>, <taskcoachlib.domain.base.attribute.Attribute object at 0x7f2611c08440>) colonne 2
2026-02-19 18:28:50,572 [DEBUG] taskcoachlib.domain.base.object: CompositeObject.subject : retourne le sujet de Task id=27ccbecc-6084-11e5-9f59-f07bcb8b1707 : Travailler sur mon Livre sur Ma Façon de Mixer.
2026-02-19 18:28:50,572 [DEBUG] taskcoachlib.widgets.listctrl: VirtualListCtrl.getItemText : renvoie 1:41:01 pour Effort(Travailler sur mon Livre sur Ma Façon de Mixer, <taskcoachlib.domain.base.attribute.Attribute object at 0x7f2611c083c0>, <taskcoachlib.domain.base.attribute.Attribute object at 0x7f2611c08440>) colonne 3
2026-02-19 18:28:50,573 [DEBUG] taskcoachlib.domain.task.task: Task.__setattr__ : utilise la méthode super avec name=_Task__status et value=active.
2026-02-19 18:28:50,575 [DEBUG] taskcoachlib.domain.base.object: CompositeObject.subject : retourne le sujet de Task id=0a1538b2-2026-11e5-a83b-f07bcb8b1707 : Définir clairement mes critères d'urgence personnels.
2026-02-19 18:28:50,575 [DEBUG] taskcoachlib.widgets.listctrl: VirtualListCtrl.getItemText : renvoie 31/05/2018 08:42 - 09:11 pour Effort(Définir clairement mes critères d'urgence personnels, <taskcoachlib.domain.base.attribute.Attribute object at 0x7f260a5adc00>, <taskcoachlib.domain.base.attribute.Attribute object at 0x7f260a5ae2c0>) colonne 0
2026-02-19 18:28:50,575 [DEBUG] taskcoachlib.domain.base.object: CompositeObject.subject : retourne le sujet de Task id=0a1538b2-2026-11e5-a83b-f07bcb8b1707 : Définir clairement mes critères d'urgence personnels.
2026-02-19 18:28:50,575 [DEBUG] taskcoachlib.domain.base.object: CompositeObject.subject : retourne le sujet de Task id=0a1538b2-2026-11e5-a83b-f07bcb8b1707 : Définir clairement mes critères d'urgence personnels.
2026-02-19 18:28:50,575 [DEBUG] taskcoachlib.widgets.listctrl: VirtualListCtrl.getItemText : renvoie Définir clairement mes critères d'urgence personnels pour Effort(Définir clairement mes critères d'urgence personnels, <taskcoachlib.domain.base.attribute.Attribute object at 0x7f260a5adc00>, <taskcoachlib.domain.base.attribute.Attribute object at 0x7f260a5ae2c0>) colonne 1
2026-02-19 18:28:50,576 [DEBUG] taskcoachlib.domain.base.object: CompositeObject.subject : retourne le sujet de Task id=0a1538b2-2026-11e5-a83b-f07bcb8b1707 : Définir clairement mes critères d'urgence personnels.
2026-02-19 18:28:50,576 [DEBUG] taskcoachlib.widgets.listctrl: VirtualListCtrl.getItemText : renvoie  pour Effort(Définir clairement mes critères d'urgence personnels, <taskcoachlib.domain.base.attribute.Attribute object at 0x7f260a5adc00>, <taskcoachlib.domain.base.attribute.Attribute object at 0x7f260a5ae2c0>) colonne 2
2026-02-19 18:28:50,576 [DEBUG] taskcoachlib.domain.base.object: CompositeObject.subject : retourne le sujet de Task id=0a1538b2-2026-11e5-a83b-f07bcb8b1707 : Définir clairement mes critères d'urgence personnels.
2026-02-19 18:28:50,576 [DEBUG] taskcoachlib.widgets.listctrl: VirtualListCtrl.getItemText : renvoie 0:28:47 pour Effort(Définir clairement mes critères d'urgence personnels, <taskcoachlib.domain.base.attribute.Attribute object at 0x7f260a5adc00>, <taskcoachlib.domain.base.attribute.Attribute object at 0x7f260a5ae2c0>) colonne 3
2026-02-19 18:28:50,576 [DEBUG] taskcoachlib.domain.task.task: Task.__setattr__ : utilise la méthode super avec name=_Task__status et value=completed.
2026-02-19 18:28:50,578 [DEBUG] taskcoachlib.domain.base.object: CompositeObject.subject : retourne le sujet de Task id=ace26baa-51cc-11e5-9f7b-25c32ec63357 : Faire 10 pompes, 10 abdos, 10 sqwat, 10 séances/j.
2026-02-19 18:28:50,578 [DEBUG] taskcoachlib.widgets.listctrl: VirtualListCtrl.getItemText : renvoie 15/04/2017 10:38 - 10:39 pour Effort(Faire 10 pompes, 10 abdos, 10 sqwat, 10 séances/j, <taskcoachlib.domain.base.attribute.Attribute object at 0x7f26119b3d80>, <taskcoachlib.domain.base.attribute.Attribute object at 0x7f26119b3e40>) colonne 0
2026-02-19 18:28:50,579 [DEBUG] taskcoachlib.domain.base.object: CompositeObject.subject : retourne le sujet de Task id=ace29b02-51cc-11e5-9f7b-25c32ec63357 : Faire du sport.
2026-02-19 18:28:50,579 [DEBUG] taskcoachlib.domain.base.object: CompositeObject.subject : retourne le sujet de Task id=ace26baa-51cc-11e5-9f7b-25c32ec63357 : Faire du sport -> Faire 10 pompes, 10 abdos, 10 sqwat, 10 séances/j.
2026-02-19 18:28:50,579 [DEBUG] taskcoachlib.domain.base.object: CompositeObject.subject : retourne le sujet de Task id=ace26baa-51cc-11e5-9f7b-25c32ec63357 : Faire 10 pompes, 10 abdos, 10 sqwat, 10 séances/j.
2026-02-19 18:28:50,579 [DEBUG] taskcoachlib.widgets.listctrl: VirtualListCtrl.getItemText : renvoie Faire du sport -> Faire 10 pompes, 10 abdos, 10 sqwat, 10 séances/j pour Effort(Faire 10 pompes, 10 abdos, 10 sqwat, 10 séances/j, <taskcoachlib.domain.base.attribute.Attribute object at 0x7f26119b3d80>, <taskcoachlib.domain.base.attribute.Attribute object at 0x7f26119b3e40>) colonne 1
2026-02-19 18:28:50,579 [DEBUG] taskcoachlib.domain.base.object: CompositeObject.subject : retourne le sujet de Task id=ace26baa-51cc-11e5-9f7b-25c32ec63357 : Faire 10 pompes, 10 abdos, 10 sqwat, 10 séances/j.
2026-02-19 18:28:50,579 [DEBUG] taskcoachlib.widgets.listctrl: VirtualListCtrl.getItemText : renvoie  pour Effort(Faire 10 pompes, 10 abdos, 10 sqwat, 10 séances/j, <taskcoachlib.domain.base.attribute.Attribute object at 0x7f26119b3d80>, <taskcoachlib.domain.base.attribute.Attribute object at 0x7f26119b3e40>) colonne 2
2026-02-19 18:28:50,580 [DEBUG] taskcoachlib.domain.base.object: CompositeObject.subject : retourne le sujet de Task id=ace26baa-51cc-11e5-9f7b-25c32ec63357 : Faire 10 pompes, 10 abdos, 10 sqwat, 10 séances/j.
2026-02-19 18:28:50,580 [DEBUG] taskcoachlib.widgets.listctrl: VirtualListCtrl.getItemText : renvoie 0:01:26 pour Effort(Faire 10 pompes, 10 abdos, 10 sqwat, 10 séances/j, <taskcoachlib.domain.base.attribute.Attribute object at 0x7f26119b3d80>, <taskcoachlib.domain.base.attribute.Attribute object at 0x7f26119b3e40>) colonne 3
2026-02-19 18:28:50,580 [DEBUG] taskcoachlib.domain.task.task: Task.__setattr__ : utilise la méthode super avec name=_Task__status et value=overdue.
2026-02-19 18:28:50,582 [DEBUG] taskcoachlib.domain.base.object: CompositeObject.subject : retourne le sujet de Task id=474d505a-5232-11e5-9f7b-25c32ec63357 : Récupérer et remettre les fichiers de DOCS found à leur place respective.
2026-02-19 18:28:50,582 [DEBUG] taskcoachlib.widgets.listctrl: VirtualListCtrl.getItemText : renvoie 26/06/2016 17:29 - 18:32 pour Effort(Récupérer et remettre les fichiers de DOCS found à leur place respective, <taskcoachlib.domain.base.attribute.Attribute object at 0x7f2611856b40>, <taskcoachlib.domain.base.attribute.Attribute object at 0x7f2611856bc0>) colonne 0
2026-02-19 18:28:50,582 [DEBUG] taskcoachlib.domain.base.object: CompositeObject.subject : retourne le sujet de Task id=caa85f8c-2030-11e5-a83b-f07bcb8b1707 : (Bien) Régler mon système du démarrage au fonctionnement de chaque programme.
2026-02-19 18:28:50,582 [DEBUG] taskcoachlib.domain.base.object: CompositeObject.subject : retourne le sujet de Task id=b1c75712-2039-11e5-a83b-f07bcb8b1707 : (Bien) Régler mon système du démarrage au fonctionnement de chaque programme -> (Bien) Utiliser mon matériel.
2026-02-19 18:28:50,582 [DEBUG] taskcoachlib.domain.base.object: CompositeObject.subject : retourne le sujet de Task id=474d505a-5232-11e5-9f7b-25c32ec63357 : (Bien) Régler mon système du démarrage au fonctionnement de chaque programme -> (Bien) Utiliser mon matériel -> Récupérer et remettre les fichiers de DOCS found à leur place respective.
2026-02-19 18:28:50,582 [DEBUG] taskcoachlib.domain.base.object: CompositeObject.subject : retourne le sujet de Task id=474d505a-5232-11e5-9f7b-25c32ec63357 : Récupérer et remettre les fichiers de DOCS found à leur place respective.
2026-02-19 18:28:50,583 [DEBUG] taskcoachlib.widgets.listctrl: VirtualListCtrl.getItemText : renvoie (Bien) Régler mon système du démarrage au fonctionnement de chaque programme -> (Bien) Utiliser mon matériel -> Récupérer et remettre les fichiers de DOCS found à leur place respective pour Effort(Récupérer et remettre les fichiers de DOCS found à leur place respective, <taskcoachlib.domain.base.attribute.Attribute object at 0x7f2611856b40>, <taskcoachlib.domain.base.attribute.Attribute object at 0x7f2611856bc0>) colonne 1
2026-02-19 18:28:50,583 [DEBUG] taskcoachlib.domain.base.object: CompositeObject.subject : retourne le sujet de Task id=474d505a-5232-11e5-9f7b-25c32ec63357 : Récupérer et remettre les fichiers de DOCS found à leur place respective.
2026-02-19 18:28:50,583 [DEBUG] taskcoachlib.widgets.listctrl: VirtualListCtrl.getItemText : renvoie  pour Effort(Récupérer et remettre les fichiers de DOCS found à leur place respective, <taskcoachlib.domain.base.attribute.Attribute object at 0x7f2611856b40>, <taskcoachlib.domain.base.attribute.Attribute object at 0x7f2611856bc0>) colonne 2
2026-02-19 18:28:50,583 [DEBUG] taskcoachlib.domain.base.object: CompositeObject.subject : retourne le sujet de Task id=474d505a-5232-11e5-9f7b-25c32ec63357 : Récupérer et remettre les fichiers de DOCS found à leur place respective.
2026-02-19 18:28:50,583 [DEBUG] taskcoachlib.widgets.listctrl: VirtualListCtrl.getItemText : renvoie 1:02:28 pour Effort(Récupérer et remettre les fichiers de DOCS found à leur place respective, <taskcoachlib.domain.base.attribute.Attribute object at 0x7f2611856b40>, <taskcoachlib.domain.base.attribute.Attribute object at 0x7f2611856bc0>) colonne 3
2026-02-19 18:28:50,584 [DEBUG] taskcoachlib.domain.task.task: Task.__setattr__ : utilise la méthode super avec name=_Task__status et value=active.
2026-02-19 18:28:50,586 [DEBUG] taskcoachlib.domain.base.object: CompositeObject.subject : retourne le sujet de Task id=1b794bbc-941a-11e5-b1f7-f07bcb8b1707 : Lire cet article sur les Profils Atypiques.
2026-02-19 18:28:50,586 [DEBUG] taskcoachlib.widgets.listctrl: VirtualListCtrl.getItemText : renvoie 26/06/2016 17:00 - 17:05 pour Effort(Lire cet article sur les Profils Atypiques, <taskcoachlib.domain.base.attribute.Attribute object at 0x7f2611bc7c00>, <taskcoachlib.domain.base.attribute.Attribute object at 0x7f2611bc7c80>) colonne 0
2026-02-19 18:28:50,586 [DEBUG] taskcoachlib.domain.base.object: CompositeObject.subject : retourne le sujet de Task id=1b794bbc-941a-11e5-b1f7-f07bcb8b1707 : Lire cet article sur les Profils Atypiques.
2026-02-19 18:28:50,586 [DEBUG] taskcoachlib.domain.base.object: CompositeObject.subject : retourne le sujet de Task id=1b794bbc-941a-11e5-b1f7-f07bcb8b1707 : Lire cet article sur les Profils Atypiques.
2026-02-19 18:28:50,586 [DEBUG] taskcoachlib.widgets.listctrl: VirtualListCtrl.getItemText : renvoie Lire cet article sur les Profils Atypiques pour Effort(Lire cet article sur les Profils Atypiques, <taskcoachlib.domain.base.attribute.Attribute object at 0x7f2611bc7c00>, <taskcoachlib.domain.base.attribute.Attribute object at 0x7f2611bc7c80>) colonne 1
2026-02-19 18:28:50,587 [DEBUG] taskcoachlib.domain.base.object: CompositeObject.subject : retourne le sujet de Task id=1b794bbc-941a-11e5-b1f7-f07bcb8b1707 : Lire cet article sur les Profils Atypiques.
2026-02-19 18:28:50,587 [DEBUG] taskcoachlib.widgets.listctrl: VirtualListCtrl.getItemText : renvoie  pour Effort(Lire cet article sur les Profils Atypiques, <taskcoachlib.domain.base.attribute.Attribute object at 0x7f2611bc7c00>, <taskcoachlib.domain.base.attribute.Attribute object at 0x7f2611bc7c80>) colonne 2
2026-02-19 18:28:50,587 [DEBUG] taskcoachlib.domain.base.object: CompositeObject.subject : retourne le sujet de Task id=1b794bbc-941a-11e5-b1f7-f07bcb8b1707 : Lire cet article sur les Profils Atypiques.
2026-02-19 18:28:50,587 [DEBUG] taskcoachlib.widgets.listctrl: VirtualListCtrl.getItemText : renvoie 0:05:11 pour Effort(Lire cet article sur les Profils Atypiques, <taskcoachlib.domain.base.attribute.Attribute object at 0x7f2611bc7c00>, <taskcoachlib.domain.base.attribute.Attribute object at 0x7f2611bc7c80>) colonne 3
2026-02-19 18:28:50,587 [DEBUG] taskcoachlib.domain.task.task: Task.__setattr__ : utilise la méthode super avec name=_Task__status et value=completed.
2026-02-19 18:28:50,589 [DEBUG] taskcoachlib.domain.base.object: CompositeObject.subject : retourne le sujet de Task id=ace26baa-51cc-11e5-9f7b-25c32ec63357 : Faire 10 pompes, 10 abdos, 10 sqwat, 10 séances/j.
2026-02-19 18:28:50,589 [DEBUG] taskcoachlib.widgets.listctrl: VirtualListCtrl.getItemText : renvoie 26/06/2016 00:14 - 00:16 pour Effort(Faire 10 pompes, 10 abdos, 10 sqwat, 10 séances/j, <taskcoachlib.domain.base.attribute.Attribute object at 0x7f26119b1f40>, <taskcoachlib.domain.base.attribute.Attribute object at 0x7f26119b2000>) colonne 0
2026-02-19 18:28:50,589 [DEBUG] taskcoachlib.domain.base.object: CompositeObject.subject : retourne le sujet de Task id=ace29b02-51cc-11e5-9f7b-25c32ec63357 : Faire du sport.
2026-02-19 18:28:50,589 [DEBUG] taskcoachlib.domain.base.object: CompositeObject.subject : retourne le sujet de Task id=ace26baa-51cc-11e5-9f7b-25c32ec63357 : Faire du sport -> Faire 10 pompes, 10 abdos, 10 sqwat, 10 séances/j.
2026-02-19 18:28:50,590 [DEBUG] taskcoachlib.domain.base.object: CompositeObject.subject : retourne le sujet de Task id=ace26baa-51cc-11e5-9f7b-25c32ec63357 : Faire 10 pompes, 10 abdos, 10 sqwat, 10 séances/j.
2026-02-19 18:28:50,590 [DEBUG] taskcoachlib.widgets.listctrl: VirtualListCtrl.getItemText : renvoie Faire du sport -> Faire 10 pompes, 10 abdos, 10 sqwat, 10 séances/j pour Effort(Faire 10 pompes, 10 abdos, 10 sqwat, 10 séances/j, <taskcoachlib.domain.base.attribute.Attribute object at 0x7f26119b1f40>, <taskcoachlib.domain.base.attribute.Attribute object at 0x7f26119b2000>) colonne 1
2026-02-19 18:28:50,590 [DEBUG] taskcoachlib.domain.base.object: CompositeObject.subject : retourne le sujet de Task id=ace26baa-51cc-11e5-9f7b-25c32ec63357 : Faire 10 pompes, 10 abdos, 10 sqwat, 10 séances/j.
2026-02-19 18:28:50,590 [DEBUG] taskcoachlib.widgets.listctrl: VirtualListCtrl.getItemText : renvoie  pour Effort(Faire 10 pompes, 10 abdos, 10 sqwat, 10 séances/j, <taskcoachlib.domain.base.attribute.Attribute object at 0x7f26119b1f40>, <taskcoachlib.domain.base.attribute.Attribute object at 0x7f26119b2000>) colonne 2
2026-02-19 18:28:50,590 [DEBUG] taskcoachlib.domain.base.object: CompositeObject.subject : retourne le sujet de Task id=ace26baa-51cc-11e5-9f7b-25c32ec63357 : Faire 10 pompes, 10 abdos, 10 sqwat, 10 séances/j.
2026-02-19 18:28:50,590 [DEBUG] taskcoachlib.widgets.listctrl: VirtualListCtrl.getItemText : renvoie 0:02:02 pour Effort(Faire 10 pompes, 10 abdos, 10 sqwat, 10 séances/j, <taskcoachlib.domain.base.attribute.Attribute object at 0x7f26119b1f40>, <taskcoachlib.domain.base.attribute.Attribute object at 0x7f26119b2000>) colonne 3
2026-02-19 18:28:50,591 [DEBUG] taskcoachlib.domain.task.task: Task.__setattr__ : utilise la méthode super avec name=_Task__status et value=overdue.
2026-02-19 18:28:50,592 [DEBUG] taskcoachlib.domain.base.object: CompositeObject.subject : retourne le sujet de Task id=ace26baa-51cc-11e5-9f7b-25c32ec63357 : Faire 10 pompes, 10 abdos, 10 sqwat, 10 séances/j.
2026-02-19 18:28:50,592 [DEBUG] taskcoachlib.widgets.listctrl: VirtualListCtrl.getItemText : renvoie 23/02/2016 14:27 - 15:27 pour Effort(Faire 10 pompes, 10 abdos, 10 sqwat, 10 séances/j, <taskcoachlib.domain.base.attribute.Attribute object at 0x7f26119b1a40>, <taskcoachlib.domain.base.attribute.Attribute object at 0x7f26119b1b00>) colonne 0
2026-02-19 18:28:50,593 [DEBUG] taskcoachlib.domain.base.object: CompositeObject.subject : retourne le sujet de Task id=ace29b02-51cc-11e5-9f7b-25c32ec63357 : Faire du sport.
2026-02-19 18:28:50,593 [DEBUG] taskcoachlib.domain.base.object: CompositeObject.subject : retourne le sujet de Task id=ace26baa-51cc-11e5-9f7b-25c32ec63357 : Faire du sport -> Faire 10 pompes, 10 abdos, 10 sqwat, 10 séances/j.
2026-02-19 18:28:50,593 [DEBUG] taskcoachlib.domain.base.object: CompositeObject.subject : retourne le sujet de Task id=ace26baa-51cc-11e5-9f7b-25c32ec63357 : Faire 10 pompes, 10 abdos, 10 sqwat, 10 séances/j.
2026-02-19 18:28:50,593 [DEBUG] taskcoachlib.widgets.listctrl: VirtualListCtrl.getItemText : renvoie Faire du sport -> Faire 10 pompes, 10 abdos, 10 sqwat, 10 séances/j pour Effort(Faire 10 pompes, 10 abdos, 10 sqwat, 10 séances/j, <taskcoachlib.domain.base.attribute.Attribute object at 0x7f26119b1a40>, <taskcoachlib.domain.base.attribute.Attribute object at 0x7f26119b1b00>) colonne 1
2026-02-19 18:28:50,593 [DEBUG] taskcoachlib.domain.base.object: CompositeObject.subject : retourne le sujet de Task id=ace26baa-51cc-11e5-9f7b-25c32ec63357 : Faire 10 pompes, 10 abdos, 10 sqwat, 10 séances/j.
2026-02-19 18:28:50,593 [DEBUG] taskcoachlib.widgets.listctrl: VirtualListCtrl.getItemText : renvoie  pour Effort(Faire 10 pompes, 10 abdos, 10 sqwat, 10 séances/j, <taskcoachlib.domain.base.attribute.Attribute object at 0x7f26119b1a40>, <taskcoachlib.domain.base.attribute.Attribute object at 0x7f26119b1b00>) colonne 2
2026-02-19 18:28:50,594 [DEBUG] taskcoachlib.domain.base.object: CompositeObject.subject : retourne le sujet de Task id=ace26baa-51cc-11e5-9f7b-25c32ec63357 : Faire 10 pompes, 10 abdos, 10 sqwat, 10 séances/j.
2026-02-19 18:28:50,594 [DEBUG] taskcoachlib.widgets.listctrl: VirtualListCtrl.getItemText : renvoie 1:00:01 pour Effort(Faire 10 pompes, 10 abdos, 10 sqwat, 10 séances/j, <taskcoachlib.domain.base.attribute.Attribute object at 0x7f26119b1a40>, <taskcoachlib.domain.base.attribute.Attribute object at 0x7f26119b1b00>) colonne 3
2026-02-19 18:28:50,594 [DEBUG] taskcoachlib.domain.task.task: Task.__setattr__ : utilise la méthode super avec name=_Task__status et value=overdue.
2026-02-19 18:28:50,596 [DEBUG] taskcoachlib.domain.base.object: CompositeObject.subject : retourne le sujet de Task id=ace26baa-51cc-11e5-9f7b-25c32ec63357 : Faire 10 pompes, 10 abdos, 10 sqwat, 10 séances/j.
2026-02-19 18:28:50,596 [DEBUG] taskcoachlib.widgets.listctrl: VirtualListCtrl.getItemText : renvoie 22/02/2016 14:25 - 15:25 pour Effort(Faire 10 pompes, 10 abdos, 10 sqwat, 10 séances/j, <taskcoachlib.domain.base.attribute.Attribute object at 0x7f26119b1680>, <taskcoachlib.domain.base.attribute.Attribute object at 0x7f26119b16c0>) colonne 0
2026-02-19 18:28:50,596 [DEBUG] taskcoachlib.domain.base.object: CompositeObject.subject : retourne le sujet de Task id=ace29b02-51cc-11e5-9f7b-25c32ec63357 : Faire du sport.
2026-02-19 18:28:50,596 [DEBUG] taskcoachlib.domain.base.object: CompositeObject.subject : retourne le sujet de Task id=ace26baa-51cc-11e5-9f7b-25c32ec63357 : Faire du sport -> Faire 10 pompes, 10 abdos, 10 sqwat, 10 séances/j.
2026-02-19 18:28:50,596 [DEBUG] taskcoachlib.domain.base.object: CompositeObject.subject : retourne le sujet de Task id=ace26baa-51cc-11e5-9f7b-25c32ec63357 : Faire 10 pompes, 10 abdos, 10 sqwat, 10 séances/j.
2026-02-19 18:28:50,596 [DEBUG] taskcoachlib.widgets.listctrl: VirtualListCtrl.getItemText : renvoie Faire du sport -> Faire 10 pompes, 10 abdos, 10 sqwat, 10 séances/j pour Effort(Faire 10 pompes, 10 abdos, 10 sqwat, 10 séances/j, <taskcoachlib.domain.base.attribute.Attribute object at 0x7f26119b1680>, <taskcoachlib.domain.base.attribute.Attribute object at 0x7f26119b16c0>) colonne 1
2026-02-19 18:28:50,597 [DEBUG] taskcoachlib.domain.base.object: CompositeObject.subject : retourne le sujet de Task id=ace26baa-51cc-11e5-9f7b-25c32ec63357 : Faire 10 pompes, 10 abdos, 10 sqwat, 10 séances/j.
2026-02-19 18:28:50,597 [DEBUG] taskcoachlib.widgets.listctrl: VirtualListCtrl.getItemText : renvoie  pour Effort(Faire 10 pompes, 10 abdos, 10 sqwat, 10 séances/j, <taskcoachlib.domain.base.attribute.Attribute object at 0x7f26119b1680>, <taskcoachlib.domain.base.attribute.Attribute object at 0x7f26119b16c0>) colonne 2
2026-02-19 18:28:50,597 [DEBUG] taskcoachlib.domain.base.object: CompositeObject.subject : retourne le sujet de Task id=ace26baa-51cc-11e5-9f7b-25c32ec63357 : Faire 10 pompes, 10 abdos, 10 sqwat, 10 séances/j.
2026-02-19 18:28:50,597 [DEBUG] taskcoachlib.widgets.listctrl: VirtualListCtrl.getItemText : renvoie 1:00:01 pour Effort(Faire 10 pompes, 10 abdos, 10 sqwat, 10 séances/j, <taskcoachlib.domain.base.attribute.Attribute object at 0x7f26119b1680>, <taskcoachlib.domain.base.attribute.Attribute object at 0x7f26119b16c0>) colonne 3
2026-02-19 18:28:50,597 [DEBUG] taskcoachlib.domain.task.task: Task.__setattr__ : utilise la méthode super avec name=_Task__status et value=overdue.
2026-02-19 18:28:50,599 [DEBUG] taskcoachlib.domain.base.object: CompositeObject.subject : retourne le sujet de Task id=ace26baa-51cc-11e5-9f7b-25c32ec63357 : Faire 10 pompes, 10 abdos, 10 sqwat, 10 séances/j.
2026-02-19 18:28:50,599 [DEBUG] taskcoachlib.widgets.listctrl: VirtualListCtrl.getItemText : renvoie 21/02/2016 14:25 - 15:25 pour Effort(Faire 10 pompes, 10 abdos, 10 sqwat, 10 séances/j, <taskcoachlib.domain.base.attribute.Attribute object at 0x7f26119b2e40>, <taskcoachlib.domain.base.attribute.Attribute object at 0x7f26119b8340>) colonne 0
2026-02-19 18:28:50,599 [DEBUG] taskcoachlib.domain.base.object: CompositeObject.subject : retourne le sujet de Task id=ace29b02-51cc-11e5-9f7b-25c32ec63357 : Faire du sport.
2026-02-19 18:28:50,599 [DEBUG] taskcoachlib.domain.base.object: CompositeObject.subject : retourne le sujet de Task id=ace26baa-51cc-11e5-9f7b-25c32ec63357 : Faire du sport -> Faire 10 pompes, 10 abdos, 10 sqwat, 10 séances/j.
2026-02-19 18:28:50,599 [DEBUG] taskcoachlib.domain.base.object: CompositeObject.subject : retourne le sujet de Task id=ace26baa-51cc-11e5-9f7b-25c32ec63357 : Faire 10 pompes, 10 abdos, 10 sqwat, 10 séances/j.
2026-02-19 18:28:50,600 [DEBUG] taskcoachlib.widgets.listctrl: VirtualListCtrl.getItemText : renvoie Faire du sport -> Faire 10 pompes, 10 abdos, 10 sqwat, 10 séances/j pour Effort(Faire 10 pompes, 10 abdos, 10 sqwat, 10 séances/j, <taskcoachlib.domain.base.attribute.Attribute object at 0x7f26119b2e40>, <taskcoachlib.domain.base.attribute.Attribute object at 0x7f26119b8340>) colonne 1
2026-02-19 18:28:50,600 [DEBUG] taskcoachlib.domain.base.object: CompositeObject.subject : retourne le sujet de Task id=ace26baa-51cc-11e5-9f7b-25c32ec63357 : Faire 10 pompes, 10 abdos, 10 sqwat, 10 séances/j.
2026-02-19 18:28:50,600 [DEBUG] taskcoachlib.widgets.listctrl: VirtualListCtrl.getItemText : renvoie  pour Effort(Faire 10 pompes, 10 abdos, 10 sqwat, 10 séances/j, <taskcoachlib.domain.base.attribute.Attribute object at 0x7f26119b2e40>, <taskcoachlib.domain.base.attribute.Attribute object at 0x7f26119b8340>) colonne 2
2026-02-19 18:28:50,600 [DEBUG] taskcoachlib.domain.base.object: CompositeObject.subject : retourne le sujet de Task id=ace26baa-51cc-11e5-9f7b-25c32ec63357 : Faire 10 pompes, 10 abdos, 10 sqwat, 10 séances/j.
2026-02-19 18:28:50,600 [DEBUG] taskcoachlib.widgets.listctrl: VirtualListCtrl.getItemText : renvoie 1:00:01 pour Effort(Faire 10 pompes, 10 abdos, 10 sqwat, 10 séances/j, <taskcoachlib.domain.base.attribute.Attribute object at 0x7f26119b2e40>, <taskcoachlib.domain.base.attribute.Attribute object at 0x7f26119b8340>) colonne 3
2026-02-19 18:28:50,600 [DEBUG] taskcoachlib.domain.task.task: Task.__setattr__ : utilise la méthode super avec name=_Task__status et value=overdue.
2026-02-19 18:28:50,602 [DEBUG] taskcoachlib.domain.base.object: CompositeObject.subject : retourne le sujet de Task id=ace26baa-51cc-11e5-9f7b-25c32ec63357 : Faire 10 pompes, 10 abdos, 10 sqwat, 10 séances/j.
2026-02-19 18:28:50,602 [DEBUG] taskcoachlib.widgets.listctrl: VirtualListCtrl.getItemText : renvoie 19/02/2016 14:23 - 24/04/2016 15:23 pour Effort(Faire 10 pompes, 10 abdos, 10 sqwat, 10 séances/j, <taskcoachlib.domain.base.attribute.Attribute object at 0x7f26119b3880>, <taskcoachlib.domain.base.attribute.Attribute object at 0x7f26119b3940>) colonne 0
2026-02-19 18:28:50,602 [DEBUG] taskcoachlib.domain.base.object: CompositeObject.subject : retourne le sujet de Task id=ace29b02-51cc-11e5-9f7b-25c32ec63357 : Faire du sport.
2026-02-19 18:28:50,603 [DEBUG] taskcoachlib.domain.base.object: CompositeObject.subject : retourne le sujet de Task id=ace26baa-51cc-11e5-9f7b-25c32ec63357 : Faire du sport -> Faire 10 pompes, 10 abdos, 10 sqwat, 10 séances/j.
2026-02-19 18:28:50,603 [DEBUG] taskcoachlib.domain.base.object: CompositeObject.subject : retourne le sujet de Task id=ace26baa-51cc-11e5-9f7b-25c32ec63357 : Faire 10 pompes, 10 abdos, 10 sqwat, 10 séances/j.
2026-02-19 18:28:50,603 [DEBUG] taskcoachlib.widgets.listctrl: VirtualListCtrl.getItemText : renvoie Faire du sport -> Faire 10 pompes, 10 abdos, 10 sqwat, 10 séances/j pour Effort(Faire 10 pompes, 10 abdos, 10 sqwat, 10 séances/j, <taskcoachlib.domain.base.attribute.Attribute object at 0x7f26119b3880>, <taskcoachlib.domain.base.attribute.Attribute object at 0x7f26119b3940>) colonne 1
2026-02-19 18:28:50,603 [DEBUG] taskcoachlib.domain.base.object: CompositeObject.subject : retourne le sujet de Task id=ace26baa-51cc-11e5-9f7b-25c32ec63357 : Faire 10 pompes, 10 abdos, 10 sqwat, 10 séances/j.
2026-02-19 18:28:50,603 [DEBUG] taskcoachlib.widgets.listctrl: VirtualListCtrl.getItemText : renvoie  pour Effort(Faire 10 pompes, 10 abdos, 10 sqwat, 10 séances/j, <taskcoachlib.domain.base.attribute.Attribute object at 0x7f26119b3880>, <taskcoachlib.domain.base.attribute.Attribute object at 0x7f26119b3940>) colonne 2
2026-02-19 18:28:50,603 [DEBUG] taskcoachlib.domain.base.object: CompositeObject.subject : retourne le sujet de Task id=ace26baa-51cc-11e5-9f7b-25c32ec63357 : Faire 10 pompes, 10 abdos, 10 sqwat, 10 séances/j.
2026-02-19 18:28:50,604 [DEBUG] taskcoachlib.widgets.listctrl: VirtualListCtrl.getItemText : renvoie 1561:00:00 pour Effort(Faire 10 pompes, 10 abdos, 10 sqwat, 10 séances/j, <taskcoachlib.domain.base.attribute.Attribute object at 0x7f26119b3880>, <taskcoachlib.domain.base.attribute.Attribute object at 0x7f26119b3940>) colonne 3
2026-02-19 18:28:50,604 [DEBUG] taskcoachlib.domain.task.task: Task.__setattr__ : utilise la méthode super avec name=_Task__status et value=overdue.
2026-02-19 18:28:50,606 [DEBUG] taskcoachlib.domain.base.object: CompositeObject.subject : retourne le sujet de Task id=ace26baa-51cc-11e5-9f7b-25c32ec63357 : Faire 10 pompes, 10 abdos, 10 sqwat, 10 séances/j.
2026-02-19 18:28:50,606 [DEBUG] taskcoachlib.widgets.listctrl: VirtualListCtrl.getItemText : renvoie 18/02/2016 15:10 - 24/04/2016 15:22 pour Effort(Faire 10 pompes, 10 abdos, 10 sqwat, 10 séances/j, <taskcoachlib.domain.base.attribute.Attribute object at 0x7f26119b3380>, <taskcoachlib.domain.base.attribute.Attribute object at 0x7f26119b3440>) colonne 0
2026-02-19 18:28:50,606 [DEBUG] taskcoachlib.domain.base.object: CompositeObject.subject : retourne le sujet de Task id=ace29b02-51cc-11e5-9f7b-25c32ec63357 : Faire du sport.
2026-02-19 18:28:50,606 [DEBUG] taskcoachlib.domain.base.object: CompositeObject.subject : retourne le sujet de Task id=ace26baa-51cc-11e5-9f7b-25c32ec63357 : Faire du sport -> Faire 10 pompes, 10 abdos, 10 sqwat, 10 séances/j.
2026-02-19 18:28:50,606 [DEBUG] taskcoachlib.domain.base.object: CompositeObject.subject : retourne le sujet de Task id=ace26baa-51cc-11e5-9f7b-25c32ec63357 : Faire 10 pompes, 10 abdos, 10 sqwat, 10 séances/j.
2026-02-19 18:28:50,607 [DEBUG] taskcoachlib.widgets.listctrl: VirtualListCtrl.getItemText : renvoie Faire du sport -> Faire 10 pompes, 10 abdos, 10 sqwat, 10 séances/j pour Effort(Faire 10 pompes, 10 abdos, 10 sqwat, 10 séances/j, <taskcoachlib.domain.base.attribute.Attribute object at 0x7f26119b3380>, <taskcoachlib.domain.base.attribute.Attribute object at 0x7f26119b3440>) colonne 1
2026-02-19 18:28:50,607 [DEBUG] taskcoachlib.domain.base.object: CompositeObject.subject : retourne le sujet de Task id=ace26baa-51cc-11e5-9f7b-25c32ec63357 : Faire 10 pompes, 10 abdos, 10 sqwat, 10 séances/j.
2026-02-19 18:28:50,607 [DEBUG] taskcoachlib.widgets.listctrl: VirtualListCtrl.getItemText : renvoie  pour Effort(Faire 10 pompes, 10 abdos, 10 sqwat, 10 séances/j, <taskcoachlib.domain.base.attribute.Attribute object at 0x7f26119b3380>, <taskcoachlib.domain.base.attribute.Attribute object at 0x7f26119b3440>) colonne 2
2026-02-19 18:28:50,607 [DEBUG] taskcoachlib.domain.base.object: CompositeObject.subject : retourne le sujet de Task id=ace26baa-51cc-11e5-9f7b-25c32ec63357 : Faire 10 pompes, 10 abdos, 10 sqwat, 10 séances/j.
2026-02-19 18:28:50,607 [DEBUG] taskcoachlib.widgets.listctrl: VirtualListCtrl.getItemText : renvoie 1584:12:00 pour Effort(Faire 10 pompes, 10 abdos, 10 sqwat, 10 séances/j, <taskcoachlib.domain.base.attribute.Attribute object at 0x7f26119b3380>, <taskcoachlib.domain.base.attribute.Attribute object at 0x7f26119b3440>) colonne 3
2026-02-19 18:28:50,607 [DEBUG] taskcoachlib.domain.task.task: Task.__setattr__ : utilise la méthode super avec name=_Task__status et value=overdue.
2026-02-19 18:28:50,610 [DEBUG] taskcoachlib.domain.base.object: CompositeObject.subject : retourne le sujet de Task id=ace26baa-51cc-11e5-9f7b-25c32ec63357 : Faire 10 pompes, 10 abdos, 10 sqwat, 10 séances/j.
2026-02-19 18:28:50,610 [DEBUG] taskcoachlib.widgets.listctrl: VirtualListCtrl.getItemText : renvoie 17/02/2016 15:00 - 15:22 pour Effort(Faire 10 pompes, 10 abdos, 10 sqwat, 10 séances/j, <taskcoachlib.domain.base.attribute.Attribute object at 0x7f26119b2440>, <taskcoachlib.domain.base.attribute.Attribute object at 0x7f26119b2500>) colonne 0
2026-02-19 18:28:50,610 [DEBUG] taskcoachlib.domain.base.object: CompositeObject.subject : retourne le sujet de Task id=ace29b02-51cc-11e5-9f7b-25c32ec63357 : Faire du sport.
2026-02-19 18:28:50,610 [DEBUG] taskcoachlib.domain.base.object: CompositeObject.subject : retourne le sujet de Task id=ace26baa-51cc-11e5-9f7b-25c32ec63357 : Faire du sport -> Faire 10 pompes, 10 abdos, 10 sqwat, 10 séances/j.
2026-02-19 18:28:50,610 [DEBUG] taskcoachlib.domain.base.object: CompositeObject.subject : retourne le sujet de Task id=ace26baa-51cc-11e5-9f7b-25c32ec63357 : Faire 10 pompes, 10 abdos, 10 sqwat, 10 séances/j.
2026-02-19 18:28:50,610 [DEBUG] taskcoachlib.widgets.listctrl: VirtualListCtrl.getItemText : renvoie Faire du sport -> Faire 10 pompes, 10 abdos, 10 sqwat, 10 séances/j pour Effort(Faire 10 pompes, 10 abdos, 10 sqwat, 10 séances/j, <taskcoachlib.domain.base.attribute.Attribute object at 0x7f26119b2440>, <taskcoachlib.domain.base.attribute.Attribute object at 0x7f26119b2500>) colonne 1
2026-02-19 18:28:50,611 [DEBUG] taskcoachlib.domain.base.object: CompositeObject.subject : retourne le sujet de Task id=ace26baa-51cc-11e5-9f7b-25c32ec63357 : Faire 10 pompes, 10 abdos, 10 sqwat, 10 séances/j.
2026-02-19 18:28:50,611 [DEBUG] taskcoachlib.widgets.listctrl: VirtualListCtrl.getItemText : renvoie  pour Effort(Faire 10 pompes, 10 abdos, 10 sqwat, 10 séances/j, <taskcoachlib.domain.base.attribute.Attribute object at 0x7f26119b2440>, <taskcoachlib.domain.base.attribute.Attribute object at 0x7f26119b2500>) colonne 2
2026-02-19 18:28:50,611 [DEBUG] taskcoachlib.domain.base.object: CompositeObject.subject : retourne le sujet de Task id=ace26baa-51cc-11e5-9f7b-25c32ec63357 : Faire 10 pompes, 10 abdos, 10 sqwat, 10 séances/j.
2026-02-19 18:28:50,611 [DEBUG] taskcoachlib.widgets.listctrl: VirtualListCtrl.getItemText : renvoie 0:22:01 pour Effort(Faire 10 pompes, 10 abdos, 10 sqwat, 10 séances/j, <taskcoachlib.domain.base.attribute.Attribute object at 0x7f26119b2440>, <taskcoachlib.domain.base.attribute.Attribute object at 0x7f26119b2500>) colonne 3
2026-02-19 18:28:50,611 [DEBUG] taskcoachlib.domain.task.task: Task.__setattr__ : utilise la méthode super avec name=_Task__status et value=overdue.
2026-02-19 18:28:50,716 [DEBUG] taskcoachlib.domain.task.task: Task.__setattr__ : utilise la méthode super avec name=_Task__status et value=inactive.
2026-02-19 18:28:50,716 [INFO] taskcoachlib.gui.viewer.container: ViewerContainer.__getattr__ retourne l'attribut <bound method Viewer.curselection of <taskcoachlib.gui.viewer.task.TaskViewer object at 0x7f260a5c62a0>> avec l'ancienne méthode !
2026-02-19 18:28:50,717 [INFO] taskcoachlib.gui.viewer.container: ViewerContainer.__getattr__ retourne l'attribut <bound method Viewer.curselection of <taskcoachlib.gui.viewer.task.TaskViewer object at 0x7f260a5c62a0>> avec l'ancienne méthode !
2026-02-19 18:28:50,717 [INFO] taskcoachlib.gui.viewer.container: ViewerContainer.__getattr__ retourne l'attribut <bound method Viewer.curselection of <taskcoachlib.gui.viewer.task.TaskViewer object at 0x7f260a5c62a0>> avec l'ancienne méthode !
2026-02-19 18:28:50,717 [DEBUG] taskcoachlib.domain.base.object: CompositeObject.subject : retourne le sujet de Task id=27ccbecc-6084-11e5-9f59-f07bcb8b1707 : Travailler sur mon Livre sur Ma Façon de Mixer.
2026-02-19 18:28:50,718 [DEBUG] taskcoachlib.domain.base.object: CompositeObject.subject : retourne le sujet de Task id=27ccbecc-6084-11e5-9f59-f07bcb8b1707 : Travailler sur mon Livre sur Ma Façon de Mixer.
2026-02-19 18:28:50,719 [DEBUG] taskcoachlib.domain.base.object: CompositeObject.subject : retourne le sujet de Task id=27ccbecc-6084-11e5-9f59-f07bcb8b1707 : Travailler sur mon Livre sur Ma Façon de Mixer.
2026-02-19 18:28:50,720 [DEBUG] taskcoachlib.domain.base.object: CompositeObject.subject : retourne le sujet de Task id=27ccbecc-6084-11e5-9f59-f07bcb8b1707 : Travailler sur mon Livre sur Ma Façon de Mixer.
2026-02-19 18:28:50,720 [DEBUG] taskcoachlib.domain.base.object: CompositeObject.subject : retourne le sujet de Task id=27ccbecc-6084-11e5-9f59-f07bcb8b1707 : Travailler sur mon Livre sur Ma Façon de Mixer.
2026-02-19 18:28:50,779 [DEBUG] taskcoachlib.domain.task.task: Task.__setattr__ : utilise la méthode super avec name=_Task__status et value=inactive.
2026-02-19 18:28:50,779 [INFO] taskcoachlib.gui.viewer.container: ViewerContainer.__getattr__ retourne l'attribut <bound method Viewer.curselection of <taskcoachlib.gui.viewer.task.TaskViewer object at 0x7f260a5c62a0>> avec l'ancienne méthode !
2026-02-19 18:28:50,780 [INFO] taskcoachlib.gui.viewer.container: ViewerContainer.__getattr__ retourne l'attribut <bound method Viewer.curselection of <taskcoachlib.gui.viewer.task.TaskViewer object at 0x7f260a5c62a0>> avec l'ancienne méthode !
2026-02-19 18:28:50,780 [INFO] taskcoachlib.gui.viewer.container: ViewerContainer.__getattr__ retourne l'attribut <bound method Viewer.curselection of <taskcoachlib.gui.viewer.task.TaskViewer object at 0x7f260a5c62a0>> avec l'ancienne méthode !
2026-02-19 18:28:50,780 [DEBUG] taskcoachlib.domain.base.object: CompositeObject.subject : retourne le sujet de Task id=27ccbecc-6084-11e5-9f59-f07bcb8b1707 : Travailler sur mon Livre sur Ma Façon de Mixer.
2026-02-19 18:28:50,781 [DEBUG] taskcoachlib.domain.base.object: CompositeObject.subject : retourne le sujet de Task id=27ccbecc-6084-11e5-9f59-f07bcb8b1707 : Travailler sur mon Livre sur Ma Façon de Mixer.
2026-02-19 18:28:50,783 [DEBUG] taskcoachlib.domain.base.object: CompositeObject.subject : retourne le sujet de Task id=27ccbecc-6084-11e5-9f59-f07bcb8b1707 : Travailler sur mon Livre sur Ma Façon de Mixer.
2026-02-19 18:28:50,785 [DEBUG] taskcoachlib.domain.base.object: CompositeObject.subject : retourne le sujet de Task id=27ccbecc-6084-11e5-9f59-f07bcb8b1707 : Travailler sur mon Livre sur Ma Façon de Mixer.
2026-02-19 18:28:50,786 [DEBUG] taskcoachlib.domain.base.object: CompositeObject.subject : retourne le sujet de Task id=27ccbecc-6084-11e5-9f59-f07bcb8b1707 : Travailler sur mon Livre sur Ma Façon de Mixer.
2026-02-19 18:28:50,847 [DEBUG] taskcoachlib.domain.task.task: Task.__setattr__ : utilise la méthode super avec name=_Task__status et value=inactive.
2026-02-19 18:28:50,847 [INFO] taskcoachlib.gui.viewer.container: ViewerContainer.__getattr__ retourne l'attribut <bound method Viewer.curselection of <taskcoachlib.gui.viewer.task.TaskViewer object at 0x7f260a5c62a0>> avec l'ancienne méthode !
2026-02-19 18:28:50,848 [INFO] taskcoachlib.gui.viewer.container: ViewerContainer.__getattr__ retourne l'attribut <bound method Viewer.curselection of <taskcoachlib.gui.viewer.task.TaskViewer object at 0x7f260a5c62a0>> avec l'ancienne méthode !
2026-02-19 18:28:50,849 [INFO] taskcoachlib.gui.viewer.container: ViewerContainer.__getattr__ retourne l'attribut <bound method Viewer.curselection of <taskcoachlib.gui.viewer.task.TaskViewer object at 0x7f260a5c62a0>> avec l'ancienne méthode !
2026-02-19 18:28:50,849 [DEBUG] taskcoachlib.domain.base.object: CompositeObject.subject : retourne le sujet de Task id=27ccbecc-6084-11e5-9f59-f07bcb8b1707 : Travailler sur mon Livre sur Ma Façon de Mixer.
2026-02-19 18:28:50,851 [DEBUG] taskcoachlib.domain.base.object: CompositeObject.subject : retourne le sujet de Task id=27ccbecc-6084-11e5-9f59-f07bcb8b1707 : Travailler sur mon Livre sur Ma Façon de Mixer.
2026-02-19 18:28:50,854 [DEBUG] taskcoachlib.domain.base.object: CompositeObject.subject : retourne le sujet de Task id=27ccbecc-6084-11e5-9f59-f07bcb8b1707 : Travailler sur mon Livre sur Ma Façon de Mixer.
2026-02-19 18:28:50,856 [DEBUG] taskcoachlib.domain.base.object: CompositeObject.subject : retourne le sujet de Task id=27ccbecc-6084-11e5-9f59-f07bcb8b1707 : Travailler sur mon Livre sur Ma Façon de Mixer.
2026-02-19 18:28:50,859 [DEBUG] taskcoachlib.domain.base.object: CompositeObject.subject : retourne le sujet de Task id=27ccbecc-6084-11e5-9f59-f07bcb8b1707 : Travailler sur mon Livre sur Ma Façon de Mixer.
2026-02-19 18:28:50,887 [DEBUG] taskcoachlib.domain.task.task: Task.__setattr__ : utilise la méthode super avec name=_Task__status et value=inactive.
2026-02-19 18:28:50,888 [INFO] taskcoachlib.gui.viewer.container: ViewerContainer.__getattr__ retourne l'attribut <bound method Viewer.curselection of <taskcoachlib.gui.viewer.task.TaskViewer object at 0x7f260a5c62a0>> avec l'ancienne méthode !
2026-02-19 18:28:50,888 [INFO] taskcoachlib.gui.viewer.container: ViewerContainer.__getattr__ retourne l'attribut <bound method Viewer.curselection of <taskcoachlib.gui.viewer.task.TaskViewer object at 0x7f260a5c62a0>> avec l'ancienne méthode !
2026-02-19 18:28:50,888 [INFO] taskcoachlib.gui.viewer.container: ViewerContainer.__getattr__ retourne l'attribut <bound method Viewer.curselection of <taskcoachlib.gui.viewer.task.TaskViewer object at 0x7f260a5c62a0>> avec l'ancienne méthode !
2026-02-19 18:28:50,888 [DEBUG] taskcoachlib.domain.base.object: CompositeObject.subject : retourne le sujet de Task id=27ccbecc-6084-11e5-9f59-f07bcb8b1707 : Travailler sur mon Livre sur Ma Façon de Mixer.
2026-02-19 18:28:50,889 [DEBUG] taskcoachlib.domain.base.object: CompositeObject.subject : retourne le sujet de Task id=27ccbecc-6084-11e5-9f59-f07bcb8b1707 : Travailler sur mon Livre sur Ma Façon de Mixer.
2026-02-19 18:28:50,889 [DEBUG] taskcoachlib.domain.base.object: CompositeObject.subject : retourne le sujet de Task id=27ccbecc-6084-11e5-9f59-f07bcb8b1707 : Travailler sur mon Livre sur Ma Façon de Mixer.
2026-02-19 18:28:50,890 [DEBUG] taskcoachlib.domain.base.object: CompositeObject.subject : retourne le sujet de Task id=27ccbecc-6084-11e5-9f59-f07bcb8b1707 : Travailler sur mon Livre sur Ma Façon de Mixer.
2026-02-19 18:28:50,891 [DEBUG] taskcoachlib.domain.base.object: CompositeObject.subject : retourne le sujet de Task id=27ccbecc-6084-11e5-9f59-f07bcb8b1707 : Travailler sur mon Livre sur Ma Façon de Mixer.
2026-02-19 18:28:50,901 [DEBUG] taskcoachlib.domain.task.task: Task.__setattr__ : utilise la méthode super avec name=_Task__status et value=inactive.
2026-02-19 18:28:50,901 [INFO] taskcoachlib.gui.viewer.container: ViewerContainer.__getattr__ retourne l'attribut <bound method Viewer.curselection of <taskcoachlib.gui.viewer.task.TaskViewer object at 0x7f260a5c62a0>> avec l'ancienne méthode !
2026-02-19 18:28:50,902 [INFO] taskcoachlib.gui.viewer.container: ViewerContainer.__getattr__ retourne l'attribut <bound method Viewer.curselection of <taskcoachlib.gui.viewer.task.TaskViewer object at 0x7f260a5c62a0>> avec l'ancienne méthode !
2026-02-19 18:28:50,903 [INFO] taskcoachlib.gui.viewer.container: ViewerContainer.__getattr__ retourne l'attribut <bound method Viewer.curselection of <taskcoachlib.gui.viewer.task.TaskViewer object at 0x7f260a5c62a0>> avec l'ancienne méthode !
2026-02-19 18:28:50,903 [DEBUG] taskcoachlib.domain.base.object: CompositeObject.subject : retourne le sujet de Task id=27ccbecc-6084-11e5-9f59-f07bcb8b1707 : Travailler sur mon Livre sur Ma Façon de Mixer.
2026-02-19 18:28:50,905 [DEBUG] taskcoachlib.domain.base.object: CompositeObject.subject : retourne le sujet de Task id=27ccbecc-6084-11e5-9f59-f07bcb8b1707 : Travailler sur mon Livre sur Ma Façon de Mixer.
2026-02-19 18:28:50,907 [DEBUG] taskcoachlib.domain.base.object: CompositeObject.subject : retourne le sujet de Task id=27ccbecc-6084-11e5-9f59-f07bcb8b1707 : Travailler sur mon Livre sur Ma Façon de Mixer.
2026-02-19 18:28:50,909 [DEBUG] taskcoachlib.domain.base.object: CompositeObject.subject : retourne le sujet de Task id=27ccbecc-6084-11e5-9f59-f07bcb8b1707 : Travailler sur mon Livre sur Ma Façon de Mixer.
2026-02-19 18:28:50,910 [DEBUG] taskcoachlib.domain.base.object: CompositeObject.subject : retourne le sujet de Task id=27ccbecc-6084-11e5-9f59-f07bcb8b1707 : Travailler sur mon Livre sur Ma Façon de Mixer.
2026-02-19 18:28:51,031 [INFO] taskcoachlib.gui.viewer.container: ViewerContainer.__getattr__ retourne l'attribut <taskcoachlib.gui.viewer.task.TaskViewerStatusMessages object at 0x7f260a401160> avec l'ancienne méthode !
2026-02-19 18:28:51,032 [DEBUG] taskcoachlib.domain.task.task: Task.__setattr__ : utilise la méthode super avec name=_Task__status et value=inactive.
2026-02-19 18:28:51,032 [DEBUG] taskcoachlib.domain.task.task: Task.__setattr__ : utilise la méthode super avec name=_Task__status et value=completed.
2026-02-19 18:28:51,033 [DEBUG] taskcoachlib.domain.task.task: Task.__setattr__ : utilise la méthode super avec name=_Task__status et value=overdue.
2026-02-19 18:28:51,033 [DEBUG] taskcoachlib.domain.task.task: Task.__setattr__ : utilise la méthode super avec name=_Task__status et value=inactive.
2026-02-19 18:28:51,033 [DEBUG] taskcoachlib.domain.task.task: Task.__setattr__ : utilise la méthode super avec name=_Task__status et value=inactive.
2026-02-19 18:28:51,033 [DEBUG] taskcoachlib.domain.task.task: Task.__setattr__ : utilise la méthode super avec name=_Task__status et value=inactive.
2026-02-19 18:28:51,033 [DEBUG] taskcoachlib.domain.task.task: Task.__setattr__ : utilise la méthode super avec name=_Task__status et value=inactive.
2026-02-19 18:28:51,033 [DEBUG] taskcoachlib.domain.task.task: Task.__setattr__ : utilise la méthode super avec name=_Task__status et value=completed.
2026-02-19 18:28:51,034 [DEBUG] taskcoachlib.domain.task.task: Task.__setattr__ : utilise la méthode super avec name=_Task__status et value=inactive.
2026-02-19 18:28:51,034 [DEBUG] taskcoachlib.domain.task.task: Task.__setattr__ : utilise la méthode super avec name=_Task__status et value=inactive.
2026-02-19 18:28:51,034 [DEBUG] taskcoachlib.domain.task.task: Task.__setattr__ : utilise la méthode super avec name=_Task__status et value=overdue.
2026-02-19 18:28:51,034 [DEBUG] taskcoachlib.domain.task.task: Task.__setattr__ : utilise la méthode super avec name=_Task__status et value=inactive.
2026-02-19 18:28:51,034 [DEBUG] taskcoachlib.domain.task.task: Task.__setattr__ : utilise la méthode super avec name=_Task__status et value=completed.
2026-02-19 18:28:51,034 [DEBUG] taskcoachlib.domain.task.task: Task.__setattr__ : utilise la méthode super avec name=_Task__status et value=completed.
2026-02-19 18:28:51,035 [DEBUG] taskcoachlib.domain.task.task: Task.__setattr__ : utilise la méthode super avec name=_Task__status et value=inactive.
2026-02-19 18:28:51,035 [DEBUG] taskcoachlib.domain.task.task: Task.__setattr__ : utilise la méthode super avec name=_Task__status et value=overdue.
2026-02-19 18:28:51,035 [DEBUG] taskcoachlib.domain.task.task: Task.__setattr__ : utilise la méthode super avec name=_Task__status et value=overdue.
2026-02-19 18:28:51,035 [DEBUG] taskcoachlib.domain.task.task: Task.__setattr__ : utilise la méthode super avec name=_Task__status et value=inactive.
2026-02-19 18:28:51,035 [DEBUG] taskcoachlib.domain.task.task: Task.__setattr__ : utilise la méthode super avec name=_Task__status et value=overdue.
2026-02-19 18:28:51,035 [DEBUG] taskcoachlib.domain.task.task: Task.__setattr__ : utilise la méthode super avec name=_Task__status et value=inactive.
2026-02-19 18:28:51,035 [DEBUG] taskcoachlib.domain.task.task: Task.__setattr__ : utilise la méthode super avec name=_Task__status et value=overdue.
2026-02-19 18:28:51,035 [DEBUG] taskcoachlib.domain.task.task: Task.__setattr__ : utilise la méthode super avec name=_Task__status et value=overdue.
2026-02-19 18:28:51,036 [DEBUG] taskcoachlib.domain.task.task: Task.__setattr__ : utilise la méthode super avec name=_Task__status et value=completed.
2026-02-19 18:28:51,036 [DEBUG] taskcoachlib.domain.task.task: Task.__setattr__ : utilise la méthode super avec name=_Task__status et value=completed.
2026-02-19 18:28:51,036 [DEBUG] taskcoachlib.domain.task.task: Task.__setattr__ : utilise la méthode super avec name=_Task__status et value=completed.
2026-02-19 18:28:51,036 [DEBUG] taskcoachlib.domain.task.task: Task.__setattr__ : utilise la méthode super avec name=_Task__status et value=overdue.
2026-02-19 18:28:51,036 [DEBUG] taskcoachlib.domain.task.task: Task.__setattr__ : utilise la méthode super avec name=_Task__status et value=inactive.
2026-02-19 18:28:51,036 [DEBUG] taskcoachlib.domain.task.task: Task.__setattr__ : utilise la méthode super avec name=_Task__status et value=inactive.
2026-02-19 18:28:51,036 [DEBUG] taskcoachlib.domain.task.task: Task.__setattr__ : utilise la méthode super avec name=_Task__status et value=overdue.
2026-02-19 18:28:51,037 [DEBUG] taskcoachlib.domain.task.task: Task.__setattr__ : utilise la méthode super avec name=_Task__status et value=inactive.
2026-02-19 18:28:51,037 [DEBUG] taskcoachlib.domain.task.task: Task.__setattr__ : utilise la méthode super avec name=_Task__status et value=overdue.
2026-02-19 18:28:51,037 [DEBUG] taskcoachlib.domain.task.task: Task.__setattr__ : utilise la méthode super avec name=_Task__status et value=completed.
2026-02-19 18:28:51,037 [DEBUG] taskcoachlib.domain.task.task: Task.__setattr__ : utilise la méthode super avec name=_Task__status et value=completed.
2026-02-19 18:28:51,037 [DEBUG] taskcoachlib.domain.task.task: Task.__setattr__ : utilise la méthode super avec name=_Task__status et value=inactive.
2026-02-19 18:28:51,037 [DEBUG] taskcoachlib.domain.task.task: Task.__setattr__ : utilise la méthode super avec name=_Task__status et value=inactive.
2026-02-19 18:28:51,037 [DEBUG] taskcoachlib.domain.task.task: Task.__setattr__ : utilise la méthode super avec name=_Task__status et value=inactive.
2026-02-19 18:28:51,038 [DEBUG] taskcoachlib.domain.task.task: Task.__setattr__ : utilise la méthode super avec name=_Task__status et value=inactive.
2026-02-19 18:28:51,038 [DEBUG] taskcoachlib.domain.task.task: Task.__setattr__ : utilise la méthode super avec name=_Task__status et value=completed.
2026-02-19 18:28:51,038 [DEBUG] taskcoachlib.domain.task.task: Task.__setattr__ : utilise la méthode super avec name=_Task__status et value=inactive.
2026-02-19 18:28:51,038 [DEBUG] taskcoachlib.domain.task.task: Task.__setattr__ : utilise la méthode super avec name=_Task__status et value=inactive.
2026-02-19 18:28:51,038 [DEBUG] taskcoachlib.domain.task.task: Task.__setattr__ : utilise la méthode super avec name=_Task__status et value=completed.
2026-02-19 18:28:51,038 [DEBUG] taskcoachlib.domain.task.task: Task.__setattr__ : utilise la méthode super avec name=_Task__status et value=overdue.
2026-02-19 18:28:51,038 [DEBUG] taskcoachlib.domain.task.task: Task.__setattr__ : utilise la méthode super avec name=_Task__status et value=overdue.
2026-02-19 18:28:51,038 [DEBUG] taskcoachlib.domain.task.task: Task.__setattr__ : utilise la méthode super avec name=_Task__status et value=inactive.
2026-02-19 18:28:51,039 [DEBUG] taskcoachlib.domain.task.task: Task.__setattr__ : utilise la méthode super avec name=_Task__status et value=inactive.
2026-02-19 18:28:51,039 [DEBUG] taskcoachlib.domain.task.task: Task.__setattr__ : utilise la méthode super avec name=_Task__status et value=inactive.
2026-02-19 18:28:51,039 [DEBUG] taskcoachlib.domain.task.task: Task.__setattr__ : utilise la méthode super avec name=_Task__status et value=inactive.
2026-02-19 18:28:51,039 [DEBUG] taskcoachlib.domain.task.task: Task.__setattr__ : utilise la méthode super avec name=_Task__status et value=completed.
2026-02-19 18:28:51,039 [DEBUG] taskcoachlib.domain.task.task: Task.__setattr__ : utilise la méthode super avec name=_Task__status et value=overdue.
2026-02-19 18:28:51,039 [DEBUG] taskcoachlib.domain.task.task: Task.__setattr__ : utilise la méthode super avec name=_Task__status et value=completed.
2026-02-19 18:28:51,039 [DEBUG] taskcoachlib.domain.task.task: Task.__setattr__ : utilise la méthode super avec name=_Task__status et value=overdue.
2026-02-19 18:28:51,040 [DEBUG] taskcoachlib.domain.task.task: Task.__setattr__ : utilise la méthode super avec name=_Task__status et value=active.
2026-02-19 18:28:51,040 [DEBUG] taskcoachlib.domain.task.task: Task.__setattr__ : utilise la méthode super avec name=_Task__status et value=inactive.
2026-02-19 18:28:51,040 [DEBUG] taskcoachlib.domain.task.task: Task.__setattr__ : utilise la méthode super avec name=_Task__status et value=overdue.
2026-02-19 18:28:51,040 [DEBUG] taskcoachlib.domain.task.task: Task.__setattr__ : utilise la méthode super avec name=_Task__status et value=completed.
2026-02-19 18:28:51,040 [DEBUG] taskcoachlib.domain.task.task: Task.__setattr__ : utilise la méthode super avec name=_Task__status et value=inactive.
2026-02-19 18:28:51,040 [DEBUG] taskcoachlib.domain.task.task: Task.__setattr__ : utilise la méthode super avec name=_Task__status et value=inactive.
2026-02-19 18:28:51,040 [DEBUG] taskcoachlib.domain.task.task: Task.__setattr__ : utilise la méthode super avec name=_Task__status et value=inactive.
2026-02-19 18:28:51,041 [DEBUG] taskcoachlib.domain.task.task: Task.__setattr__ : utilise la méthode super avec name=_Task__status et value=inactive.
2026-02-19 18:28:51,041 [DEBUG] taskcoachlib.domain.task.task: Task.__setattr__ : utilise la méthode super avec name=_Task__status et value=overdue.
2026-02-19 18:28:51,041 [DEBUG] taskcoachlib.domain.task.task: Task.__setattr__ : utilise la méthode super avec name=_Task__status et value=inactive.
2026-02-19 18:28:51,041 [DEBUG] taskcoachlib.domain.task.task: Task.__setattr__ : utilise la méthode super avec name=_Task__status et value=completed.
2026-02-19 18:28:51,041 [DEBUG] taskcoachlib.domain.task.task: Task.__setattr__ : utilise la méthode super avec name=_Task__status et value=inactive.
2026-02-19 18:28:51,041 [DEBUG] taskcoachlib.domain.task.task: Task.__setattr__ : utilise la méthode super avec name=_Task__status et value=inactive.
2026-02-19 18:28:51,042 [DEBUG] taskcoachlib.domain.task.task: Task.__setattr__ : utilise la méthode super avec name=_Task__status et value=inactive.
2026-02-19 18:28:51,042 [DEBUG] taskcoachlib.domain.task.task: Task.__setattr__ : utilise la méthode super avec name=_Task__status et value=completed.
2026-02-19 18:28:51,042 [DEBUG] taskcoachlib.domain.task.task: Task.__setattr__ : utilise la méthode super avec name=_Task__status et value=overdue.
2026-02-19 18:28:51,042 [DEBUG] taskcoachlib.domain.task.task: Task.__setattr__ : utilise la méthode super avec name=_Task__status et value=inactive.
2026-02-19 18:28:51,042 [DEBUG] taskcoachlib.domain.task.task: Task.__setattr__ : utilise la méthode super avec name=_Task__status et value=completed.
2026-02-19 18:28:51,042 [DEBUG] taskcoachlib.domain.task.task: Task.__setattr__ : utilise la méthode super avec name=_Task__status et value=completed.
2026-02-19 18:28:51,042 [DEBUG] taskcoachlib.domain.task.task: Task.__setattr__ : utilise la méthode super avec name=_Task__status et value=inactive.
2026-02-19 18:28:51,042 [DEBUG] taskcoachlib.domain.task.task: Task.__setattr__ : utilise la méthode super avec name=_Task__status et value=completed.
2026-02-19 18:28:51,043 [DEBUG] taskcoachlib.domain.task.task: Task.__setattr__ : utilise la méthode super avec name=_Task__status et value=completed.
2026-02-19 18:28:51,043 [DEBUG] taskcoachlib.domain.task.task: Task.__setattr__ : utilise la méthode super avec name=_Task__status et value=inactive.
2026-02-19 18:28:51,043 [DEBUG] taskcoachlib.domain.task.task: Task.__setattr__ : utilise la méthode super avec name=_Task__status et value=completed.
2026-02-19 18:28:51,043 [DEBUG] taskcoachlib.domain.task.task: Task.__setattr__ : utilise la méthode super avec name=_Task__status et value=overdue.
2026-02-19 18:28:51,043 [DEBUG] taskcoachlib.domain.task.task: Task.__setattr__ : utilise la méthode super avec name=_Task__status et value=completed.
2026-02-19 18:28:51,043 [DEBUG] taskcoachlib.domain.task.task: Task.__setattr__ : utilise la méthode super avec name=_Task__status et value=inactive.
2026-02-19 18:28:51,043 [DEBUG] taskcoachlib.domain.task.task: Task.__setattr__ : utilise la méthode super avec name=_Task__status et value=completed.
2026-02-19 18:28:51,044 [DEBUG] taskcoachlib.domain.task.task: Task.__setattr__ : utilise la méthode super avec name=_Task__status et value=completed.
2026-02-19 18:28:51,044 [DEBUG] taskcoachlib.domain.task.task: Task.__setattr__ : utilise la méthode super avec name=_Task__status et value=completed.
2026-02-19 18:28:51,044 [DEBUG] taskcoachlib.domain.task.task: Task.__setattr__ : utilise la méthode super avec name=_Task__status et value=inactive.
2026-02-19 18:28:51,044 [DEBUG] taskcoachlib.domain.task.task: Task.__setattr__ : utilise la méthode super avec name=_Task__status et value=inactive.
2026-02-19 18:28:51,044 [DEBUG] taskcoachlib.domain.task.task: Task.__setattr__ : utilise la méthode super avec name=_Task__status et value=completed.
2026-02-19 18:28:51,044 [DEBUG] taskcoachlib.domain.task.task: Task.__setattr__ : utilise la méthode super avec name=_Task__status et value=overdue.
2026-02-19 18:28:51,044 [DEBUG] taskcoachlib.domain.task.task: Task.__setattr__ : utilise la méthode super avec name=_Task__status et value=inactive.
2026-02-19 18:28:51,044 [DEBUG] taskcoachlib.domain.task.task: Task.__setattr__ : utilise la méthode super avec name=_Task__status et value=inactive.
2026-02-19 18:28:51,045 [DEBUG] taskcoachlib.domain.task.task: Task.__setattr__ : utilise la méthode super avec name=_Task__status et value=completed.
2026-02-19 18:28:51,045 [DEBUG] taskcoachlib.domain.task.task: Task.__setattr__ : utilise la méthode super avec name=_Task__status et value=inactive.
2026-02-19 18:28:51,047 [DEBUG] taskcoachlib.domain.task.task: Task.__setattr__ : utilise la méthode super avec name=_Task__status et value=completed.
2026-02-19 18:28:51,047 [DEBUG] taskcoachlib.domain.task.task: Task.__setattr__ : utilise la méthode super avec name=_Task__status et value=completed.
2026-02-19 18:28:51,047 [DEBUG] taskcoachlib.domain.task.task: Task.__setattr__ : utilise la méthode super avec name=_Task__status et value=overdue.
2026-02-19 18:28:51,047 [DEBUG] taskcoachlib.domain.task.task: Task.__setattr__ : utilise la méthode super avec name=_Task__status et value=inactive.
2026-02-19 18:28:51,048 [DEBUG] taskcoachlib.domain.task.task: Task.__setattr__ : utilise la méthode super avec name=_Task__status et value=active.
2026-02-19 18:28:51,048 [DEBUG] taskcoachlib.domain.task.task: Task.__setattr__ : utilise la méthode super avec name=_Task__status et value=completed.
2026-02-19 18:28:51,048 [DEBUG] taskcoachlib.domain.task.task: Task.__setattr__ : utilise la méthode super avec name=_Task__status et value=inactive.
2026-02-19 18:28:51,048 [DEBUG] taskcoachlib.domain.task.task: Task.__setattr__ : utilise la méthode super avec name=_Task__status et value=completed.
2026-02-19 18:28:51,048 [DEBUG] taskcoachlib.domain.task.task: Task.__setattr__ : utilise la méthode super avec name=_Task__status et value=completed.
2026-02-19 18:28:51,048 [DEBUG] taskcoachlib.domain.task.task: Task.__setattr__ : utilise la méthode super avec name=_Task__status et value=completed.
2026-02-19 18:28:51,048 [DEBUG] taskcoachlib.domain.task.task: Task.__setattr__ : utilise la méthode super avec name=_Task__status et value=inactive.
2026-02-19 18:28:51,048 [DEBUG] taskcoachlib.domain.task.task: Task.__setattr__ : utilise la méthode super avec name=_Task__status et value=inactive.
2026-02-19 18:28:51,049 [DEBUG] taskcoachlib.domain.task.task: Task.__setattr__ : utilise la méthode super avec name=_Task__status et value=active.
2026-02-19 18:28:51,049 [DEBUG] taskcoachlib.domain.task.task: Task.__setattr__ : utilise la méthode super avec name=_Task__status et value=completed.
2026-02-19 18:28:51,049 [DEBUG] taskcoachlib.domain.task.task: Task.__setattr__ : utilise la méthode super avec name=_Task__status et value=completed.
2026-02-19 18:28:51,049 [DEBUG] taskcoachlib.domain.task.task: Task.__setattr__ : utilise la méthode super avec name=_Task__status et value=overdue.
2026-02-19 18:28:51,049 [DEBUG] taskcoachlib.domain.task.task: Task.__setattr__ : utilise la méthode super avec name=_Task__status et value=overdue.
2026-02-19 18:28:51,049 [DEBUG] taskcoachlib.domain.task.task: Task.__setattr__ : utilise la méthode super avec name=_Task__status et value=completed.
2026-02-19 18:28:51,049 [DEBUG] taskcoachlib.domain.task.task: Task.__setattr__ : utilise la méthode super avec name=_Task__status et value=completed.
2026-02-19 18:28:51,050 [DEBUG] taskcoachlib.domain.task.task: Task.__setattr__ : utilise la méthode super avec name=_Task__status et value=inactive.
2026-02-19 18:28:51,050 [DEBUG] taskcoachlib.domain.task.task: Task.__setattr__ : utilise la méthode super avec name=_Task__status et value=inactive.
2026-02-19 18:28:51,050 [DEBUG] taskcoachlib.domain.task.task: Task.__setattr__ : utilise la méthode super avec name=_Task__status et value=completed.
2026-02-19 18:28:51,050 [DEBUG] taskcoachlib.domain.task.task: Task.__setattr__ : utilise la méthode super avec name=_Task__status et value=inactive.
2026-02-19 18:28:51,050 [DEBUG] taskcoachlib.domain.task.task: Task.__setattr__ : utilise la méthode super avec name=_Task__status et value=completed.
2026-02-19 18:28:51,050 [DEBUG] taskcoachlib.domain.task.task: Task.__setattr__ : utilise la méthode super avec name=_Task__status et value=completed.
2026-02-19 18:28:51,050 [DEBUG] taskcoachlib.domain.task.task: Task.__setattr__ : utilise la méthode super avec name=_Task__status et value=inactive.
2026-02-19 18:28:51,051 [DEBUG] taskcoachlib.domain.task.task: Task.__setattr__ : utilise la méthode super avec name=_Task__status et value=inactive.
2026-02-19 18:28:51,051 [DEBUG] taskcoachlib.domain.task.task: Task.__setattr__ : utilise la méthode super avec name=_Task__status et value=completed.
2026-02-19 18:28:51,051 [DEBUG] taskcoachlib.domain.task.task: Task.__setattr__ : utilise la méthode super avec name=_Task__status et value=inactive.
2026-02-19 18:28:51,051 [DEBUG] taskcoachlib.domain.task.task: Task.__setattr__ : utilise la méthode super avec name=_Task__status et value=inactive.
2026-02-19 18:28:51,051 [DEBUG] taskcoachlib.domain.task.task: Task.__setattr__ : utilise la méthode super avec name=_Task__status et value=completed.
2026-02-19 18:28:51,051 [DEBUG] taskcoachlib.domain.task.task: Task.__setattr__ : utilise la méthode super avec name=_Task__status et value=inactive.
2026-02-19 18:28:51,051 [DEBUG] taskcoachlib.domain.task.task: Task.__setattr__ : utilise la méthode super avec name=_Task__status et value=inactive.
2026-02-19 18:28:51,052 [DEBUG] taskcoachlib.domain.task.task: Task.__setattr__ : utilise la méthode super avec name=_Task__status et value=overdue.
2026-02-19 18:28:51,052 [DEBUG] taskcoachlib.domain.task.task: Task.__setattr__ : utilise la méthode super avec name=_Task__status et value=inactive.
2026-02-19 18:28:51,052 [DEBUG] taskcoachlib.domain.task.task: Task.__setattr__ : utilise la méthode super avec name=_Task__status et value=inactive.
2026-02-19 18:28:51,052 [DEBUG] taskcoachlib.domain.task.task: Task.__setattr__ : utilise la méthode super avec name=_Task__status et value=inactive.
2026-02-19 18:28:51,052 [DEBUG] taskcoachlib.domain.task.task: Task.__setattr__ : utilise la méthode super avec name=_Task__status et value=inactive.
2026-02-19 18:28:51,052 [DEBUG] taskcoachlib.domain.task.task: Task.__setattr__ : utilise la méthode super avec name=_Task__status et value=completed.
2026-02-19 18:28:51,052 [DEBUG] taskcoachlib.domain.task.task: Task.__setattr__ : utilise la méthode super avec name=_Task__status et value=active.
2026-02-19 18:28:51,052 [DEBUG] taskcoachlib.domain.task.task: Task.__setattr__ : utilise la méthode super avec name=_Task__status et value=inactive.
2026-02-19 18:28:51,053 [DEBUG] taskcoachlib.domain.task.task: Task.__setattr__ : utilise la méthode super avec name=_Task__status et value=inactive.
2026-02-19 18:28:51,053 [DEBUG] taskcoachlib.domain.task.task: Task.__setattr__ : utilise la méthode super avec name=_Task__status et value=active.
2026-02-19 18:28:51,053 [DEBUG] taskcoachlib.domain.task.task: Task.__setattr__ : utilise la méthode super avec name=_Task__status et value=inactive.
2026-02-19 18:28:51,053 [DEBUG] taskcoachlib.domain.task.task: Task.__setattr__ : utilise la méthode super avec name=_Task__status et value=overdue.
2026-02-19 18:28:51,053 [DEBUG] taskcoachlib.domain.task.task: Task.__setattr__ : utilise la méthode super avec name=_Task__status et value=inactive.
2026-02-19 18:28:51,053 [DEBUG] taskcoachlib.domain.task.task: Task.__setattr__ : utilise la méthode super avec name=_Task__status et value=overdue.
2026-02-19 18:28:51,053 [DEBUG] taskcoachlib.domain.task.task: Task.__setattr__ : utilise la méthode super avec name=_Task__status et value=inactive.
2026-02-19 18:28:51,054 [DEBUG] taskcoachlib.domain.task.task: Task.__setattr__ : utilise la méthode super avec name=_Task__status et value=inactive.
2026-02-19 18:28:51,054 [DEBUG] taskcoachlib.domain.task.task: Task.__setattr__ : utilise la méthode super avec name=_Task__status et value=inactive.
2026-02-19 18:28:51,054 [DEBUG] taskcoachlib.domain.task.task: Task.__setattr__ : utilise la méthode super avec name=_Task__status et value=overdue.
2026-02-19 18:28:51,054 [DEBUG] taskcoachlib.domain.task.task: Task.__setattr__ : utilise la méthode super avec name=_Task__status et value=inactive.
2026-02-19 18:28:51,054 [DEBUG] taskcoachlib.domain.task.task: Task.__setattr__ : utilise la méthode super avec name=_Task__status et value=inactive.
2026-02-19 18:28:51,054 [DEBUG] taskcoachlib.domain.task.task: Task.__setattr__ : utilise la méthode super avec name=_Task__status et value=completed.
2026-02-19 18:28:51,054 [DEBUG] taskcoachlib.domain.task.task: Task.__setattr__ : utilise la méthode super avec name=_Task__status et value=inactive.
2026-02-19 18:28:51,055 [DEBUG] taskcoachlib.domain.task.task: Task.__setattr__ : utilise la méthode super avec name=_Task__status et value=completed.
2026-02-19 18:28:51,055 [DEBUG] taskcoachlib.domain.task.task: Task.__setattr__ : utilise la méthode super avec name=_Task__status et value=inactive.
2026-02-19 18:28:51,055 [DEBUG] taskcoachlib.domain.task.task: Task.__setattr__ : utilise la méthode super avec name=_Task__status et value=inactive.
2026-02-19 18:28:51,055 [DEBUG] taskcoachlib.domain.task.task: Task.__setattr__ : utilise la méthode super avec name=_Task__status et value=inactive.
2026-02-19 18:28:51,055 [DEBUG] taskcoachlib.domain.task.task: Task.__setattr__ : utilise la méthode super avec name=_Task__status et value=completed.
2026-02-19 18:28:51,055 [DEBUG] taskcoachlib.domain.task.task: Task.__setattr__ : utilise la méthode super avec name=_Task__status et value=inactive.
2026-02-19 18:28:51,055 [DEBUG] taskcoachlib.domain.task.task: Task.__setattr__ : utilise la méthode super avec name=_Task__status et value=completed.
2026-02-19 18:28:51,056 [DEBUG] taskcoachlib.domain.task.task: Task.__setattr__ : utilise la méthode super avec name=_Task__status et value=overdue.
2026-02-19 18:28:51,056 [DEBUG] taskcoachlib.domain.task.task: Task.__setattr__ : utilise la méthode super avec name=_Task__status et value=inactive.
2026-02-19 18:28:51,056 [DEBUG] taskcoachlib.domain.task.task: Task.__setattr__ : utilise la méthode super avec name=_Task__status et value=inactive.
2026-02-19 18:28:51,056 [DEBUG] taskcoachlib.domain.task.task: Task.__setattr__ : utilise la méthode super avec name=_Task__status et value=completed.
2026-02-19 18:28:51,056 [DEBUG] taskcoachlib.domain.task.task: Task.__setattr__ : utilise la méthode super avec name=_Task__status et value=overdue.
2026-02-19 18:28:51,056 [DEBUG] taskcoachlib.domain.task.task: Task.__setattr__ : utilise la méthode super avec name=_Task__status et value=inactive.
2026-02-19 18:28:51,056 [DEBUG] taskcoachlib.domain.task.task: Task.__setattr__ : utilise la méthode super avec name=_Task__status et value=completed.
2026-02-19 18:28:51,056 [DEBUG] taskcoachlib.domain.task.task: Task.__setattr__ : utilise la méthode super avec name=_Task__status et value=inactive.
2026-02-19 18:28:51,057 [DEBUG] taskcoachlib.domain.task.task: Task.__setattr__ : utilise la méthode super avec name=_Task__status et value=completed.
2026-02-19 18:28:51,057 [DEBUG] taskcoachlib.domain.task.task: Task.__setattr__ : utilise la méthode super avec name=_Task__status et value=inactive.
2026-02-19 18:28:51,057 [DEBUG] taskcoachlib.domain.task.task: Task.__setattr__ : utilise la méthode super avec name=_Task__status et value=active.
2026-02-19 18:28:51,057 [DEBUG] taskcoachlib.domain.task.task: Task.__setattr__ : utilise la méthode super avec name=_Task__status et value=inactive.
2026-02-19 18:28:51,057 [DEBUG] taskcoachlib.domain.task.task: Task.__setattr__ : utilise la méthode super avec name=_Task__status et value=inactive.
2026-02-19 18:28:51,057 [DEBUG] taskcoachlib.domain.task.task: Task.__setattr__ : utilise la méthode super avec name=_Task__status et value=inactive.
2026-02-19 18:28:51,057 [DEBUG] taskcoachlib.domain.task.task: Task.__setattr__ : utilise la méthode super avec name=_Task__status et value=completed.
2026-02-19 18:28:51,058 [DEBUG] taskcoachlib.domain.task.task: Task.__setattr__ : utilise la méthode super avec name=_Task__status et value=inactive.
2026-02-19 18:28:51,058 [DEBUG] taskcoachlib.domain.task.task: Task.__setattr__ : utilise la méthode super avec name=_Task__status et value=overdue.
2026-02-19 18:28:51,058 [DEBUG] taskcoachlib.domain.task.task: Task.__setattr__ : utilise la méthode super avec name=_Task__status et value=inactive.
2026-02-19 18:28:51,058 [DEBUG] taskcoachlib.domain.task.task: Task.__setattr__ : utilise la méthode super avec name=_Task__status et value=completed.
2026-02-19 18:28:51,058 [DEBUG] taskcoachlib.domain.task.task: Task.__setattr__ : utilise la méthode super avec name=_Task__status et value=inactive.
2026-02-19 18:28:51,058 [DEBUG] taskcoachlib.domain.task.task: Task.__setattr__ : utilise la méthode super avec name=_Task__status et value=active.
2026-02-19 18:28:51,059 [DEBUG] taskcoachlib.domain.task.task: Task.__setattr__ : utilise la méthode super avec name=_Task__status et value=inactive.
2026-02-19 18:28:51,059 [DEBUG] taskcoachlib.domain.task.task: Task.__setattr__ : utilise la méthode super avec name=_Task__status et value=inactive.
2026-02-19 18:28:51,059 [DEBUG] taskcoachlib.domain.task.task: Task.__setattr__ : utilise la méthode super avec name=_Task__status et value=completed.
2026-02-19 18:28:51,059 [DEBUG] taskcoachlib.domain.task.task: Task.__setattr__ : utilise la méthode super avec name=_Task__status et value=active.
2026-02-19 18:28:51,059 [DEBUG] taskcoachlib.domain.task.task: Task.__setattr__ : utilise la méthode super avec name=_Task__status et value=overdue.
2026-02-19 18:28:51,059 [DEBUG] taskcoachlib.domain.task.task: Task.__setattr__ : utilise la méthode super avec name=_Task__status et value=completed.
2026-02-19 18:28:51,059 [DEBUG] taskcoachlib.domain.task.task: Task.__setattr__ : utilise la méthode super avec name=_Task__status et value=overdue.
2026-02-19 18:28:51,060 [DEBUG] taskcoachlib.domain.task.task: Task.__setattr__ : utilise la méthode super avec name=_Task__status et value=completed.
2026-02-19 18:28:51,082 [DEBUG] taskcoachlib.domain.task.task: Task.__setattr__ : utilise la méthode super avec name=_Task__status et value=inactive.
2026-02-19 18:28:51,082 [INFO] taskcoachlib.gui.viewer.container: ViewerContainer.__getattr__ retourne l'attribut <bound method Viewer.curselection of <taskcoachlib.gui.viewer.task.TaskViewer object at 0x7f260a5c62a0>> avec l'ancienne méthode !
2026-02-19 18:28:51,083 [INFO] taskcoachlib.gui.viewer.container: ViewerContainer.__getattr__ retourne l'attribut <bound method Viewer.curselection of <taskcoachlib.gui.viewer.task.TaskViewer object at 0x7f260a5c62a0>> avec l'ancienne méthode !
2026-02-19 18:28:51,083 [INFO] taskcoachlib.gui.viewer.container: ViewerContainer.__getattr__ retourne l'attribut <bound method Viewer.curselection of <taskcoachlib.gui.viewer.task.TaskViewer object at 0x7f260a5c62a0>> avec l'ancienne méthode !
2026-02-19 18:28:51,083 [DEBUG] taskcoachlib.domain.base.object: CompositeObject.subject : retourne le sujet de Task id=27ccbecc-6084-11e5-9f59-f07bcb8b1707 : Travailler sur mon Livre sur Ma Façon de Mixer.
2026-02-19 18:28:51,085 [DEBUG] taskcoachlib.domain.base.object: CompositeObject.subject : retourne le sujet de Task id=27ccbecc-6084-11e5-9f59-f07bcb8b1707 : Travailler sur mon Livre sur Ma Façon de Mixer.
2026-02-19 18:28:51,086 [DEBUG] taskcoachlib.domain.base.object: CompositeObject.subject : retourne le sujet de Task id=27ccbecc-6084-11e5-9f59-f07bcb8b1707 : Travailler sur mon Livre sur Ma Façon de Mixer.
2026-02-19 18:28:51,087 [DEBUG] taskcoachlib.domain.base.object: CompositeObject.subject : retourne le sujet de Task id=27ccbecc-6084-11e5-9f59-f07bcb8b1707 : Travailler sur mon Livre sur Ma Façon de Mixer.
2026-02-19 18:28:51,089 [DEBUG] taskcoachlib.domain.base.object: CompositeObject.subject : retourne le sujet de Task id=27ccbecc-6084-11e5-9f59-f07bcb8b1707 : Travailler sur mon Livre sur Ma Façon de Mixer.
2026-02-19 18:28:51,111 [DEBUG] taskcoachlib.domain.task.task: Task.__setattr__ : utilise la méthode super avec name=_Task__computed_status et value=inactive.
2026-02-19 18:28:51,111 [DEBUG] taskcoachlib.domain.task.task: Task.__setattr__ : utilise la méthode super avec name=_Task__status_text et value=Inactive.
2026-02-19 18:28:51,111 [DEBUG] taskcoachlib.domain.task.task: Task.__setattr__ : utilise la méthode super avec name=_Task__status_icon et value=led_grey_icon.
2026-02-19 18:28:51,111 [DEBUG] taskcoachlib.domain.task.task: Task.__setattr__ : utilise la méthode super avec name=_Task__status_source et value=No actual start date.
2026-02-19 18:28:51,118 [DEBUG] taskcoachlib.domain.task.task: Task.__setattr__ : utilise la méthode super avec name=_Task__status et value=inactive.
2026-02-19 18:28:51,119 [INFO] taskcoachlib.gui.viewer.container: ViewerContainer.__getattr__ retourne l'attribut <bound method Viewer.curselection of <taskcoachlib.gui.viewer.task.TaskViewer object at 0x7f260a5c62a0>> avec l'ancienne méthode !
2026-02-19 18:28:51,119 [INFO] taskcoachlib.gui.viewer.container: ViewerContainer.__getattr__ retourne l'attribut <bound method Viewer.curselection of <taskcoachlib.gui.viewer.task.TaskViewer object at 0x7f260a5c62a0>> avec l'ancienne méthode !
2026-02-19 18:28:51,119 [INFO] taskcoachlib.gui.viewer.container: ViewerContainer.__getattr__ retourne l'attribut <bound method Viewer.curselection of <taskcoachlib.gui.viewer.task.TaskViewer object at 0x7f260a5c62a0>> avec l'ancienne méthode !
2026-02-19 18:28:51,120 [DEBUG] taskcoachlib.domain.base.object: CompositeObject.subject : retourne le sujet de Task id=27ccbecc-6084-11e5-9f59-f07bcb8b1707 : Travailler sur mon Livre sur Ma Façon de Mixer.
2026-02-19 18:28:51,121 [DEBUG] taskcoachlib.domain.base.object: CompositeObject.subject : retourne le sujet de Task id=27ccbecc-6084-11e5-9f59-f07bcb8b1707 : Travailler sur mon Livre sur Ma Façon de Mixer.
2026-02-19 18:28:51,123 [DEBUG] taskcoachlib.domain.base.object: CompositeObject.subject : retourne le sujet de Task id=27ccbecc-6084-11e5-9f59-f07bcb8b1707 : Travailler sur mon Livre sur Ma Façon de Mixer.
2026-02-19 18:28:51,124 [DEBUG] taskcoachlib.domain.base.object: CompositeObject.subject : retourne le sujet de Task id=27ccbecc-6084-11e5-9f59-f07bcb8b1707 : Travailler sur mon Livre sur Ma Façon de Mixer.
2026-02-19 18:28:51,126 [DEBUG] taskcoachlib.domain.base.object: CompositeObject.subject : retourne le sujet de Task id=27ccbecc-6084-11e5-9f59-f07bcb8b1707 : Travailler sur mon Livre sur Ma Façon de Mixer.
2026-02-19 18:28:51,882 [DEBUG] taskcoachlib.domain.task.task: Task.__setattr__ : utilise la méthode super avec name=_Task__status et value=inactive.
2026-02-19 18:28:51,882 [INFO] taskcoachlib.gui.viewer.container: ViewerContainer.__getattr__ retourne l'attribut <bound method Viewer.curselection of <taskcoachlib.gui.viewer.task.TaskViewer object at 0x7f260a5c62a0>> avec l'ancienne méthode !
2026-02-19 18:28:51,883 [INFO] taskcoachlib.gui.viewer.container: ViewerContainer.__getattr__ retourne l'attribut <bound method Viewer.curselection of <taskcoachlib.gui.viewer.task.TaskViewer object at 0x7f260a5c62a0>> avec l'ancienne méthode !
2026-02-19 18:28:51,883 [INFO] taskcoachlib.gui.viewer.container: ViewerContainer.__getattr__ retourne l'attribut <bound method Viewer.curselection of <taskcoachlib.gui.viewer.task.TaskViewer object at 0x7f260a5c62a0>> avec l'ancienne méthode !
2026-02-19 18:28:51,884 [DEBUG] taskcoachlib.domain.base.object: CompositeObject.subject : retourne le sujet de Task id=27ccbecc-6084-11e5-9f59-f07bcb8b1707 : Travailler sur mon Livre sur Ma Façon de Mixer.
2026-02-19 18:28:51,885 [DEBUG] taskcoachlib.domain.base.object: CompositeObject.subject : retourne le sujet de Task id=27ccbecc-6084-11e5-9f59-f07bcb8b1707 : Travailler sur mon Livre sur Ma Façon de Mixer.
2026-02-19 18:28:51,886 [DEBUG] taskcoachlib.domain.base.object: CompositeObject.subject : retourne le sujet de Task id=27ccbecc-6084-11e5-9f59-f07bcb8b1707 : Travailler sur mon Livre sur Ma Façon de Mixer.
2026-02-19 18:28:51,888 [DEBUG] taskcoachlib.domain.base.object: CompositeObject.subject : retourne le sujet de Task id=27ccbecc-6084-11e5-9f59-f07bcb8b1707 : Travailler sur mon Livre sur Ma Façon de Mixer.
2026-02-19 18:28:51,889 [DEBUG] taskcoachlib.domain.base.object: CompositeObject.subject : retourne le sujet de Task id=27ccbecc-6084-11e5-9f59-f07bcb8b1707 : Travailler sur mon Livre sur Ma Façon de Mixer.
2026-02-19 18:28:52,111 [DEBUG] taskcoachlib.domain.task.task: Task.__setattr__ : utilise la méthode super avec name=_Task__computed_status et value=inactive.
2026-02-19 18:28:52,111 [DEBUG] taskcoachlib.domain.task.task: Task.__setattr__ : utilise la méthode super avec name=_Task__status_text et value=Inactive.
2026-02-19 18:28:52,111 [DEBUG] taskcoachlib.domain.task.task: Task.__setattr__ : utilise la méthode super avec name=_Task__status_icon et value=led_grey_icon.
2026-02-19 18:28:52,111 [DEBUG] taskcoachlib.domain.task.task: Task.__setattr__ : utilise la méthode super avec name=_Task__status_source et value=No actual start date.
2026-02-19 18:28:52,114 [DEBUG] taskcoachlib.domain.task.task: Task.__setattr__ : utilise la méthode super avec name=_Task__status et value=inactive.
2026-02-19 18:28:52,114 [INFO] taskcoachlib.gui.viewer.container: ViewerContainer.__getattr__ retourne l'attribut <bound method Viewer.curselection of <taskcoachlib.gui.viewer.task.TaskViewer object at 0x7f260a5c62a0>> avec l'ancienne méthode !
2026-02-19 18:28:52,115 [INFO] taskcoachlib.gui.viewer.container: ViewerContainer.__getattr__ retourne l'attribut <bound method Viewer.curselection of <taskcoachlib.gui.viewer.task.TaskViewer object at 0x7f260a5c62a0>> avec l'ancienne méthode !
2026-02-19 18:28:52,115 [INFO] taskcoachlib.gui.viewer.container: ViewerContainer.__getattr__ retourne l'attribut <bound method Viewer.curselection of <taskcoachlib.gui.viewer.task.TaskViewer object at 0x7f260a5c62a0>> avec l'ancienne méthode !
2026-02-19 18:28:52,115 [DEBUG] taskcoachlib.domain.base.object: CompositeObject.subject : retourne le sujet de Task id=27ccbecc-6084-11e5-9f59-f07bcb8b1707 : Travailler sur mon Livre sur Ma Façon de Mixer.
2026-02-19 18:28:52,116 [DEBUG] taskcoachlib.domain.base.object: CompositeObject.subject : retourne le sujet de Task id=27ccbecc-6084-11e5-9f59-f07bcb8b1707 : Travailler sur mon Livre sur Ma Façon de Mixer.
2026-02-19 18:28:52,116 [DEBUG] taskcoachlib.domain.base.object: CompositeObject.subject : retourne le sujet de Task id=27ccbecc-6084-11e5-9f59-f07bcb8b1707 : Travailler sur mon Livre sur Ma Façon de Mixer.
2026-02-19 18:28:52,117 [DEBUG] taskcoachlib.domain.base.object: CompositeObject.subject : retourne le sujet de Task id=27ccbecc-6084-11e5-9f59-f07bcb8b1707 : Travailler sur mon Livre sur Ma Façon de Mixer.
2026-02-19 18:28:52,118 [DEBUG] taskcoachlib.domain.base.object: CompositeObject.subject : retourne le sujet de Task id=27ccbecc-6084-11e5-9f59-f07bcb8b1707 : Travailler sur mon Livre sur Ma Façon de Mixer.
2026-02-19 18:28:53,111 [DEBUG] taskcoachlib.domain.task.task: Task.__setattr__ : utilise la méthode super avec name=_Task__computed_status et value=inactive.
2026-02-19 18:28:53,111 [DEBUG] taskcoachlib.domain.task.task: Task.__setattr__ : utilise la méthode super avec name=_Task__status_text et value=Inactive.
2026-02-19 18:28:53,111 [DEBUG] taskcoachlib.domain.task.task: Task.__setattr__ : utilise la méthode super avec name=_Task__status_icon et value=led_grey_icon.
2026-02-19 18:28:53,111 [DEBUG] taskcoachlib.domain.task.task: Task.__setattr__ : utilise la méthode super avec name=_Task__status_source et value=No actual start date.
2026-02-19 18:28:53,115 [DEBUG] taskcoachlib.domain.task.task: Task.__setattr__ : utilise la méthode super avec name=_Task__status et value=inactive.
2026-02-19 18:28:53,116 [INFO] taskcoachlib.gui.viewer.container: ViewerContainer.__getattr__ retourne l'attribut <bound method Viewer.curselection of <taskcoachlib.gui.viewer.task.TaskViewer object at 0x7f260a5c62a0>> avec l'ancienne méthode !
2026-02-19 18:28:53,116 [INFO] taskcoachlib.gui.viewer.container: ViewerContainer.__getattr__ retourne l'attribut <bound method Viewer.curselection of <taskcoachlib.gui.viewer.task.TaskViewer object at 0x7f260a5c62a0>> avec l'ancienne méthode !
2026-02-19 18:28:53,116 [INFO] taskcoachlib.gui.viewer.container: ViewerContainer.__getattr__ retourne l'attribut <bound method Viewer.curselection of <taskcoachlib.gui.viewer.task.TaskViewer object at 0x7f260a5c62a0>> avec l'ancienne méthode !
2026-02-19 18:28:53,116 [DEBUG] taskcoachlib.domain.base.object: CompositeObject.subject : retourne le sujet de Task id=27ccbecc-6084-11e5-9f59-f07bcb8b1707 : Travailler sur mon Livre sur Ma Façon de Mixer.
2026-02-19 18:28:53,117 [DEBUG] taskcoachlib.domain.base.object: CompositeObject.subject : retourne le sujet de Task id=27ccbecc-6084-11e5-9f59-f07bcb8b1707 : Travailler sur mon Livre sur Ma Façon de Mixer.
2026-02-19 18:28:53,117 [DEBUG] taskcoachlib.domain.base.object: CompositeObject.subject : retourne le sujet de Task id=27ccbecc-6084-11e5-9f59-f07bcb8b1707 : Travailler sur mon Livre sur Ma Façon de Mixer.
2026-02-19 18:28:53,118 [DEBUG] taskcoachlib.domain.base.object: CompositeObject.subject : retourne le sujet de Task id=27ccbecc-6084-11e5-9f59-f07bcb8b1707 : Travailler sur mon Livre sur Ma Façon de Mixer.
2026-02-19 18:28:53,118 [DEBUG] taskcoachlib.domain.base.object: CompositeObject.subject : retourne le sujet de Task id=27ccbecc-6084-11e5-9f59-f07bcb8b1707 : Travailler sur mon Livre sur Ma Façon de Mixer.
2026-02-19 18:28:54,111 [DEBUG] taskcoachlib.domain.task.task: Task.__setattr__ : utilise la méthode super avec name=_Task__computed_status et value=inactive.
2026-02-19 18:28:54,111 [DEBUG] taskcoachlib.domain.task.task: Task.__setattr__ : utilise la méthode super avec name=_Task__status_text et value=Inactive.
2026-02-19 18:28:54,111 [DEBUG] taskcoachlib.domain.task.task: Task.__setattr__ : utilise la méthode super avec name=_Task__status_icon et value=led_grey_icon.
2026-02-19 18:28:54,111 [DEBUG] taskcoachlib.domain.task.task: Task.__setattr__ : utilise la méthode super avec name=_Task__status_source et value=No actual start date.
2026-02-19 18:28:54,114 [DEBUG] taskcoachlib.domain.task.task: Task.__setattr__ : utilise la méthode super avec name=_Task__status et value=inactive.
2026-02-19 18:28:54,115 [INFO] taskcoachlib.gui.viewer.container: ViewerContainer.__getattr__ retourne l'attribut <bound method Viewer.curselection of <taskcoachlib.gui.viewer.task.TaskViewer object at 0x7f260a5c62a0>> avec l'ancienne méthode !
2026-02-19 18:28:54,115 [INFO] taskcoachlib.gui.viewer.container: ViewerContainer.__getattr__ retourne l'attribut <bound method Viewer.curselection of <taskcoachlib.gui.viewer.task.TaskViewer object at 0x7f260a5c62a0>> avec l'ancienne méthode !
2026-02-19 18:28:54,115 [INFO] taskcoachlib.gui.viewer.container: ViewerContainer.__getattr__ retourne l'attribut <bound method Viewer.curselection of <taskcoachlib.gui.viewer.task.TaskViewer object at 0x7f260a5c62a0>> avec l'ancienne méthode !
2026-02-19 18:28:54,115 [DEBUG] taskcoachlib.domain.base.object: CompositeObject.subject : retourne le sujet de Task id=27ccbecc-6084-11e5-9f59-f07bcb8b1707 : Travailler sur mon Livre sur Ma Façon de Mixer.
2026-02-19 18:28:54,116 [DEBUG] taskcoachlib.domain.base.object: CompositeObject.subject : retourne le sujet de Task id=27ccbecc-6084-11e5-9f59-f07bcb8b1707 : Travailler sur mon Livre sur Ma Façon de Mixer.
2026-02-19 18:28:54,116 [DEBUG] taskcoachlib.domain.base.object: CompositeObject.subject : retourne le sujet de Task id=27ccbecc-6084-11e5-9f59-f07bcb8b1707 : Travailler sur mon Livre sur Ma Façon de Mixer.
2026-02-19 18:28:54,117 [DEBUG] taskcoachlib.domain.base.object: CompositeObject.subject : retourne le sujet de Task id=27ccbecc-6084-11e5-9f59-f07bcb8b1707 : Travailler sur mon Livre sur Ma Façon de Mixer.
2026-02-19 18:28:54,117 [DEBUG] taskcoachlib.domain.base.object: CompositeObject.subject : retourne le sujet de Task id=27ccbecc-6084-11e5-9f59-f07bcb8b1707 : Travailler sur mon Livre sur Ma Façon de Mixer.
2026-02-19 18:28:55,111 [DEBUG] taskcoachlib.domain.task.task: Task.__setattr__ : utilise la méthode super avec name=_Task__computed_status et value=inactive.
2026-02-19 18:28:55,112 [DEBUG] taskcoachlib.domain.task.task: Task.__setattr__ : utilise la méthode super avec name=_Task__status_text et value=Inactive.
2026-02-19 18:28:55,112 [DEBUG] taskcoachlib.domain.task.task: Task.__setattr__ : utilise la méthode super avec name=_Task__status_icon et value=led_grey_icon.
2026-02-19 18:28:55,112 [DEBUG] taskcoachlib.domain.task.task: Task.__setattr__ : utilise la méthode super avec name=_Task__status_source et value=No actual start date.
2026-02-19 18:28:55,115 [DEBUG] taskcoachlib.domain.task.task: Task.__setattr__ : utilise la méthode super avec name=_Task__status et value=inactive.
2026-02-19 18:28:55,115 [INFO] taskcoachlib.gui.viewer.container: ViewerContainer.__getattr__ retourne l'attribut <bound method Viewer.curselection of <taskcoachlib.gui.viewer.task.TaskViewer object at 0x7f260a5c62a0>> avec l'ancienne méthode !
2026-02-19 18:28:55,115 [INFO] taskcoachlib.gui.viewer.container: ViewerContainer.__getattr__ retourne l'attribut <bound method Viewer.curselection of <taskcoachlib.gui.viewer.task.TaskViewer object at 0x7f260a5c62a0>> avec l'ancienne méthode !
2026-02-19 18:28:55,115 [INFO] taskcoachlib.gui.viewer.container: ViewerContainer.__getattr__ retourne l'attribut <bound method Viewer.curselection of <taskcoachlib.gui.viewer.task.TaskViewer object at 0x7f260a5c62a0>> avec l'ancienne méthode !
2026-02-19 18:28:55,116 [DEBUG] taskcoachlib.domain.base.object: CompositeObject.subject : retourne le sujet de Task id=27ccbecc-6084-11e5-9f59-f07bcb8b1707 : Travailler sur mon Livre sur Ma Façon de Mixer.
2026-02-19 18:28:55,116 [DEBUG] taskcoachlib.domain.base.object: CompositeObject.subject : retourne le sujet de Task id=27ccbecc-6084-11e5-9f59-f07bcb8b1707 : Travailler sur mon Livre sur Ma Façon de Mixer.
2026-02-19 18:28:55,117 [DEBUG] taskcoachlib.domain.base.object: CompositeObject.subject : retourne le sujet de Task id=27ccbecc-6084-11e5-9f59-f07bcb8b1707 : Travailler sur mon Livre sur Ma Façon de Mixer.
2026-02-19 18:28:55,117 [DEBUG] taskcoachlib.domain.base.object: CompositeObject.subject : retourne le sujet de Task id=27ccbecc-6084-11e5-9f59-f07bcb8b1707 : Travailler sur mon Livre sur Ma Façon de Mixer.
2026-02-19 18:28:55,118 [DEBUG] taskcoachlib.domain.base.object: CompositeObject.subject : retourne le sujet de Task id=27ccbecc-6084-11e5-9f59-f07bcb8b1707 : Travailler sur mon Livre sur Ma Façon de Mixer.
2026-02-19 18:28:56,112 [DEBUG] taskcoachlib.domain.task.task: Task.__setattr__ : utilise la méthode super avec name=_Task__computed_status et value=inactive.
2026-02-19 18:28:56,112 [DEBUG] taskcoachlib.domain.task.task: Task.__setattr__ : utilise la méthode super avec name=_Task__status_text et value=Inactive.
2026-02-19 18:28:56,112 [DEBUG] taskcoachlib.domain.task.task: Task.__setattr__ : utilise la méthode super avec name=_Task__status_icon et value=led_grey_icon.
2026-02-19 18:28:56,112 [DEBUG] taskcoachlib.domain.task.task: Task.__setattr__ : utilise la méthode super avec name=_Task__status_source et value=No actual start date.
2026-02-19 18:28:56,117 [DEBUG] taskcoachlib.domain.task.task: Task.__setattr__ : utilise la méthode super avec name=_Task__status et value=inactive.
2026-02-19 18:28:56,117 [INFO] taskcoachlib.gui.viewer.container: ViewerContainer.__getattr__ retourne l'attribut <bound method Viewer.curselection of <taskcoachlib.gui.viewer.task.TaskViewer object at 0x7f260a5c62a0>> avec l'ancienne méthode !
2026-02-19 18:28:56,118 [INFO] taskcoachlib.gui.viewer.container: ViewerContainer.__getattr__ retourne l'attribut <bound method Viewer.curselection of <taskcoachlib.gui.viewer.task.TaskViewer object at 0x7f260a5c62a0>> avec l'ancienne méthode !
2026-02-19 18:28:56,118 [INFO] taskcoachlib.gui.viewer.container: ViewerContainer.__getattr__ retourne l'attribut <bound method Viewer.curselection of <taskcoachlib.gui.viewer.task.TaskViewer object at 0x7f260a5c62a0>> avec l'ancienne méthode !
2026-02-19 18:28:56,118 [DEBUG] taskcoachlib.domain.base.object: CompositeObject.subject : retourne le sujet de Task id=27ccbecc-6084-11e5-9f59-f07bcb8b1707 : Travailler sur mon Livre sur Ma Façon de Mixer.
2026-02-19 18:28:56,119 [DEBUG] taskcoachlib.domain.base.object: CompositeObject.subject : retourne le sujet de Task id=27ccbecc-6084-11e5-9f59-f07bcb8b1707 : Travailler sur mon Livre sur Ma Façon de Mixer.
2026-02-19 18:28:56,120 [DEBUG] taskcoachlib.domain.base.object: CompositeObject.subject : retourne le sujet de Task id=27ccbecc-6084-11e5-9f59-f07bcb8b1707 : Travailler sur mon Livre sur Ma Façon de Mixer.
2026-02-19 18:28:56,120 [DEBUG] taskcoachlib.domain.base.object: CompositeObject.subject : retourne le sujet de Task id=27ccbecc-6084-11e5-9f59-f07bcb8b1707 : Travailler sur mon Livre sur Ma Façon de Mixer.
2026-02-19 18:28:56,121 [DEBUG] taskcoachlib.domain.base.object: CompositeObject.subject : retourne le sujet de Task id=27ccbecc-6084-11e5-9f59-f07bcb8b1707 : Travailler sur mon Livre sur Ma Façon de Mixer.
2026-02-19 18:28:57,112 [DEBUG] taskcoachlib.domain.task.task: Task.__setattr__ : utilise la méthode super avec name=_Task__computed_status et value=inactive.
2026-02-19 18:28:57,112 [DEBUG] taskcoachlib.domain.task.task: Task.__setattr__ : utilise la méthode super avec name=_Task__status_text et value=Inactive.
2026-02-19 18:28:57,113 [DEBUG] taskcoachlib.domain.task.task: Task.__setattr__ : utilise la méthode super avec name=_Task__status_icon et value=led_grey_icon.
2026-02-19 18:28:57,113 [DEBUG] taskcoachlib.domain.task.task: Task.__setattr__ : utilise la méthode super avec name=_Task__status_source et value=No actual start date.
2026-02-19 18:28:57,117 [DEBUG] taskcoachlib.domain.task.task: Task.__setattr__ : utilise la méthode super avec name=_Task__status et value=inactive.
2026-02-19 18:28:57,117 [INFO] taskcoachlib.gui.viewer.container: ViewerContainer.__getattr__ retourne l'attribut <bound method Viewer.curselection of <taskcoachlib.gui.viewer.task.TaskViewer object at 0x7f260a5c62a0>> avec l'ancienne méthode !
2026-02-19 18:28:57,117 [INFO] taskcoachlib.gui.viewer.container: ViewerContainer.__getattr__ retourne l'attribut <bound method Viewer.curselection of <taskcoachlib.gui.viewer.task.TaskViewer object at 0x7f260a5c62a0>> avec l'ancienne méthode !
2026-02-19 18:28:57,117 [INFO] taskcoachlib.gui.viewer.container: ViewerContainer.__getattr__ retourne l'attribut <bound method Viewer.curselection of <taskcoachlib.gui.viewer.task.TaskViewer object at 0x7f260a5c62a0>> avec l'ancienne méthode !
2026-02-19 18:28:57,117 [DEBUG] taskcoachlib.domain.base.object: CompositeObject.subject : retourne le sujet de Task id=27ccbecc-6084-11e5-9f59-f07bcb8b1707 : Travailler sur mon Livre sur Ma Façon de Mixer.
2026-02-19 18:28:57,118 [DEBUG] taskcoachlib.domain.base.object: CompositeObject.subject : retourne le sujet de Task id=27ccbecc-6084-11e5-9f59-f07bcb8b1707 : Travailler sur mon Livre sur Ma Façon de Mixer.
2026-02-19 18:28:57,119 [DEBUG] taskcoachlib.domain.base.object: CompositeObject.subject : retourne le sujet de Task id=27ccbecc-6084-11e5-9f59-f07bcb8b1707 : Travailler sur mon Livre sur Ma Façon de Mixer.
2026-02-19 18:28:57,119 [DEBUG] taskcoachlib.domain.base.object: CompositeObject.subject : retourne le sujet de Task id=27ccbecc-6084-11e5-9f59-f07bcb8b1707 : Travailler sur mon Livre sur Ma Façon de Mixer.
2026-02-19 18:28:57,120 [DEBUG] taskcoachlib.domain.base.object: CompositeObject.subject : retourne le sujet de Task id=27ccbecc-6084-11e5-9f59-f07bcb8b1707 : Travailler sur mon Livre sur Ma Façon de Mixer.
2026-02-19 18:28:58,113 [DEBUG] taskcoachlib.domain.task.task: Task.__setattr__ : utilise la méthode super avec name=_Task__computed_status et value=inactive.
2026-02-19 18:28:58,113 [DEBUG] taskcoachlib.domain.task.task: Task.__setattr__ : utilise la méthode super avec name=_Task__status_text et value=Inactive.
2026-02-19 18:28:58,113 [DEBUG] taskcoachlib.domain.task.task: Task.__setattr__ : utilise la méthode super avec name=_Task__status_icon et value=led_grey_icon.
2026-02-19 18:28:58,113 [DEBUG] taskcoachlib.domain.task.task: Task.__setattr__ : utilise la méthode super avec name=_Task__status_source et value=No actual start date.
2026-02-19 18:28:58,118 [DEBUG] taskcoachlib.domain.task.task: Task.__setattr__ : utilise la méthode super avec name=_Task__status et value=inactive.
2026-02-19 18:28:58,118 [INFO] taskcoachlib.gui.viewer.container: ViewerContainer.__getattr__ retourne l'attribut <bound method Viewer.curselection of <taskcoachlib.gui.viewer.task.TaskViewer object at 0x7f260a5c62a0>> avec l'ancienne méthode !
2026-02-19 18:28:58,118 [INFO] taskcoachlib.gui.viewer.container: ViewerContainer.__getattr__ retourne l'attribut <bound method Viewer.curselection of <taskcoachlib.gui.viewer.task.TaskViewer object at 0x7f260a5c62a0>> avec l'ancienne méthode !
2026-02-19 18:28:58,119 [INFO] taskcoachlib.gui.viewer.container: ViewerContainer.__getattr__ retourne l'attribut <bound method Viewer.curselection of <taskcoachlib.gui.viewer.task.TaskViewer object at 0x7f260a5c62a0>> avec l'ancienne méthode !
2026-02-19 18:28:58,119 [DEBUG] taskcoachlib.domain.base.object: CompositeObject.subject : retourne le sujet de Task id=27ccbecc-6084-11e5-9f59-f07bcb8b1707 : Travailler sur mon Livre sur Ma Façon de Mixer.
2026-02-19 18:28:58,121 [DEBUG] taskcoachlib.domain.base.object: CompositeObject.subject : retourne le sujet de Task id=27ccbecc-6084-11e5-9f59-f07bcb8b1707 : Travailler sur mon Livre sur Ma Façon de Mixer.
2026-02-19 18:28:58,122 [DEBUG] taskcoachlib.domain.base.object: CompositeObject.subject : retourne le sujet de Task id=27ccbecc-6084-11e5-9f59-f07bcb8b1707 : Travailler sur mon Livre sur Ma Façon de Mixer.
2026-02-19 18:28:58,124 [DEBUG] taskcoachlib.domain.base.object: CompositeObject.subject : retourne le sujet de Task id=27ccbecc-6084-11e5-9f59-f07bcb8b1707 : Travailler sur mon Livre sur Ma Façon de Mixer.
2026-02-19 18:28:58,125 [DEBUG] taskcoachlib.domain.base.object: CompositeObject.subject : retourne le sujet de Task id=27ccbecc-6084-11e5-9f59-f07bcb8b1707 : Travailler sur mon Livre sur Ma Façon de Mixer.
2026-02-19 18:28:59,113 [DEBUG] taskcoachlib.domain.task.task: Task.__setattr__ : utilise la méthode super avec name=_Task__computed_status et value=inactive.
2026-02-19 18:28:59,113 [DEBUG] taskcoachlib.domain.task.task: Task.__setattr__ : utilise la méthode super avec name=_Task__status_text et value=Inactive.
2026-02-19 18:28:59,114 [DEBUG] taskcoachlib.domain.task.task: Task.__setattr__ : utilise la méthode super avec name=_Task__status_icon et value=led_grey_icon.
2026-02-19 18:28:59,114 [DEBUG] taskcoachlib.domain.task.task: Task.__setattr__ : utilise la méthode super avec name=_Task__status_source et value=No actual start date.
2026-02-19 18:28:59,118 [DEBUG] taskcoachlib.domain.task.task: Task.__setattr__ : utilise la méthode super avec name=_Task__status et value=inactive.
2026-02-19 18:28:59,118 [INFO] taskcoachlib.gui.viewer.container: ViewerContainer.__getattr__ retourne l'attribut <bound method Viewer.curselection of <taskcoachlib.gui.viewer.task.TaskViewer object at 0x7f260a5c62a0>> avec l'ancienne méthode !
2026-02-19 18:28:59,119 [INFO] taskcoachlib.gui.viewer.container: ViewerContainer.__getattr__ retourne l'attribut <bound method Viewer.curselection of <taskcoachlib.gui.viewer.task.TaskViewer object at 0x7f260a5c62a0>> avec l'ancienne méthode !
2026-02-19 18:28:59,119 [INFO] taskcoachlib.gui.viewer.container: ViewerContainer.__getattr__ retourne l'attribut <bound method Viewer.curselection of <taskcoachlib.gui.viewer.task.TaskViewer object at 0x7f260a5c62a0>> avec l'ancienne méthode !
2026-02-19 18:28:59,120 [DEBUG] taskcoachlib.domain.base.object: CompositeObject.subject : retourne le sujet de Task id=27ccbecc-6084-11e5-9f59-f07bcb8b1707 : Travailler sur mon Livre sur Ma Façon de Mixer.
2026-02-19 18:28:59,121 [DEBUG] taskcoachlib.domain.base.object: CompositeObject.subject : retourne le sujet de Task id=27ccbecc-6084-11e5-9f59-f07bcb8b1707 : Travailler sur mon Livre sur Ma Façon de Mixer.
2026-02-19 18:28:59,123 [DEBUG] taskcoachlib.domain.base.object: CompositeObject.subject : retourne le sujet de Task id=27ccbecc-6084-11e5-9f59-f07bcb8b1707 : Travailler sur mon Livre sur Ma Façon de Mixer.
2026-02-19 18:28:59,124 [DEBUG] taskcoachlib.domain.base.object: CompositeObject.subject : retourne le sujet de Task id=27ccbecc-6084-11e5-9f59-f07bcb8b1707 : Travailler sur mon Livre sur Ma Façon de Mixer.
2026-02-19 18:28:59,125 [DEBUG] taskcoachlib.domain.base.object: CompositeObject.subject : retourne le sujet de Task id=27ccbecc-6084-11e5-9f59-f07bcb8b1707 : Travailler sur mon Livre sur Ma Façon de Mixer.
2026-02-19 18:29:00,113 [DEBUG] taskcoachlib.domain.task.task: Task.__setattr__ : utilise la méthode super avec name=_Task__computed_status et value=inactive.
2026-02-19 18:29:00,114 [DEBUG] taskcoachlib.domain.task.task: Task.__setattr__ : utilise la méthode super avec name=_Task__status_text et value=Inactive.
2026-02-19 18:29:00,114 [DEBUG] taskcoachlib.domain.task.task: Task.__setattr__ : utilise la méthode super avec name=_Task__status_icon et value=led_grey_icon.
2026-02-19 18:29:00,114 [DEBUG] taskcoachlib.domain.task.task: Task.__setattr__ : utilise la méthode super avec name=_Task__status_source et value=No actual start date.
2026-02-19 18:29:00,118 [DEBUG] taskcoachlib.domain.task.task: Task.__setattr__ : utilise la méthode super avec name=_Task__status et value=inactive.
2026-02-19 18:29:00,119 [INFO] taskcoachlib.gui.viewer.container: ViewerContainer.__getattr__ retourne l'attribut <bound method Viewer.curselection of <taskcoachlib.gui.viewer.task.TaskViewer object at 0x7f260a5c62a0>> avec l'ancienne méthode !
2026-02-19 18:29:00,119 [INFO] taskcoachlib.gui.viewer.container: ViewerContainer.__getattr__ retourne l'attribut <bound method Viewer.curselection of <taskcoachlib.gui.viewer.task.TaskViewer object at 0x7f260a5c62a0>> avec l'ancienne méthode !
2026-02-19 18:29:00,119 [INFO] taskcoachlib.gui.viewer.container: ViewerContainer.__getattr__ retourne l'attribut <bound method Viewer.curselection of <taskcoachlib.gui.viewer.task.TaskViewer object at 0x7f260a5c62a0>> avec l'ancienne méthode !
2026-02-19 18:29:00,120 [DEBUG] taskcoachlib.domain.base.object: CompositeObject.subject : retourne le sujet de Task id=27ccbecc-6084-11e5-9f59-f07bcb8b1707 : Travailler sur mon Livre sur Ma Façon de Mixer.
2026-02-19 18:29:00,121 [DEBUG] taskcoachlib.domain.base.object: CompositeObject.subject : retourne le sujet de Task id=27ccbecc-6084-11e5-9f59-f07bcb8b1707 : Travailler sur mon Livre sur Ma Façon de Mixer.
2026-02-19 18:29:00,122 [DEBUG] taskcoachlib.domain.base.object: CompositeObject.subject : retourne le sujet de Task id=27ccbecc-6084-11e5-9f59-f07bcb8b1707 : Travailler sur mon Livre sur Ma Façon de Mixer.
2026-02-19 18:29:00,124 [DEBUG] taskcoachlib.domain.base.object: CompositeObject.subject : retourne le sujet de Task id=27ccbecc-6084-11e5-9f59-f07bcb8b1707 : Travailler sur mon Livre sur Ma Façon de Mixer.
2026-02-19 18:29:00,125 [DEBUG] taskcoachlib.domain.base.object: CompositeObject.subject : retourne le sujet de Task id=27ccbecc-6084-11e5-9f59-f07bcb8b1707 : Travailler sur mon Livre sur Ma Façon de Mixer.
2026-02-19 18:29:01,114 [DEBUG] taskcoachlib.domain.task.task: Task.__setattr__ : utilise la méthode super avec name=_Task__computed_status et value=inactive.
2026-02-19 18:29:01,114 [DEBUG] taskcoachlib.domain.task.task: Task.__setattr__ : utilise la méthode super avec name=_Task__status_text et value=Inactive.
2026-02-19 18:29:01,114 [DEBUG] taskcoachlib.domain.task.task: Task.__setattr__ : utilise la méthode super avec name=_Task__status_icon et value=led_grey_icon.
2026-02-19 18:29:01,114 [DEBUG] taskcoachlib.domain.task.task: Task.__setattr__ : utilise la méthode super avec name=_Task__status_source et value=No actual start date.
2026-02-19 18:29:01,119 [DEBUG] taskcoachlib.domain.task.task: Task.__setattr__ : utilise la méthode super avec name=_Task__status et value=inactive.
2026-02-19 18:29:01,119 [INFO] taskcoachlib.gui.viewer.container: ViewerContainer.__getattr__ retourne l'attribut <bound method Viewer.curselection of <taskcoachlib.gui.viewer.task.TaskViewer object at 0x7f260a5c62a0>> avec l'ancienne méthode !
2026-02-19 18:29:01,119 [INFO] taskcoachlib.gui.viewer.container: ViewerContainer.__getattr__ retourne l'attribut <bound method Viewer.curselection of <taskcoachlib.gui.viewer.task.TaskViewer object at 0x7f260a5c62a0>> avec l'ancienne méthode !
2026-02-19 18:29:01,119 [INFO] taskcoachlib.gui.viewer.container: ViewerContainer.__getattr__ retourne l'attribut <bound method Viewer.curselection of <taskcoachlib.gui.viewer.task.TaskViewer object at 0x7f260a5c62a0>> avec l'ancienne méthode !
2026-02-19 18:29:01,120 [DEBUG] taskcoachlib.domain.base.object: CompositeObject.subject : retourne le sujet de Task id=27ccbecc-6084-11e5-9f59-f07bcb8b1707 : Travailler sur mon Livre sur Ma Façon de Mixer.
2026-02-19 18:29:01,121 [DEBUG] taskcoachlib.domain.base.object: CompositeObject.subject : retourne le sujet de Task id=27ccbecc-6084-11e5-9f59-f07bcb8b1707 : Travailler sur mon Livre sur Ma Façon de Mixer.
2026-02-19 18:29:01,122 [DEBUG] taskcoachlib.domain.base.object: CompositeObject.subject : retourne le sujet de Task id=27ccbecc-6084-11e5-9f59-f07bcb8b1707 : Travailler sur mon Livre sur Ma Façon de Mixer.
2026-02-19 18:29:01,124 [DEBUG] taskcoachlib.domain.base.object: CompositeObject.subject : retourne le sujet de Task id=27ccbecc-6084-11e5-9f59-f07bcb8b1707 : Travailler sur mon Livre sur Ma Façon de Mixer.
2026-02-19 18:29:01,125 [DEBUG] taskcoachlib.domain.base.object: CompositeObject.subject : retourne le sujet de Task id=27ccbecc-6084-11e5-9f59-f07bcb8b1707 : Travailler sur mon Livre sur Ma Façon de Mixer.
2026-02-19 18:29:02,114 [DEBUG] taskcoachlib.domain.task.task: Task.__setattr__ : utilise la méthode super avec name=_Task__computed_status et value=inactive.
2026-02-19 18:29:02,114 [DEBUG] taskcoachlib.domain.task.task: Task.__setattr__ : utilise la méthode super avec name=_Task__status_text et value=Inactive.
2026-02-19 18:29:02,114 [DEBUG] taskcoachlib.domain.task.task: Task.__setattr__ : utilise la méthode super avec name=_Task__status_icon et value=led_grey_icon.
2026-02-19 18:29:02,115 [DEBUG] taskcoachlib.domain.task.task: Task.__setattr__ : utilise la méthode super avec name=_Task__status_source et value=No actual start date.
2026-02-19 18:29:02,120 [DEBUG] taskcoachlib.domain.task.task: Task.__setattr__ : utilise la méthode super avec name=_Task__status et value=inactive.
2026-02-19 18:29:02,120 [INFO] taskcoachlib.gui.viewer.container: ViewerContainer.__getattr__ retourne l'attribut <bound method Viewer.curselection of <taskcoachlib.gui.viewer.task.TaskViewer object at 0x7f260a5c62a0>> avec l'ancienne méthode !
2026-02-19 18:29:02,120 [INFO] taskcoachlib.gui.viewer.container: ViewerContainer.__getattr__ retourne l'attribut <bound method Viewer.curselection of <taskcoachlib.gui.viewer.task.TaskViewer object at 0x7f260a5c62a0>> avec l'ancienne méthode !
2026-02-19 18:29:02,121 [INFO] taskcoachlib.gui.viewer.container: ViewerContainer.__getattr__ retourne l'attribut <bound method Viewer.curselection of <taskcoachlib.gui.viewer.task.TaskViewer object at 0x7f260a5c62a0>> avec l'ancienne méthode !
2026-02-19 18:29:02,121 [DEBUG] taskcoachlib.domain.base.object: CompositeObject.subject : retourne le sujet de Task id=27ccbecc-6084-11e5-9f59-f07bcb8b1707 : Travailler sur mon Livre sur Ma Façon de Mixer.
2026-02-19 18:29:02,125 [DEBUG] taskcoachlib.domain.base.object: CompositeObject.subject : retourne le sujet de Task id=27ccbecc-6084-11e5-9f59-f07bcb8b1707 : Travailler sur mon Livre sur Ma Façon de Mixer.
2026-02-19 18:29:02,128 [DEBUG] taskcoachlib.domain.base.object: CompositeObject.subject : retourne le sujet de Task id=27ccbecc-6084-11e5-9f59-f07bcb8b1707 : Travailler sur mon Livre sur Ma Façon de Mixer.
2026-02-19 18:29:02,130 [DEBUG] taskcoachlib.domain.base.object: CompositeObject.subject : retourne le sujet de Task id=27ccbecc-6084-11e5-9f59-f07bcb8b1707 : Travailler sur mon Livre sur Ma Façon de Mixer.
2026-02-19 18:29:02,131 [DEBUG] taskcoachlib.domain.base.object: CompositeObject.subject : retourne le sujet de Task id=27ccbecc-6084-11e5-9f59-f07bcb8b1707 : Travailler sur mon Livre sur Ma Façon de Mixer.
2026-02-19 18:29:03,114 [DEBUG] taskcoachlib.domain.task.task: Task.__setattr__ : utilise la méthode super avec name=_Task__computed_status et value=inactive.
2026-02-19 18:29:03,115 [DEBUG] taskcoachlib.domain.task.task: Task.__setattr__ : utilise la méthode super avec name=_Task__status_text et value=Inactive.
2026-02-19 18:29:03,115 [DEBUG] taskcoachlib.domain.task.task: Task.__setattr__ : utilise la méthode super avec name=_Task__status_icon et value=led_grey_icon.
2026-02-19 18:29:03,115 [DEBUG] taskcoachlib.domain.task.task: Task.__setattr__ : utilise la méthode super avec name=_Task__status_source et value=No actual start date.
2026-02-19 18:29:03,117 [DEBUG] taskcoachlib.domain.task.task: Task.__setattr__ : utilise la méthode super avec name=_Task__status et value=inactive.
2026-02-19 18:29:03,118 [INFO] taskcoachlib.gui.viewer.container: ViewerContainer.__getattr__ retourne l'attribut <bound method Viewer.curselection of <taskcoachlib.gui.viewer.task.TaskViewer object at 0x7f260a5c62a0>> avec l'ancienne méthode !
2026-02-19 18:29:03,118 [INFO] taskcoachlib.gui.viewer.container: ViewerContainer.__getattr__ retourne l'attribut <bound method Viewer.curselection of <taskcoachlib.gui.viewer.task.TaskViewer object at 0x7f260a5c62a0>> avec l'ancienne méthode !
2026-02-19 18:29:03,118 [INFO] taskcoachlib.gui.viewer.container: ViewerContainer.__getattr__ retourne l'attribut <bound method Viewer.curselection of <taskcoachlib.gui.viewer.task.TaskViewer object at 0x7f260a5c62a0>> avec l'ancienne méthode !
2026-02-19 18:29:03,118 [DEBUG] taskcoachlib.domain.base.object: CompositeObject.subject : retourne le sujet de Task id=27ccbecc-6084-11e5-9f59-f07bcb8b1707 : Travailler sur mon Livre sur Ma Façon de Mixer.
2026-02-19 18:29:03,119 [DEBUG] taskcoachlib.domain.base.object: CompositeObject.subject : retourne le sujet de Task id=27ccbecc-6084-11e5-9f59-f07bcb8b1707 : Travailler sur mon Livre sur Ma Façon de Mixer.
2026-02-19 18:29:03,119 [DEBUG] taskcoachlib.domain.base.object: CompositeObject.subject : retourne le sujet de Task id=27ccbecc-6084-11e5-9f59-f07bcb8b1707 : Travailler sur mon Livre sur Ma Façon de Mixer.
2026-02-19 18:29:03,120 [DEBUG] taskcoachlib.domain.base.object: CompositeObject.subject : retourne le sujet de Task id=27ccbecc-6084-11e5-9f59-f07bcb8b1707 : Travailler sur mon Livre sur Ma Façon de Mixer.
2026-02-19 18:29:03,120 [DEBUG] taskcoachlib.domain.base.object: CompositeObject.subject : retourne le sujet de Task id=27ccbecc-6084-11e5-9f59-f07bcb8b1707 : Travailler sur mon Livre sur Ma Façon de Mixer.
2026-02-19 18:29:04,115 [DEBUG] taskcoachlib.domain.task.task: Task.__setattr__ : utilise la méthode super avec name=_Task__computed_status et value=inactive.
2026-02-19 18:29:04,115 [DEBUG] taskcoachlib.domain.task.task: Task.__setattr__ : utilise la méthode super avec name=_Task__status_text et value=Inactive.
2026-02-19 18:29:04,115 [DEBUG] taskcoachlib.domain.task.task: Task.__setattr__ : utilise la méthode super avec name=_Task__status_icon et value=led_grey_icon.
2026-02-19 18:29:04,115 [DEBUG] taskcoachlib.domain.task.task: Task.__setattr__ : utilise la méthode super avec name=_Task__status_source et value=No actual start date.
2026-02-19 18:29:04,120 [DEBUG] taskcoachlib.domain.task.task: Task.__setattr__ : utilise la méthode super avec name=_Task__status et value=inactive.
2026-02-19 18:29:04,121 [INFO] taskcoachlib.gui.viewer.container: ViewerContainer.__getattr__ retourne l'attribut <bound method Viewer.curselection of <taskcoachlib.gui.viewer.task.TaskViewer object at 0x7f260a5c62a0>> avec l'ancienne méthode !
2026-02-19 18:29:04,121 [INFO] taskcoachlib.gui.viewer.container: ViewerContainer.__getattr__ retourne l'attribut <bound method Viewer.curselection of <taskcoachlib.gui.viewer.task.TaskViewer object at 0x7f260a5c62a0>> avec l'ancienne méthode !
2026-02-19 18:29:04,121 [INFO] taskcoachlib.gui.viewer.container: ViewerContainer.__getattr__ retourne l'attribut <bound method Viewer.curselection of <taskcoachlib.gui.viewer.task.TaskViewer object at 0x7f260a5c62a0>> avec l'ancienne méthode !
2026-02-19 18:29:04,122 [DEBUG] taskcoachlib.domain.base.object: CompositeObject.subject : retourne le sujet de Task id=27ccbecc-6084-11e5-9f59-f07bcb8b1707 : Travailler sur mon Livre sur Ma Façon de Mixer.
2026-02-19 18:29:04,123 [DEBUG] taskcoachlib.domain.base.object: CompositeObject.subject : retourne le sujet de Task id=27ccbecc-6084-11e5-9f59-f07bcb8b1707 : Travailler sur mon Livre sur Ma Façon de Mixer.
2026-02-19 18:29:04,124 [DEBUG] taskcoachlib.domain.base.object: CompositeObject.subject : retourne le sujet de Task id=27ccbecc-6084-11e5-9f59-f07bcb8b1707 : Travailler sur mon Livre sur Ma Façon de Mixer.
2026-02-19 18:29:04,126 [DEBUG] taskcoachlib.domain.base.object: CompositeObject.subject : retourne le sujet de Task id=27ccbecc-6084-11e5-9f59-f07bcb8b1707 : Travailler sur mon Livre sur Ma Façon de Mixer.
2026-02-19 18:29:04,127 [DEBUG] taskcoachlib.domain.base.object: CompositeObject.subject : retourne le sujet de Task id=27ccbecc-6084-11e5-9f59-f07bcb8b1707 : Travailler sur mon Livre sur Ma Façon de Mixer.
2026-02-19 18:29:05,115 [DEBUG] taskcoachlib.domain.task.task: Task.__setattr__ : utilise la méthode super avec name=_Task__computed_status et value=inactive.
2026-02-19 18:29:05,115 [DEBUG] taskcoachlib.domain.task.task: Task.__setattr__ : utilise la méthode super avec name=_Task__status_text et value=Inactive.
2026-02-19 18:29:05,115 [DEBUG] taskcoachlib.domain.task.task: Task.__setattr__ : utilise la méthode super avec name=_Task__status_icon et value=led_grey_icon.
2026-02-19 18:29:05,116 [DEBUG] taskcoachlib.domain.task.task: Task.__setattr__ : utilise la méthode super avec name=_Task__status_source et value=No actual start date.
2026-02-19 18:29:05,120 [DEBUG] taskcoachlib.domain.task.task: Task.__setattr__ : utilise la méthode super avec name=_Task__status et value=inactive.
2026-02-19 18:29:05,120 [INFO] taskcoachlib.gui.viewer.container: ViewerContainer.__getattr__ retourne l'attribut <bound method Viewer.curselection of <taskcoachlib.gui.viewer.task.TaskViewer object at 0x7f260a5c62a0>> avec l'ancienne méthode !
2026-02-19 18:29:05,121 [INFO] taskcoachlib.gui.viewer.container: ViewerContainer.__getattr__ retourne l'attribut <bound method Viewer.curselection of <taskcoachlib.gui.viewer.task.TaskViewer object at 0x7f260a5c62a0>> avec l'ancienne méthode !
2026-02-19 18:29:05,121 [INFO] taskcoachlib.gui.viewer.container: ViewerContainer.__getattr__ retourne l'attribut <bound method Viewer.curselection of <taskcoachlib.gui.viewer.task.TaskViewer object at 0x7f260a5c62a0>> avec l'ancienne méthode !
2026-02-19 18:29:05,121 [DEBUG] taskcoachlib.domain.base.object: CompositeObject.subject : retourne le sujet de Task id=27ccbecc-6084-11e5-9f59-f07bcb8b1707 : Travailler sur mon Livre sur Ma Façon de Mixer.
2026-02-19 18:29:05,122 [DEBUG] taskcoachlib.domain.base.object: CompositeObject.subject : retourne le sujet de Task id=27ccbecc-6084-11e5-9f59-f07bcb8b1707 : Travailler sur mon Livre sur Ma Façon de Mixer.
2026-02-19 18:29:05,124 [DEBUG] taskcoachlib.domain.base.object: CompositeObject.subject : retourne le sujet de Task id=27ccbecc-6084-11e5-9f59-f07bcb8b1707 : Travailler sur mon Livre sur Ma Façon de Mixer.
2026-02-19 18:29:05,125 [DEBUG] taskcoachlib.domain.base.object: CompositeObject.subject : retourne le sujet de Task id=27ccbecc-6084-11e5-9f59-f07bcb8b1707 : Travailler sur mon Livre sur Ma Façon de Mixer.
2026-02-19 18:29:05,126 [DEBUG] taskcoachlib.domain.base.object: CompositeObject.subject : retourne le sujet de Task id=27ccbecc-6084-11e5-9f59-f07bcb8b1707 : Travailler sur mon Livre sur Ma Façon de Mixer.
2026-02-19 18:29:06,115 [DEBUG] taskcoachlib.domain.task.task: Task.__setattr__ : utilise la méthode super avec name=_Task__computed_status et value=inactive.
2026-02-19 18:29:06,116 [DEBUG] taskcoachlib.domain.task.task: Task.__setattr__ : utilise la méthode super avec name=_Task__status_text et value=Inactive.
2026-02-19 18:29:06,116 [DEBUG] taskcoachlib.domain.task.task: Task.__setattr__ : utilise la méthode super avec name=_Task__status_icon et value=led_grey_icon.
2026-02-19 18:29:06,116 [DEBUG] taskcoachlib.domain.task.task: Task.__setattr__ : utilise la méthode super avec name=_Task__status_source et value=No actual start date.
2026-02-19 18:29:06,121 [DEBUG] taskcoachlib.domain.task.task: Task.__setattr__ : utilise la méthode super avec name=_Task__status et value=inactive.
2026-02-19 18:29:06,121 [INFO] taskcoachlib.gui.viewer.container: ViewerContainer.__getattr__ retourne l'attribut <bound method Viewer.curselection of <taskcoachlib.gui.viewer.task.TaskViewer object at 0x7f260a5c62a0>> avec l'ancienne méthode !
2026-02-19 18:29:06,122 [INFO] taskcoachlib.gui.viewer.container: ViewerContainer.__getattr__ retourne l'attribut <bound method Viewer.curselection of <taskcoachlib.gui.viewer.task.TaskViewer object at 0x7f260a5c62a0>> avec l'ancienne méthode !
2026-02-19 18:29:06,122 [INFO] taskcoachlib.gui.viewer.container: ViewerContainer.__getattr__ retourne l'attribut <bound method Viewer.curselection of <taskcoachlib.gui.viewer.task.TaskViewer object at 0x7f260a5c62a0>> avec l'ancienne méthode !
2026-02-19 18:29:06,122 [DEBUG] taskcoachlib.domain.base.object: CompositeObject.subject : retourne le sujet de Task id=27ccbecc-6084-11e5-9f59-f07bcb8b1707 : Travailler sur mon Livre sur Ma Façon de Mixer.
2026-02-19 18:29:06,123 [DEBUG] taskcoachlib.domain.base.object: CompositeObject.subject : retourne le sujet de Task id=27ccbecc-6084-11e5-9f59-f07bcb8b1707 : Travailler sur mon Livre sur Ma Façon de Mixer.
2026-02-19 18:29:06,125 [DEBUG] taskcoachlib.domain.base.object: CompositeObject.subject : retourne le sujet de Task id=27ccbecc-6084-11e5-9f59-f07bcb8b1707 : Travailler sur mon Livre sur Ma Façon de Mixer.
2026-02-19 18:29:06,126 [DEBUG] taskcoachlib.domain.base.object: CompositeObject.subject : retourne le sujet de Task id=27ccbecc-6084-11e5-9f59-f07bcb8b1707 : Travailler sur mon Livre sur Ma Façon de Mixer.
2026-02-19 18:29:06,127 [DEBUG] taskcoachlib.domain.base.object: CompositeObject.subject : retourne le sujet de Task id=27ccbecc-6084-11e5-9f59-f07bcb8b1707 : Travailler sur mon Livre sur Ma Façon de Mixer.
2026-02-19 18:29:07,116 [DEBUG] taskcoachlib.domain.task.task: Task.__setattr__ : utilise la méthode super avec name=_Task__computed_status et value=inactive.
2026-02-19 18:29:07,116 [DEBUG] taskcoachlib.domain.task.task: Task.__setattr__ : utilise la méthode super avec name=_Task__status_text et value=Inactive.
2026-02-19 18:29:07,116 [DEBUG] taskcoachlib.domain.task.task: Task.__setattr__ : utilise la méthode super avec name=_Task__status_icon et value=led_grey_icon.
2026-02-19 18:29:07,117 [DEBUG] taskcoachlib.domain.task.task: Task.__setattr__ : utilise la méthode super avec name=_Task__status_source et value=No actual start date.
2026-02-19 18:29:07,122 [DEBUG] taskcoachlib.domain.task.task: Task.__setattr__ : utilise la méthode super avec name=_Task__status et value=inactive.
2026-02-19 18:29:07,122 [INFO] taskcoachlib.gui.viewer.container: ViewerContainer.__getattr__ retourne l'attribut <bound method Viewer.curselection of <taskcoachlib.gui.viewer.task.TaskViewer object at 0x7f260a5c62a0>> avec l'ancienne méthode !
2026-02-19 18:29:07,123 [INFO] taskcoachlib.gui.viewer.container: ViewerContainer.__getattr__ retourne l'attribut <bound method Viewer.curselection of <taskcoachlib.gui.viewer.task.TaskViewer object at 0x7f260a5c62a0>> avec l'ancienne méthode !
2026-02-19 18:29:07,123 [INFO] taskcoachlib.gui.viewer.container: ViewerContainer.__getattr__ retourne l'attribut <bound method Viewer.curselection of <taskcoachlib.gui.viewer.task.TaskViewer object at 0x7f260a5c62a0>> avec l'ancienne méthode !
2026-02-19 18:29:07,123 [DEBUG] taskcoachlib.domain.base.object: CompositeObject.subject : retourne le sujet de Task id=27ccbecc-6084-11e5-9f59-f07bcb8b1707 : Travailler sur mon Livre sur Ma Façon de Mixer.
2026-02-19 18:29:07,125 [DEBUG] taskcoachlib.domain.base.object: CompositeObject.subject : retourne le sujet de Task id=27ccbecc-6084-11e5-9f59-f07bcb8b1707 : Travailler sur mon Livre sur Ma Façon de Mixer.
2026-02-19 18:29:07,126 [DEBUG] taskcoachlib.domain.base.object: CompositeObject.subject : retourne le sujet de Task id=27ccbecc-6084-11e5-9f59-f07bcb8b1707 : Travailler sur mon Livre sur Ma Façon de Mixer.
2026-02-19 18:29:07,128 [DEBUG] taskcoachlib.domain.base.object: CompositeObject.subject : retourne le sujet de Task id=27ccbecc-6084-11e5-9f59-f07bcb8b1707 : Travailler sur mon Livre sur Ma Façon de Mixer.
2026-02-19 18:29:07,130 [DEBUG] taskcoachlib.domain.base.object: CompositeObject.subject : retourne le sujet de Task id=27ccbecc-6084-11e5-9f59-f07bcb8b1707 : Travailler sur mon Livre sur Ma Façon de Mixer.
2026-02-19 18:29:08,116 [DEBUG] taskcoachlib.domain.task.task: Task.__setattr__ : utilise la méthode super avec name=_Task__computed_status et value=inactive.
2026-02-19 18:29:08,116 [DEBUG] taskcoachlib.domain.task.task: Task.__setattr__ : utilise la méthode super avec name=_Task__status_text et value=Inactive.
2026-02-19 18:29:08,117 [DEBUG] taskcoachlib.domain.task.task: Task.__setattr__ : utilise la méthode super avec name=_Task__status_icon et value=led_grey_icon.
2026-02-19 18:29:08,117 [DEBUG] taskcoachlib.domain.task.task: Task.__setattr__ : utilise la méthode super avec name=_Task__status_source et value=No actual start date.
2026-02-19 18:29:08,121 [DEBUG] taskcoachlib.domain.task.task: Task.__setattr__ : utilise la méthode super avec name=_Task__status et value=inactive.
2026-02-19 18:29:08,121 [INFO] taskcoachlib.gui.viewer.container: ViewerContainer.__getattr__ retourne l'attribut <bound method Viewer.curselection of <taskcoachlib.gui.viewer.task.TaskViewer object at 0x7f260a5c62a0>> avec l'ancienne méthode !
2026-02-19 18:29:08,122 [INFO] taskcoachlib.gui.viewer.container: ViewerContainer.__getattr__ retourne l'attribut <bound method Viewer.curselection of <taskcoachlib.gui.viewer.task.TaskViewer object at 0x7f260a5c62a0>> avec l'ancienne méthode !
2026-02-19 18:29:08,122 [INFO] taskcoachlib.gui.viewer.container: ViewerContainer.__getattr__ retourne l'attribut <bound method Viewer.curselection of <taskcoachlib.gui.viewer.task.TaskViewer object at 0x7f260a5c62a0>> avec l'ancienne méthode !
2026-02-19 18:29:08,122 [DEBUG] taskcoachlib.domain.base.object: CompositeObject.subject : retourne le sujet de Task id=27ccbecc-6084-11e5-9f59-f07bcb8b1707 : Travailler sur mon Livre sur Ma Façon de Mixer.
2026-02-19 18:29:08,123 [DEBUG] taskcoachlib.domain.base.object: CompositeObject.subject : retourne le sujet de Task id=27ccbecc-6084-11e5-9f59-f07bcb8b1707 : Travailler sur mon Livre sur Ma Façon de Mixer.
2026-02-19 18:29:08,125 [DEBUG] taskcoachlib.domain.base.object: CompositeObject.subject : retourne le sujet de Task id=27ccbecc-6084-11e5-9f59-f07bcb8b1707 : Travailler sur mon Livre sur Ma Façon de Mixer.
2026-02-19 18:29:08,126 [DEBUG] taskcoachlib.domain.base.object: CompositeObject.subject : retourne le sujet de Task id=27ccbecc-6084-11e5-9f59-f07bcb8b1707 : Travailler sur mon Livre sur Ma Façon de Mixer.
2026-02-19 18:29:08,127 [DEBUG] taskcoachlib.domain.base.object: CompositeObject.subject : retourne le sujet de Task id=27ccbecc-6084-11e5-9f59-f07bcb8b1707 : Travailler sur mon Livre sur Ma Façon de Mixer.
2026-02-19 18:29:09,116 [DEBUG] taskcoachlib.domain.task.task: Task.__setattr__ : utilise la méthode super avec name=_Task__computed_status et value=inactive.
2026-02-19 18:29:09,117 [DEBUG] taskcoachlib.domain.task.task: Task.__setattr__ : utilise la méthode super avec name=_Task__status_text et value=Inactive.
2026-02-19 18:29:09,117 [DEBUG] taskcoachlib.domain.task.task: Task.__setattr__ : utilise la méthode super avec name=_Task__status_icon et value=led_grey_icon.
2026-02-19 18:29:09,117 [DEBUG] taskcoachlib.domain.task.task: Task.__setattr__ : utilise la méthode super avec name=_Task__status_source et value=No actual start date.
2026-02-19 18:29:09,121 [DEBUG] taskcoachlib.domain.task.task: Task.__setattr__ : utilise la méthode super avec name=_Task__status et value=inactive.
2026-02-19 18:29:09,121 [INFO] taskcoachlib.gui.viewer.container: ViewerContainer.__getattr__ retourne l'attribut <bound method Viewer.curselection of <taskcoachlib.gui.viewer.task.TaskViewer object at 0x7f260a5c62a0>> avec l'ancienne méthode !
2026-02-19 18:29:09,122 [INFO] taskcoachlib.gui.viewer.container: ViewerContainer.__getattr__ retourne l'attribut <bound method Viewer.curselection of <taskcoachlib.gui.viewer.task.TaskViewer object at 0x7f260a5c62a0>> avec l'ancienne méthode !
2026-02-19 18:29:09,122 [INFO] taskcoachlib.gui.viewer.container: ViewerContainer.__getattr__ retourne l'attribut <bound method Viewer.curselection of <taskcoachlib.gui.viewer.task.TaskViewer object at 0x7f260a5c62a0>> avec l'ancienne méthode !
2026-02-19 18:29:09,122 [DEBUG] taskcoachlib.domain.base.object: CompositeObject.subject : retourne le sujet de Task id=27ccbecc-6084-11e5-9f59-f07bcb8b1707 : Travailler sur mon Livre sur Ma Façon de Mixer.
2026-02-19 18:29:09,123 [DEBUG] taskcoachlib.domain.base.object: CompositeObject.subject : retourne le sujet de Task id=27ccbecc-6084-11e5-9f59-f07bcb8b1707 : Travailler sur mon Livre sur Ma Façon de Mixer.
2026-02-19 18:29:09,125 [DEBUG] taskcoachlib.domain.base.object: CompositeObject.subject : retourne le sujet de Task id=27ccbecc-6084-11e5-9f59-f07bcb8b1707 : Travailler sur mon Livre sur Ma Façon de Mixer.
2026-02-19 18:29:09,126 [DEBUG] taskcoachlib.domain.base.object: CompositeObject.subject : retourne le sujet de Task id=27ccbecc-6084-11e5-9f59-f07bcb8b1707 : Travailler sur mon Livre sur Ma Façon de Mixer.
2026-02-19 18:29:09,127 [DEBUG] taskcoachlib.domain.base.object: CompositeObject.subject : retourne le sujet de Task id=27ccbecc-6084-11e5-9f59-f07bcb8b1707 : Travailler sur mon Livre sur Ma Façon de Mixer.
2026-02-19 18:29:10,117 [DEBUG] taskcoachlib.domain.task.task: Task.__setattr__ : utilise la méthode super avec name=_Task__computed_status et value=inactive.
2026-02-19 18:29:10,117 [DEBUG] taskcoachlib.domain.task.task: Task.__setattr__ : utilise la méthode super avec name=_Task__status_text et value=Inactive.
2026-02-19 18:29:10,117 [DEBUG] taskcoachlib.domain.task.task: Task.__setattr__ : utilise la méthode super avec name=_Task__status_icon et value=led_grey_icon.
2026-02-19 18:29:10,117 [DEBUG] taskcoachlib.domain.task.task: Task.__setattr__ : utilise la méthode super avec name=_Task__status_source et value=No actual start date.
2026-02-19 18:29:10,122 [DEBUG] taskcoachlib.domain.task.task: Task.__setattr__ : utilise la méthode super avec name=_Task__status et value=inactive.
2026-02-19 18:29:10,122 [INFO] taskcoachlib.gui.viewer.container: ViewerContainer.__getattr__ retourne l'attribut <bound method Viewer.curselection of <taskcoachlib.gui.viewer.task.TaskViewer object at 0x7f260a5c62a0>> avec l'ancienne méthode !
2026-02-19 18:29:10,122 [INFO] taskcoachlib.gui.viewer.container: ViewerContainer.__getattr__ retourne l'attribut <bound method Viewer.curselection of <taskcoachlib.gui.viewer.task.TaskViewer object at 0x7f260a5c62a0>> avec l'ancienne méthode !
2026-02-19 18:29:10,122 [INFO] taskcoachlib.gui.viewer.container: ViewerContainer.__getattr__ retourne l'attribut <bound method Viewer.curselection of <taskcoachlib.gui.viewer.task.TaskViewer object at 0x7f260a5c62a0>> avec l'ancienne méthode !
2026-02-19 18:29:10,123 [DEBUG] taskcoachlib.domain.base.object: CompositeObject.subject : retourne le sujet de Task id=27ccbecc-6084-11e5-9f59-f07bcb8b1707 : Travailler sur mon Livre sur Ma Façon de Mixer.
2026-02-19 18:29:10,124 [DEBUG] taskcoachlib.domain.base.object: CompositeObject.subject : retourne le sujet de Task id=27ccbecc-6084-11e5-9f59-f07bcb8b1707 : Travailler sur mon Livre sur Ma Façon de Mixer.
2026-02-19 18:29:10,125 [DEBUG] taskcoachlib.domain.base.object: CompositeObject.subject : retourne le sujet de Task id=27ccbecc-6084-11e5-9f59-f07bcb8b1707 : Travailler sur mon Livre sur Ma Façon de Mixer.
2026-02-19 18:29:10,126 [DEBUG] taskcoachlib.domain.base.object: CompositeObject.subject : retourne le sujet de Task id=27ccbecc-6084-11e5-9f59-f07bcb8b1707 : Travailler sur mon Livre sur Ma Façon de Mixer.
2026-02-19 18:29:10,128 [DEBUG] taskcoachlib.domain.base.object: CompositeObject.subject : retourne le sujet de Task id=27ccbecc-6084-11e5-9f59-f07bcb8b1707 : Travailler sur mon Livre sur Ma Façon de Mixer.
2026-02-19 18:29:11,117 [DEBUG] taskcoachlib.domain.task.task: Task.__setattr__ : utilise la méthode super avec name=_Task__computed_status et value=inactive.
2026-02-19 18:29:11,121 [DEBUG] taskcoachlib.domain.task.task: Task.__setattr__ : utilise la méthode super avec name=_Task__status_text et value=Inactive.
2026-02-19 18:29:11,121 [DEBUG] taskcoachlib.domain.task.task: Task.__setattr__ : utilise la méthode super avec name=_Task__status_icon et value=led_grey_icon.
2026-02-19 18:29:11,122 [DEBUG] taskcoachlib.domain.task.task: Task.__setattr__ : utilise la méthode super avec name=_Task__status_source et value=No actual start date.
2026-02-19 18:29:11,132 [DEBUG] taskcoachlib.domain.task.task: Task.__setattr__ : utilise la méthode super avec name=_Task__status et value=inactive.
2026-02-19 18:29:11,133 [INFO] taskcoachlib.gui.viewer.container: ViewerContainer.__getattr__ retourne l'attribut <bound method Viewer.curselection of <taskcoachlib.gui.viewer.task.TaskViewer object at 0x7f260a5c62a0>> avec l'ancienne méthode !
2026-02-19 18:29:11,133 [INFO] taskcoachlib.gui.viewer.container: ViewerContainer.__getattr__ retourne l'attribut <bound method Viewer.curselection of <taskcoachlib.gui.viewer.task.TaskViewer object at 0x7f260a5c62a0>> avec l'ancienne méthode !
2026-02-19 18:29:11,134 [INFO] taskcoachlib.gui.viewer.container: ViewerContainer.__getattr__ retourne l'attribut <bound method Viewer.curselection of <taskcoachlib.gui.viewer.task.TaskViewer object at 0x7f260a5c62a0>> avec l'ancienne méthode !
2026-02-19 18:29:11,134 [DEBUG] taskcoachlib.domain.base.object: CompositeObject.subject : retourne le sujet de Task id=27ccbecc-6084-11e5-9f59-f07bcb8b1707 : Travailler sur mon Livre sur Ma Façon de Mixer.
2026-02-19 18:29:11,135 [DEBUG] taskcoachlib.domain.base.object: CompositeObject.subject : retourne le sujet de Task id=27ccbecc-6084-11e5-9f59-f07bcb8b1707 : Travailler sur mon Livre sur Ma Façon de Mixer.
2026-02-19 18:29:11,136 [DEBUG] taskcoachlib.domain.base.object: CompositeObject.subject : retourne le sujet de Task id=27ccbecc-6084-11e5-9f59-f07bcb8b1707 : Travailler sur mon Livre sur Ma Façon de Mixer.
2026-02-19 18:29:11,138 [DEBUG] taskcoachlib.domain.base.object: CompositeObject.subject : retourne le sujet de Task id=27ccbecc-6084-11e5-9f59-f07bcb8b1707 : Travailler sur mon Livre sur Ma Façon de Mixer.
2026-02-19 18:29:11,139 [DEBUG] taskcoachlib.domain.base.object: CompositeObject.subject : retourne le sujet de Task id=27ccbecc-6084-11e5-9f59-f07bcb8b1707 : Travailler sur mon Livre sur Ma Façon de Mixer.
2026-02-19 18:29:12,117 [DEBUG] taskcoachlib.domain.task.task: Task.__setattr__ : utilise la méthode super avec name=_Task__computed_status et value=inactive.
2026-02-19 18:29:12,118 [DEBUG] taskcoachlib.domain.task.task: Task.__setattr__ : utilise la méthode super avec name=_Task__status_text et value=Inactive.
2026-02-19 18:29:12,118 [DEBUG] taskcoachlib.domain.task.task: Task.__setattr__ : utilise la méthode super avec name=_Task__status_icon et value=led_grey_icon.
2026-02-19 18:29:12,118 [DEBUG] taskcoachlib.domain.task.task: Task.__setattr__ : utilise la méthode super avec name=_Task__status_source et value=No actual start date.
2026-02-19 18:29:12,123 [DEBUG] taskcoachlib.domain.task.task: Task.__setattr__ : utilise la méthode super avec name=_Task__status et value=inactive.
2026-02-19 18:29:12,124 [INFO] taskcoachlib.gui.viewer.container: ViewerContainer.__getattr__ retourne l'attribut <bound method Viewer.curselection of <taskcoachlib.gui.viewer.task.TaskViewer object at 0x7f260a5c62a0>> avec l'ancienne méthode !
2026-02-19 18:29:12,124 [INFO] taskcoachlib.gui.viewer.container: ViewerContainer.__getattr__ retourne l'attribut <bound method Viewer.curselection of <taskcoachlib.gui.viewer.task.TaskViewer object at 0x7f260a5c62a0>> avec l'ancienne méthode !
2026-02-19 18:29:12,124 [INFO] taskcoachlib.gui.viewer.container: ViewerContainer.__getattr__ retourne l'attribut <bound method Viewer.curselection of <taskcoachlib.gui.viewer.task.TaskViewer object at 0x7f260a5c62a0>> avec l'ancienne méthode !
2026-02-19 18:29:12,125 [DEBUG] taskcoachlib.domain.base.object: CompositeObject.subject : retourne le sujet de Task id=27ccbecc-6084-11e5-9f59-f07bcb8b1707 : Travailler sur mon Livre sur Ma Façon de Mixer.
2026-02-19 18:29:12,126 [DEBUG] taskcoachlib.domain.base.object: CompositeObject.subject : retourne le sujet de Task id=27ccbecc-6084-11e5-9f59-f07bcb8b1707 : Travailler sur mon Livre sur Ma Façon de Mixer.
2026-02-19 18:29:12,127 [DEBUG] taskcoachlib.domain.base.object: CompositeObject.subject : retourne le sujet de Task id=27ccbecc-6084-11e5-9f59-f07bcb8b1707 : Travailler sur mon Livre sur Ma Façon de Mixer.
2026-02-19 18:29:12,129 [DEBUG] taskcoachlib.domain.base.object: CompositeObject.subject : retourne le sujet de Task id=27ccbecc-6084-11e5-9f59-f07bcb8b1707 : Travailler sur mon Livre sur Ma Façon de Mixer.
2026-02-19 18:29:12,130 [DEBUG] taskcoachlib.domain.base.object: CompositeObject.subject : retourne le sujet de Task id=27ccbecc-6084-11e5-9f59-f07bcb8b1707 : Travailler sur mon Livre sur Ma Façon de Mixer.
2026-02-19 18:29:13,118 [DEBUG] taskcoachlib.domain.task.task: Task.__setattr__ : utilise la méthode super avec name=_Task__computed_status et value=inactive.
2026-02-19 18:29:13,118 [DEBUG] taskcoachlib.domain.task.task: Task.__setattr__ : utilise la méthode super avec name=_Task__status_text et value=Inactive.
2026-02-19 18:29:13,118 [DEBUG] taskcoachlib.domain.task.task: Task.__setattr__ : utilise la méthode super avec name=_Task__status_icon et value=led_grey_icon.
2026-02-19 18:29:13,119 [DEBUG] taskcoachlib.domain.task.task: Task.__setattr__ : utilise la méthode super avec name=_Task__status_source et value=No actual start date.
2026-02-19 18:29:13,123 [DEBUG] taskcoachlib.domain.task.task: Task.__setattr__ : utilise la méthode super avec name=_Task__status et value=inactive.
2026-02-19 18:29:13,124 [INFO] taskcoachlib.gui.viewer.container: ViewerContainer.__getattr__ retourne l'attribut <bound method Viewer.curselection of <taskcoachlib.gui.viewer.task.TaskViewer object at 0x7f260a5c62a0>> avec l'ancienne méthode !
2026-02-19 18:29:13,124 [INFO] taskcoachlib.gui.viewer.container: ViewerContainer.__getattr__ retourne l'attribut <bound method Viewer.curselection of <taskcoachlib.gui.viewer.task.TaskViewer object at 0x7f260a5c62a0>> avec l'ancienne méthode !
2026-02-19 18:29:13,124 [INFO] taskcoachlib.gui.viewer.container: ViewerContainer.__getattr__ retourne l'attribut <bound method Viewer.curselection of <taskcoachlib.gui.viewer.task.TaskViewer object at 0x7f260a5c62a0>> avec l'ancienne méthode !
2026-02-19 18:29:13,125 [DEBUG] taskcoachlib.domain.base.object: CompositeObject.subject : retourne le sujet de Task id=27ccbecc-6084-11e5-9f59-f07bcb8b1707 : Travailler sur mon Livre sur Ma Façon de Mixer.
2026-02-19 18:29:13,126 [DEBUG] taskcoachlib.domain.base.object: CompositeObject.subject : retourne le sujet de Task id=27ccbecc-6084-11e5-9f59-f07bcb8b1707 : Travailler sur mon Livre sur Ma Façon de Mixer.
2026-02-19 18:29:13,127 [DEBUG] taskcoachlib.domain.base.object: CompositeObject.subject : retourne le sujet de Task id=27ccbecc-6084-11e5-9f59-f07bcb8b1707 : Travailler sur mon Livre sur Ma Façon de Mixer.
2026-02-19 18:29:13,129 [DEBUG] taskcoachlib.domain.base.object: CompositeObject.subject : retourne le sujet de Task id=27ccbecc-6084-11e5-9f59-f07bcb8b1707 : Travailler sur mon Livre sur Ma Façon de Mixer.
2026-02-19 18:29:13,130 [DEBUG] taskcoachlib.domain.base.object: CompositeObject.subject : retourne le sujet de Task id=27ccbecc-6084-11e5-9f59-f07bcb8b1707 : Travailler sur mon Livre sur Ma Façon de Mixer.
2026-02-19 18:29:14,118 [DEBUG] taskcoachlib.domain.task.task: Task.__setattr__ : utilise la méthode super avec name=_Task__computed_status et value=inactive.
2026-02-19 18:29:14,118 [DEBUG] taskcoachlib.domain.task.task: Task.__setattr__ : utilise la méthode super avec name=_Task__status_text et value=Inactive.
2026-02-19 18:29:14,119 [DEBUG] taskcoachlib.domain.task.task: Task.__setattr__ : utilise la méthode super avec name=_Task__status_icon et value=led_grey_icon.
2026-02-19 18:29:14,119 [DEBUG] taskcoachlib.domain.task.task: Task.__setattr__ : utilise la méthode super avec name=_Task__status_source et value=No actual start date.
2026-02-19 18:29:14,124 [DEBUG] taskcoachlib.domain.task.task: Task.__setattr__ : utilise la méthode super avec name=_Task__status et value=inactive.
2026-02-19 18:29:14,124 [INFO] taskcoachlib.gui.viewer.container: ViewerContainer.__getattr__ retourne l'attribut <bound method Viewer.curselection of <taskcoachlib.gui.viewer.task.TaskViewer object at 0x7f260a5c62a0>> avec l'ancienne méthode !
2026-02-19 18:29:14,124 [INFO] taskcoachlib.gui.viewer.container: ViewerContainer.__getattr__ retourne l'attribut <bound method Viewer.curselection of <taskcoachlib.gui.viewer.task.TaskViewer object at 0x7f260a5c62a0>> avec l'ancienne méthode !
2026-02-19 18:29:14,125 [INFO] taskcoachlib.gui.viewer.container: ViewerContainer.__getattr__ retourne l'attribut <bound method Viewer.curselection of <taskcoachlib.gui.viewer.task.TaskViewer object at 0x7f260a5c62a0>> avec l'ancienne méthode !
2026-02-19 18:29:14,125 [DEBUG] taskcoachlib.domain.base.object: CompositeObject.subject : retourne le sujet de Task id=27ccbecc-6084-11e5-9f59-f07bcb8b1707 : Travailler sur mon Livre sur Ma Façon de Mixer.
2026-02-19 18:29:14,126 [DEBUG] taskcoachlib.domain.base.object: CompositeObject.subject : retourne le sujet de Task id=27ccbecc-6084-11e5-9f59-f07bcb8b1707 : Travailler sur mon Livre sur Ma Façon de Mixer.
2026-02-19 18:29:14,128 [DEBUG] taskcoachlib.domain.base.object: CompositeObject.subject : retourne le sujet de Task id=27ccbecc-6084-11e5-9f59-f07bcb8b1707 : Travailler sur mon Livre sur Ma Façon de Mixer.
2026-02-19 18:29:14,129 [DEBUG] taskcoachlib.domain.base.object: CompositeObject.subject : retourne le sujet de Task id=27ccbecc-6084-11e5-9f59-f07bcb8b1707 : Travailler sur mon Livre sur Ma Façon de Mixer.
2026-02-19 18:29:14,130 [DEBUG] taskcoachlib.domain.base.object: CompositeObject.subject : retourne le sujet de Task id=27ccbecc-6084-11e5-9f59-f07bcb8b1707 : Travailler sur mon Livre sur Ma Façon de Mixer.
2026-02-19 18:29:15,118 [DEBUG] taskcoachlib.domain.task.task: Task.__setattr__ : utilise la méthode super avec name=_Task__computed_status et value=inactive.
2026-02-19 18:29:15,119 [DEBUG] taskcoachlib.domain.task.task: Task.__setattr__ : utilise la méthode super avec name=_Task__status_text et value=Inactive.
2026-02-19 18:29:15,119 [DEBUG] taskcoachlib.domain.task.task: Task.__setattr__ : utilise la méthode super avec name=_Task__status_icon et value=led_grey_icon.
2026-02-19 18:29:15,119 [DEBUG] taskcoachlib.domain.task.task: Task.__setattr__ : utilise la méthode super avec name=_Task__status_source et value=No actual start date.
2026-02-19 18:29:15,124 [DEBUG] taskcoachlib.domain.task.task: Task.__setattr__ : utilise la méthode super avec name=_Task__status et value=inactive.
2026-02-19 18:29:15,124 [INFO] taskcoachlib.gui.viewer.container: ViewerContainer.__getattr__ retourne l'attribut <bound method Viewer.curselection of <taskcoachlib.gui.viewer.task.TaskViewer object at 0x7f260a5c62a0>> avec l'ancienne méthode !
2026-02-19 18:29:15,124 [INFO] taskcoachlib.gui.viewer.container: ViewerContainer.__getattr__ retourne l'attribut <bound method Viewer.curselection of <taskcoachlib.gui.viewer.task.TaskViewer object at 0x7f260a5c62a0>> avec l'ancienne méthode !
2026-02-19 18:29:15,124 [INFO] taskcoachlib.gui.viewer.container: ViewerContainer.__getattr__ retourne l'attribut <bound method Viewer.curselection of <taskcoachlib.gui.viewer.task.TaskViewer object at 0x7f260a5c62a0>> avec l'ancienne méthode !
2026-02-19 18:29:15,124 [DEBUG] taskcoachlib.domain.base.object: CompositeObject.subject : retourne le sujet de Task id=27ccbecc-6084-11e5-9f59-f07bcb8b1707 : Travailler sur mon Livre sur Ma Façon de Mixer.
2026-02-19 18:29:15,125 [DEBUG] taskcoachlib.domain.base.object: CompositeObject.subject : retourne le sujet de Task id=27ccbecc-6084-11e5-9f59-f07bcb8b1707 : Travailler sur mon Livre sur Ma Façon de Mixer.
2026-02-19 18:29:15,126 [DEBUG] taskcoachlib.domain.base.object: CompositeObject.subject : retourne le sujet de Task id=27ccbecc-6084-11e5-9f59-f07bcb8b1707 : Travailler sur mon Livre sur Ma Façon de Mixer.
2026-02-19 18:29:15,126 [DEBUG] taskcoachlib.domain.base.object: CompositeObject.subject : retourne le sujet de Task id=27ccbecc-6084-11e5-9f59-f07bcb8b1707 : Travailler sur mon Livre sur Ma Façon de Mixer.
2026-02-19 18:29:15,127 [DEBUG] taskcoachlib.domain.base.object: CompositeObject.subject : retourne le sujet de Task id=27ccbecc-6084-11e5-9f59-f07bcb8b1707 : Travailler sur mon Livre sur Ma Façon de Mixer.
2026-02-19 18:29:16,119 [DEBUG] taskcoachlib.domain.task.task: Task.__setattr__ : utilise la méthode super avec name=_Task__computed_status et value=inactive.
2026-02-19 18:29:16,119 [DEBUG] taskcoachlib.domain.task.task: Task.__setattr__ : utilise la méthode super avec name=_Task__status_text et value=Inactive.
2026-02-19 18:29:16,119 [DEBUG] taskcoachlib.domain.task.task: Task.__setattr__ : utilise la méthode super avec name=_Task__status_icon et value=led_grey_icon.
2026-02-19 18:29:16,120 [DEBUG] taskcoachlib.domain.task.task: Task.__setattr__ : utilise la méthode super avec name=_Task__status_source et value=No actual start date.
2026-02-19 18:29:16,124 [DEBUG] taskcoachlib.domain.task.task: Task.__setattr__ : utilise la méthode super avec name=_Task__status et value=inactive.
2026-02-19 18:29:16,124 [INFO] taskcoachlib.gui.viewer.container: ViewerContainer.__getattr__ retourne l'attribut <bound method Viewer.curselection of <taskcoachlib.gui.viewer.task.TaskViewer object at 0x7f260a5c62a0>> avec l'ancienne méthode !
2026-02-19 18:29:16,125 [INFO] taskcoachlib.gui.viewer.container: ViewerContainer.__getattr__ retourne l'attribut <bound method Viewer.curselection of <taskcoachlib.gui.viewer.task.TaskViewer object at 0x7f260a5c62a0>> avec l'ancienne méthode !
2026-02-19 18:29:16,125 [INFO] taskcoachlib.gui.viewer.container: ViewerContainer.__getattr__ retourne l'attribut <bound method Viewer.curselection of <taskcoachlib.gui.viewer.task.TaskViewer object at 0x7f260a5c62a0>> avec l'ancienne méthode !
2026-02-19 18:29:16,125 [DEBUG] taskcoachlib.domain.base.object: CompositeObject.subject : retourne le sujet de Task id=27ccbecc-6084-11e5-9f59-f07bcb8b1707 : Travailler sur mon Livre sur Ma Façon de Mixer.
2026-02-19 18:29:16,126 [DEBUG] taskcoachlib.domain.base.object: CompositeObject.subject : retourne le sujet de Task id=27ccbecc-6084-11e5-9f59-f07bcb8b1707 : Travailler sur mon Livre sur Ma Façon de Mixer.
2026-02-19 18:29:16,126 [DEBUG] taskcoachlib.domain.base.object: CompositeObject.subject : retourne le sujet de Task id=27ccbecc-6084-11e5-9f59-f07bcb8b1707 : Travailler sur mon Livre sur Ma Façon de Mixer.
2026-02-19 18:29:16,127 [DEBUG] taskcoachlib.domain.base.object: CompositeObject.subject : retourne le sujet de Task id=27ccbecc-6084-11e5-9f59-f07bcb8b1707 : Travailler sur mon Livre sur Ma Façon de Mixer.
2026-02-19 18:29:16,128 [DEBUG] taskcoachlib.domain.base.object: CompositeObject.subject : retourne le sujet de Task id=27ccbecc-6084-11e5-9f59-f07bcb8b1707 : Travailler sur mon Livre sur Ma Façon de Mixer.
2026-02-19 18:29:17,119 [DEBUG] taskcoachlib.domain.task.task: Task.__setattr__ : utilise la méthode super avec name=_Task__computed_status et value=inactive.
2026-02-19 18:29:17,119 [DEBUG] taskcoachlib.domain.task.task: Task.__setattr__ : utilise la méthode super avec name=_Task__status_text et value=Inactive.
2026-02-19 18:29:17,119 [DEBUG] taskcoachlib.domain.task.task: Task.__setattr__ : utilise la méthode super avec name=_Task__status_icon et value=led_grey_icon.
2026-02-19 18:29:17,119 [DEBUG] taskcoachlib.domain.task.task: Task.__setattr__ : utilise la méthode super avec name=_Task__status_source et value=No actual start date.
2026-02-19 18:29:17,122 [DEBUG] taskcoachlib.domain.task.task: Task.__setattr__ : utilise la méthode super avec name=_Task__status et value=inactive.
2026-02-19 18:29:17,122 [INFO] taskcoachlib.gui.viewer.container: ViewerContainer.__getattr__ retourne l'attribut <bound method Viewer.curselection of <taskcoachlib.gui.viewer.task.TaskViewer object at 0x7f260a5c62a0>> avec l'ancienne méthode !
2026-02-19 18:29:17,123 [INFO] taskcoachlib.gui.viewer.container: ViewerContainer.__getattr__ retourne l'attribut <bound method Viewer.curselection of <taskcoachlib.gui.viewer.task.TaskViewer object at 0x7f260a5c62a0>> avec l'ancienne méthode !
2026-02-19 18:29:17,123 [INFO] taskcoachlib.gui.viewer.container: ViewerContainer.__getattr__ retourne l'attribut <bound method Viewer.curselection of <taskcoachlib.gui.viewer.task.TaskViewer object at 0x7f260a5c62a0>> avec l'ancienne méthode !
2026-02-19 18:29:17,123 [DEBUG] taskcoachlib.domain.base.object: CompositeObject.subject : retourne le sujet de Task id=27ccbecc-6084-11e5-9f59-f07bcb8b1707 : Travailler sur mon Livre sur Ma Façon de Mixer.
2026-02-19 18:29:17,124 [DEBUG] taskcoachlib.domain.base.object: CompositeObject.subject : retourne le sujet de Task id=27ccbecc-6084-11e5-9f59-f07bcb8b1707 : Travailler sur mon Livre sur Ma Façon de Mixer.
2026-02-19 18:29:17,124 [DEBUG] taskcoachlib.domain.base.object: CompositeObject.subject : retourne le sujet de Task id=27ccbecc-6084-11e5-9f59-f07bcb8b1707 : Travailler sur mon Livre sur Ma Façon de Mixer.
2026-02-19 18:29:17,125 [DEBUG] taskcoachlib.domain.base.object: CompositeObject.subject : retourne le sujet de Task id=27ccbecc-6084-11e5-9f59-f07bcb8b1707 : Travailler sur mon Livre sur Ma Façon de Mixer.
2026-02-19 18:29:17,125 [DEBUG] taskcoachlib.domain.base.object: CompositeObject.subject : retourne le sujet de Task id=27ccbecc-6084-11e5-9f59-f07bcb8b1707 : Travailler sur mon Livre sur Ma Façon de Mixer.
2026-02-19 18:29:18,120 [DEBUG] taskcoachlib.domain.task.task: Task.__setattr__ : utilise la méthode super avec name=_Task__computed_status et value=inactive.
2026-02-19 18:29:18,120 [DEBUG] taskcoachlib.domain.task.task: Task.__setattr__ : utilise la méthode super avec name=_Task__status_text et value=Inactive.
2026-02-19 18:29:18,120 [DEBUG] taskcoachlib.domain.task.task: Task.__setattr__ : utilise la méthode super avec name=_Task__status_icon et value=led_grey_icon.
2026-02-19 18:29:18,120 [DEBUG] taskcoachlib.domain.task.task: Task.__setattr__ : utilise la méthode super avec name=_Task__status_source et value=No actual start date.
2026-02-19 18:29:18,126 [DEBUG] taskcoachlib.domain.task.task: Task.__setattr__ : utilise la méthode super avec name=_Task__status et value=inactive.
2026-02-19 18:29:18,127 [INFO] taskcoachlib.gui.viewer.container: ViewerContainer.__getattr__ retourne l'attribut <bound method Viewer.curselection of <taskcoachlib.gui.viewer.task.TaskViewer object at 0x7f260a5c62a0>> avec l'ancienne méthode !
2026-02-19 18:29:18,127 [INFO] taskcoachlib.gui.viewer.container: ViewerContainer.__getattr__ retourne l'attribut <bound method Viewer.curselection of <taskcoachlib.gui.viewer.task.TaskViewer object at 0x7f260a5c62a0>> avec l'ancienne méthode !
2026-02-19 18:29:18,127 [INFO] taskcoachlib.gui.viewer.container: ViewerContainer.__getattr__ retourne l'attribut <bound method Viewer.curselection of <taskcoachlib.gui.viewer.task.TaskViewer object at 0x7f260a5c62a0>> avec l'ancienne méthode !
2026-02-19 18:29:18,128 [DEBUG] taskcoachlib.domain.base.object: CompositeObject.subject : retourne le sujet de Task id=27ccbecc-6084-11e5-9f59-f07bcb8b1707 : Travailler sur mon Livre sur Ma Façon de Mixer.
2026-02-19 18:29:18,129 [DEBUG] taskcoachlib.domain.base.object: CompositeObject.subject : retourne le sujet de Task id=27ccbecc-6084-11e5-9f59-f07bcb8b1707 : Travailler sur mon Livre sur Ma Façon de Mixer.
2026-02-19 18:29:18,130 [DEBUG] taskcoachlib.domain.base.object: CompositeObject.subject : retourne le sujet de Task id=27ccbecc-6084-11e5-9f59-f07bcb8b1707 : Travailler sur mon Livre sur Ma Façon de Mixer.
2026-02-19 18:29:18,132 [DEBUG] taskcoachlib.domain.base.object: CompositeObject.subject : retourne le sujet de Task id=27ccbecc-6084-11e5-9f59-f07bcb8b1707 : Travailler sur mon Livre sur Ma Façon de Mixer.
2026-02-19 18:29:18,133 [DEBUG] taskcoachlib.domain.base.object: CompositeObject.subject : retourne le sujet de Task id=27ccbecc-6084-11e5-9f59-f07bcb8b1707 : Travailler sur mon Livre sur Ma Façon de Mixer.
2026-02-19 18:29:19,120 [DEBUG] taskcoachlib.domain.task.task: Task.__setattr__ : utilise la méthode super avec name=_Task__computed_status et value=inactive.
2026-02-19 18:29:19,120 [DEBUG] taskcoachlib.domain.task.task: Task.__setattr__ : utilise la méthode super avec name=_Task__status_text et value=Inactive.
2026-02-19 18:29:19,120 [DEBUG] taskcoachlib.domain.task.task: Task.__setattr__ : utilise la méthode super avec name=_Task__status_icon et value=led_grey_icon.
2026-02-19 18:29:19,120 [DEBUG] taskcoachlib.domain.task.task: Task.__setattr__ : utilise la méthode super avec name=_Task__status_source et value=No actual start date.
2026-02-19 18:29:19,126 [DEBUG] taskcoachlib.domain.task.task: Task.__setattr__ : utilise la méthode super avec name=_Task__status et value=inactive.
2026-02-19 18:29:19,126 [INFO] taskcoachlib.gui.viewer.container: ViewerContainer.__getattr__ retourne l'attribut <bound method Viewer.curselection of <taskcoachlib.gui.viewer.task.TaskViewer object at 0x7f260a5c62a0>> avec l'ancienne méthode !
2026-02-19 18:29:19,127 [INFO] taskcoachlib.gui.viewer.container: ViewerContainer.__getattr__ retourne l'attribut <bound method Viewer.curselection of <taskcoachlib.gui.viewer.task.TaskViewer object at 0x7f260a5c62a0>> avec l'ancienne méthode !
2026-02-19 18:29:19,127 [INFO] taskcoachlib.gui.viewer.container: ViewerContainer.__getattr__ retourne l'attribut <bound method Viewer.curselection of <taskcoachlib.gui.viewer.task.TaskViewer object at 0x7f260a5c62a0>> avec l'ancienne méthode !
2026-02-19 18:29:19,127 [DEBUG] taskcoachlib.domain.base.object: CompositeObject.subject : retourne le sujet de Task id=27ccbecc-6084-11e5-9f59-f07bcb8b1707 : Travailler sur mon Livre sur Ma Façon de Mixer.
2026-02-19 18:29:19,128 [DEBUG] taskcoachlib.domain.base.object: CompositeObject.subject : retourne le sujet de Task id=27ccbecc-6084-11e5-9f59-f07bcb8b1707 : Travailler sur mon Livre sur Ma Façon de Mixer.
2026-02-19 18:29:19,130 [DEBUG] taskcoachlib.domain.base.object: CompositeObject.subject : retourne le sujet de Task id=27ccbecc-6084-11e5-9f59-f07bcb8b1707 : Travailler sur mon Livre sur Ma Façon de Mixer.
2026-02-19 18:29:19,131 [DEBUG] taskcoachlib.domain.base.object: CompositeObject.subject : retourne le sujet de Task id=27ccbecc-6084-11e5-9f59-f07bcb8b1707 : Travailler sur mon Livre sur Ma Façon de Mixer.
2026-02-19 18:29:19,133 [DEBUG] taskcoachlib.domain.base.object: CompositeObject.subject : retourne le sujet de Task id=27ccbecc-6084-11e5-9f59-f07bcb8b1707 : Travailler sur mon Livre sur Ma Façon de Mixer.
2026-02-19 18:29:20,120 [DEBUG] taskcoachlib.domain.task.task: Task.__setattr__ : utilise la méthode super avec name=_Task__computed_status et value=inactive.
2026-02-19 18:29:20,120 [DEBUG] taskcoachlib.domain.task.task: Task.__setattr__ : utilise la méthode super avec name=_Task__status_text et value=Inactive.
2026-02-19 18:29:20,120 [DEBUG] taskcoachlib.domain.task.task: Task.__setattr__ : utilise la méthode super avec name=_Task__status_icon et value=led_grey_icon.
2026-02-19 18:29:20,121 [DEBUG] taskcoachlib.domain.task.task: Task.__setattr__ : utilise la méthode super avec name=_Task__status_source et value=No actual start date.
2026-02-19 18:29:20,123 [DEBUG] taskcoachlib.domain.task.task: Task.__setattr__ : utilise la méthode super avec name=_Task__status et value=inactive.
2026-02-19 18:29:20,123 [INFO] taskcoachlib.gui.viewer.container: ViewerContainer.__getattr__ retourne l'attribut <bound method Viewer.curselection of <taskcoachlib.gui.viewer.task.TaskViewer object at 0x7f260a5c62a0>> avec l'ancienne méthode !
2026-02-19 18:29:20,123 [INFO] taskcoachlib.gui.viewer.container: ViewerContainer.__getattr__ retourne l'attribut <bound method Viewer.curselection of <taskcoachlib.gui.viewer.task.TaskViewer object at 0x7f260a5c62a0>> avec l'ancienne méthode !
2026-02-19 18:29:20,124 [INFO] taskcoachlib.gui.viewer.container: ViewerContainer.__getattr__ retourne l'attribut <bound method Viewer.curselection of <taskcoachlib.gui.viewer.task.TaskViewer object at 0x7f260a5c62a0>> avec l'ancienne méthode !
2026-02-19 18:29:20,124 [DEBUG] taskcoachlib.domain.base.object: CompositeObject.subject : retourne le sujet de Task id=27ccbecc-6084-11e5-9f59-f07bcb8b1707 : Travailler sur mon Livre sur Ma Façon de Mixer.
2026-02-19 18:29:20,124 [DEBUG] taskcoachlib.domain.base.object: CompositeObject.subject : retourne le sujet de Task id=27ccbecc-6084-11e5-9f59-f07bcb8b1707 : Travailler sur mon Livre sur Ma Façon de Mixer.
2026-02-19 18:29:20,125 [DEBUG] taskcoachlib.domain.base.object: CompositeObject.subject : retourne le sujet de Task id=27ccbecc-6084-11e5-9f59-f07bcb8b1707 : Travailler sur mon Livre sur Ma Façon de Mixer.
2026-02-19 18:29:20,125 [DEBUG] taskcoachlib.domain.base.object: CompositeObject.subject : retourne le sujet de Task id=27ccbecc-6084-11e5-9f59-f07bcb8b1707 : Travailler sur mon Livre sur Ma Façon de Mixer.
2026-02-19 18:29:20,126 [DEBUG] taskcoachlib.domain.base.object: CompositeObject.subject : retourne le sujet de Task id=27ccbecc-6084-11e5-9f59-f07bcb8b1707 : Travailler sur mon Livre sur Ma Façon de Mixer.
2026-02-19 18:29:21,120 [DEBUG] taskcoachlib.domain.task.task: Task.__setattr__ : utilise la méthode super avec name=_Task__computed_status et value=inactive.
2026-02-19 18:29:21,121 [DEBUG] taskcoachlib.domain.task.task: Task.__setattr__ : utilise la méthode super avec name=_Task__status_text et value=Inactive.
2026-02-19 18:29:21,121 [DEBUG] taskcoachlib.domain.task.task: Task.__setattr__ : utilise la méthode super avec name=_Task__status_icon et value=led_grey_icon.
2026-02-19 18:29:21,121 [DEBUG] taskcoachlib.domain.task.task: Task.__setattr__ : utilise la méthode super avec name=_Task__status_source et value=No actual start date.
2026-02-19 18:29:21,124 [DEBUG] taskcoachlib.domain.task.task: Task.__setattr__ : utilise la méthode super avec name=_Task__status et value=inactive.
2026-02-19 18:29:21,124 [INFO] taskcoachlib.gui.viewer.container: ViewerContainer.__getattr__ retourne l'attribut <bound method Viewer.curselection of <taskcoachlib.gui.viewer.task.TaskViewer object at 0x7f260a5c62a0>> avec l'ancienne méthode !
2026-02-19 18:29:21,125 [INFO] taskcoachlib.gui.viewer.container: ViewerContainer.__getattr__ retourne l'attribut <bound method Viewer.curselection of <taskcoachlib.gui.viewer.task.TaskViewer object at 0x7f260a5c62a0>> avec l'ancienne méthode !
2026-02-19 18:29:21,125 [INFO] taskcoachlib.gui.viewer.container: ViewerContainer.__getattr__ retourne l'attribut <bound method Viewer.curselection of <taskcoachlib.gui.viewer.task.TaskViewer object at 0x7f260a5c62a0>> avec l'ancienne méthode !
2026-02-19 18:29:21,125 [DEBUG] taskcoachlib.domain.base.object: CompositeObject.subject : retourne le sujet de Task id=27ccbecc-6084-11e5-9f59-f07bcb8b1707 : Travailler sur mon Livre sur Ma Façon de Mixer.
2026-02-19 18:29:21,125 [DEBUG] taskcoachlib.domain.base.object: CompositeObject.subject : retourne le sujet de Task id=27ccbecc-6084-11e5-9f59-f07bcb8b1707 : Travailler sur mon Livre sur Ma Façon de Mixer.
2026-02-19 18:29:21,126 [DEBUG] taskcoachlib.domain.base.object: CompositeObject.subject : retourne le sujet de Task id=27ccbecc-6084-11e5-9f59-f07bcb8b1707 : Travailler sur mon Livre sur Ma Façon de Mixer.
2026-02-19 18:29:21,127 [DEBUG] taskcoachlib.domain.base.object: CompositeObject.subject : retourne le sujet de Task id=27ccbecc-6084-11e5-9f59-f07bcb8b1707 : Travailler sur mon Livre sur Ma Façon de Mixer.
2026-02-19 18:29:21,127 [DEBUG] taskcoachlib.domain.base.object: CompositeObject.subject : retourne le sujet de Task id=27ccbecc-6084-11e5-9f59-f07bcb8b1707 : Travailler sur mon Livre sur Ma Façon de Mixer.
2026-02-19 18:29:22,121 [DEBUG] taskcoachlib.domain.task.task: Task.__setattr__ : utilise la méthode super avec name=_Task__computed_status et value=inactive.
2026-02-19 18:29:22,121 [DEBUG] taskcoachlib.domain.task.task: Task.__setattr__ : utilise la méthode super avec name=_Task__status_text et value=Inactive.
2026-02-19 18:29:22,121 [DEBUG] taskcoachlib.domain.task.task: Task.__setattr__ : utilise la méthode super avec name=_Task__status_icon et value=led_grey_icon.
2026-02-19 18:29:22,122 [DEBUG] taskcoachlib.domain.task.task: Task.__setattr__ : utilise la méthode super avec name=_Task__status_source et value=No actual start date.
2026-02-19 18:29:22,126 [DEBUG] taskcoachlib.domain.task.task: Task.__setattr__ : utilise la méthode super avec name=_Task__status et value=inactive.
2026-02-19 18:29:22,126 [INFO] taskcoachlib.gui.viewer.container: ViewerContainer.__getattr__ retourne l'attribut <bound method Viewer.curselection of <taskcoachlib.gui.viewer.task.TaskViewer object at 0x7f260a5c62a0>> avec l'ancienne méthode !
2026-02-19 18:29:22,127 [INFO] taskcoachlib.gui.viewer.container: ViewerContainer.__getattr__ retourne l'attribut <bound method Viewer.curselection of <taskcoachlib.gui.viewer.task.TaskViewer object at 0x7f260a5c62a0>> avec l'ancienne méthode !
2026-02-19 18:29:22,127 [INFO] taskcoachlib.gui.viewer.container: ViewerContainer.__getattr__ retourne l'attribut <bound method Viewer.curselection of <taskcoachlib.gui.viewer.task.TaskViewer object at 0x7f260a5c62a0>> avec l'ancienne méthode !
2026-02-19 18:29:22,127 [DEBUG] taskcoachlib.domain.base.object: CompositeObject.subject : retourne le sujet de Task id=27ccbecc-6084-11e5-9f59-f07bcb8b1707 : Travailler sur mon Livre sur Ma Façon de Mixer.
2026-02-19 18:29:22,128 [DEBUG] taskcoachlib.domain.base.object: CompositeObject.subject : retourne le sujet de Task id=27ccbecc-6084-11e5-9f59-f07bcb8b1707 : Travailler sur mon Livre sur Ma Façon de Mixer.
2026-02-19 18:29:22,129 [DEBUG] taskcoachlib.domain.base.object: CompositeObject.subject : retourne le sujet de Task id=27ccbecc-6084-11e5-9f59-f07bcb8b1707 : Travailler sur mon Livre sur Ma Façon de Mixer.
2026-02-19 18:29:22,131 [DEBUG] taskcoachlib.domain.base.object: CompositeObject.subject : retourne le sujet de Task id=27ccbecc-6084-11e5-9f59-f07bcb8b1707 : Travailler sur mon Livre sur Ma Façon de Mixer.
2026-02-19 18:29:22,132 [DEBUG] taskcoachlib.domain.base.object: CompositeObject.subject : retourne le sujet de Task id=27ccbecc-6084-11e5-9f59-f07bcb8b1707 : Travailler sur mon Livre sur Ma Façon de Mixer.
2026-02-19 18:29:23,121 [DEBUG] taskcoachlib.domain.task.task: Task.__setattr__ : utilise la méthode super avec name=_Task__computed_status et value=inactive.
2026-02-19 18:29:23,122 [DEBUG] taskcoachlib.domain.task.task: Task.__setattr__ : utilise la méthode super avec name=_Task__status_text et value=Inactive.
2026-02-19 18:29:23,122 [DEBUG] taskcoachlib.domain.task.task: Task.__setattr__ : utilise la méthode super avec name=_Task__status_icon et value=led_grey_icon.
2026-02-19 18:29:23,122 [DEBUG] taskcoachlib.domain.task.task: Task.__setattr__ : utilise la méthode super avec name=_Task__status_source et value=No actual start date.
2026-02-19 18:29:23,126 [DEBUG] taskcoachlib.domain.task.task: Task.__setattr__ : utilise la méthode super avec name=_Task__status et value=inactive.
2026-02-19 18:29:23,127 [INFO] taskcoachlib.gui.viewer.container: ViewerContainer.__getattr__ retourne l'attribut <bound method Viewer.curselection of <taskcoachlib.gui.viewer.task.TaskViewer object at 0x7f260a5c62a0>> avec l'ancienne méthode !
2026-02-19 18:29:23,127 [INFO] taskcoachlib.gui.viewer.container: ViewerContainer.__getattr__ retourne l'attribut <bound method Viewer.curselection of <taskcoachlib.gui.viewer.task.TaskViewer object at 0x7f260a5c62a0>> avec l'ancienne méthode !
2026-02-19 18:29:23,127 [INFO] taskcoachlib.gui.viewer.container: ViewerContainer.__getattr__ retourne l'attribut <bound method Viewer.curselection of <taskcoachlib.gui.viewer.task.TaskViewer object at 0x7f260a5c62a0>> avec l'ancienne méthode !
2026-02-19 18:29:23,128 [DEBUG] taskcoachlib.domain.base.object: CompositeObject.subject : retourne le sujet de Task id=27ccbecc-6084-11e5-9f59-f07bcb8b1707 : Travailler sur mon Livre sur Ma Façon de Mixer.
2026-02-19 18:29:23,128 [DEBUG] taskcoachlib.domain.base.object: CompositeObject.subject : retourne le sujet de Task id=27ccbecc-6084-11e5-9f59-f07bcb8b1707 : Travailler sur mon Livre sur Ma Façon de Mixer.
2026-02-19 18:29:23,129 [DEBUG] taskcoachlib.domain.base.object: CompositeObject.subject : retourne le sujet de Task id=27ccbecc-6084-11e5-9f59-f07bcb8b1707 : Travailler sur mon Livre sur Ma Façon de Mixer.
2026-02-19 18:29:23,129 [DEBUG] taskcoachlib.domain.base.object: CompositeObject.subject : retourne le sujet de Task id=27ccbecc-6084-11e5-9f59-f07bcb8b1707 : Travailler sur mon Livre sur Ma Façon de Mixer.
2026-02-19 18:29:23,130 [DEBUG] taskcoachlib.domain.base.object: CompositeObject.subject : retourne le sujet de Task id=27ccbecc-6084-11e5-9f59-f07bcb8b1707 : Travailler sur mon Livre sur Ma Façon de Mixer.
2026-02-19 18:29:24,122 [DEBUG] taskcoachlib.domain.task.task: Task.__setattr__ : utilise la méthode super avec name=_Task__computed_status et value=inactive.
2026-02-19 18:29:24,122 [DEBUG] taskcoachlib.domain.task.task: Task.__setattr__ : utilise la méthode super avec name=_Task__status_text et value=Inactive.
2026-02-19 18:29:24,122 [DEBUG] taskcoachlib.domain.task.task: Task.__setattr__ : utilise la méthode super avec name=_Task__status_icon et value=led_grey_icon.
2026-02-19 18:29:24,122 [DEBUG] taskcoachlib.domain.task.task: Task.__setattr__ : utilise la méthode super avec name=_Task__status_source et value=No actual start date.
2026-02-19 18:29:24,127 [DEBUG] taskcoachlib.domain.task.task: Task.__setattr__ : utilise la méthode super avec name=_Task__status et value=inactive.
2026-02-19 18:29:24,127 [INFO] taskcoachlib.gui.viewer.container: ViewerContainer.__getattr__ retourne l'attribut <bound method Viewer.curselection of <taskcoachlib.gui.viewer.task.TaskViewer object at 0x7f260a5c62a0>> avec l'ancienne méthode !
2026-02-19 18:29:24,127 [INFO] taskcoachlib.gui.viewer.container: ViewerContainer.__getattr__ retourne l'attribut <bound method Viewer.curselection of <taskcoachlib.gui.viewer.task.TaskViewer object at 0x7f260a5c62a0>> avec l'ancienne méthode !
2026-02-19 18:29:24,128 [INFO] taskcoachlib.gui.viewer.container: ViewerContainer.__getattr__ retourne l'attribut <bound method Viewer.curselection of <taskcoachlib.gui.viewer.task.TaskViewer object at 0x7f260a5c62a0>> avec l'ancienne méthode !
2026-02-19 18:29:24,128 [DEBUG] taskcoachlib.domain.base.object: CompositeObject.subject : retourne le sujet de Task id=27ccbecc-6084-11e5-9f59-f07bcb8b1707 : Travailler sur mon Livre sur Ma Façon de Mixer.
2026-02-19 18:29:24,129 [DEBUG] taskcoachlib.domain.base.object: CompositeObject.subject : retourne le sujet de Task id=27ccbecc-6084-11e5-9f59-f07bcb8b1707 : Travailler sur mon Livre sur Ma Façon de Mixer.
2026-02-19 18:29:24,130 [DEBUG] taskcoachlib.domain.base.object: CompositeObject.subject : retourne le sujet de Task id=27ccbecc-6084-11e5-9f59-f07bcb8b1707 : Travailler sur mon Livre sur Ma Façon de Mixer.
2026-02-19 18:29:24,132 [DEBUG] taskcoachlib.domain.base.object: CompositeObject.subject : retourne le sujet de Task id=27ccbecc-6084-11e5-9f59-f07bcb8b1707 : Travailler sur mon Livre sur Ma Façon de Mixer.
2026-02-19 18:29:24,133 [DEBUG] taskcoachlib.domain.base.object: CompositeObject.subject : retourne le sujet de Task id=27ccbecc-6084-11e5-9f59-f07bcb8b1707 : Travailler sur mon Livre sur Ma Façon de Mixer.
2026-02-19 18:29:25,122 [DEBUG] taskcoachlib.domain.task.task: Task.__setattr__ : utilise la méthode super avec name=_Task__computed_status et value=inactive.
2026-02-19 18:29:25,123 [DEBUG] taskcoachlib.domain.task.task: Task.__setattr__ : utilise la méthode super avec name=_Task__status_text et value=Inactive.
2026-02-19 18:29:25,123 [DEBUG] taskcoachlib.domain.task.task: Task.__setattr__ : utilise la méthode super avec name=_Task__status_icon et value=led_grey_icon.
2026-02-19 18:29:25,123 [DEBUG] taskcoachlib.domain.task.task: Task.__setattr__ : utilise la méthode super avec name=_Task__status_source et value=No actual start date.
2026-02-19 18:29:25,127 [DEBUG] taskcoachlib.domain.task.task: Task.__setattr__ : utilise la méthode super avec name=_Task__status et value=inactive.
2026-02-19 18:29:25,127 [INFO] taskcoachlib.gui.viewer.container: ViewerContainer.__getattr__ retourne l'attribut <bound method Viewer.curselection of <taskcoachlib.gui.viewer.task.TaskViewer object at 0x7f260a5c62a0>> avec l'ancienne méthode !
2026-02-19 18:29:25,128 [INFO] taskcoachlib.gui.viewer.container: ViewerContainer.__getattr__ retourne l'attribut <bound method Viewer.curselection of <taskcoachlib.gui.viewer.task.TaskViewer object at 0x7f260a5c62a0>> avec l'ancienne méthode !
2026-02-19 18:29:25,128 [INFO] taskcoachlib.gui.viewer.container: ViewerContainer.__getattr__ retourne l'attribut <bound method Viewer.curselection of <taskcoachlib.gui.viewer.task.TaskViewer object at 0x7f260a5c62a0>> avec l'ancienne méthode !
2026-02-19 18:29:25,128 [DEBUG] taskcoachlib.domain.base.object: CompositeObject.subject : retourne le sujet de Task id=27ccbecc-6084-11e5-9f59-f07bcb8b1707 : Travailler sur mon Livre sur Ma Façon de Mixer.
2026-02-19 18:29:25,130 [DEBUG] taskcoachlib.domain.base.object: CompositeObject.subject : retourne le sujet de Task id=27ccbecc-6084-11e5-9f59-f07bcb8b1707 : Travailler sur mon Livre sur Ma Façon de Mixer.
2026-02-19 18:29:25,131 [DEBUG] taskcoachlib.domain.base.object: CompositeObject.subject : retourne le sujet de Task id=27ccbecc-6084-11e5-9f59-f07bcb8b1707 : Travailler sur mon Livre sur Ma Façon de Mixer.
2026-02-19 18:29:25,131 [DEBUG] taskcoachlib.domain.base.object: CompositeObject.subject : retourne le sujet de Task id=27ccbecc-6084-11e5-9f59-f07bcb8b1707 : Travailler sur mon Livre sur Ma Façon de Mixer.
2026-02-19 18:29:25,133 [DEBUG] taskcoachlib.domain.base.object: CompositeObject.subject : retourne le sujet de Task id=27ccbecc-6084-11e5-9f59-f07bcb8b1707 : Travailler sur mon Livre sur Ma Façon de Mixer.
2026-02-19 18:29:26,123 [DEBUG] taskcoachlib.domain.task.task: Task.__setattr__ : utilise la méthode super avec name=_Task__computed_status et value=inactive.
2026-02-19 18:29:26,123 [DEBUG] taskcoachlib.domain.task.task: Task.__setattr__ : utilise la méthode super avec name=_Task__status_text et value=Inactive.
2026-02-19 18:29:26,123 [DEBUG] taskcoachlib.domain.task.task: Task.__setattr__ : utilise la méthode super avec name=_Task__status_icon et value=led_grey_icon.
2026-02-19 18:29:26,123 [DEBUG] taskcoachlib.domain.task.task: Task.__setattr__ : utilise la méthode super avec name=_Task__status_source et value=No actual start date.
2026-02-19 18:29:26,128 [DEBUG] taskcoachlib.domain.task.task: Task.__setattr__ : utilise la méthode super avec name=_Task__status et value=inactive.
2026-02-19 18:29:26,128 [INFO] taskcoachlib.gui.viewer.container: ViewerContainer.__getattr__ retourne l'attribut <bound method Viewer.curselection of <taskcoachlib.gui.viewer.task.TaskViewer object at 0x7f260a5c62a0>> avec l'ancienne méthode !
2026-02-19 18:29:26,129 [INFO] taskcoachlib.gui.viewer.container: ViewerContainer.__getattr__ retourne l'attribut <bound method Viewer.curselection of <taskcoachlib.gui.viewer.task.TaskViewer object at 0x7f260a5c62a0>> avec l'ancienne méthode !
2026-02-19 18:29:26,129 [INFO] taskcoachlib.gui.viewer.container: ViewerContainer.__getattr__ retourne l'attribut <bound method Viewer.curselection of <taskcoachlib.gui.viewer.task.TaskViewer object at 0x7f260a5c62a0>> avec l'ancienne méthode !
2026-02-19 18:29:26,129 [DEBUG] taskcoachlib.domain.base.object: CompositeObject.subject : retourne le sujet de Task id=27ccbecc-6084-11e5-9f59-f07bcb8b1707 : Travailler sur mon Livre sur Ma Façon de Mixer.
2026-02-19 18:29:26,130 [DEBUG] taskcoachlib.domain.base.object: CompositeObject.subject : retourne le sujet de Task id=27ccbecc-6084-11e5-9f59-f07bcb8b1707 : Travailler sur mon Livre sur Ma Façon de Mixer.
2026-02-19 18:29:26,132 [DEBUG] taskcoachlib.domain.base.object: CompositeObject.subject : retourne le sujet de Task id=27ccbecc-6084-11e5-9f59-f07bcb8b1707 : Travailler sur mon Livre sur Ma Façon de Mixer.
2026-02-19 18:29:26,133 [DEBUG] taskcoachlib.domain.base.object: CompositeObject.subject : retourne le sujet de Task id=27ccbecc-6084-11e5-9f59-f07bcb8b1707 : Travailler sur mon Livre sur Ma Façon de Mixer.
2026-02-19 18:29:26,134 [DEBUG] taskcoachlib.domain.base.object: CompositeObject.subject : retourne le sujet de Task id=27ccbecc-6084-11e5-9f59-f07bcb8b1707 : Travailler sur mon Livre sur Ma Façon de Mixer.
2026-02-19 18:29:27,123 [DEBUG] taskcoachlib.domain.task.task: Task.__setattr__ : utilise la méthode super avec name=_Task__computed_status et value=inactive.
2026-02-19 18:29:27,123 [DEBUG] taskcoachlib.domain.task.task: Task.__setattr__ : utilise la méthode super avec name=_Task__status_text et value=Inactive.
2026-02-19 18:29:27,124 [DEBUG] taskcoachlib.domain.task.task: Task.__setattr__ : utilise la méthode super avec name=_Task__status_icon et value=led_grey_icon.
2026-02-19 18:29:27,124 [DEBUG] taskcoachlib.domain.task.task: Task.__setattr__ : utilise la méthode super avec name=_Task__status_source et value=No actual start date.
2026-02-19 18:29:27,126 [DEBUG] taskcoachlib.domain.task.task: Task.__setattr__ : utilise la méthode super avec name=_Task__status et value=inactive.
2026-02-19 18:29:27,127 [INFO] taskcoachlib.gui.viewer.container: ViewerContainer.__getattr__ retourne l'attribut <bound method Viewer.curselection of <taskcoachlib.gui.viewer.task.TaskViewer object at 0x7f260a5c62a0>> avec l'ancienne méthode !
2026-02-19 18:29:27,127 [INFO] taskcoachlib.gui.viewer.container: ViewerContainer.__getattr__ retourne l'attribut <bound method Viewer.curselection of <taskcoachlib.gui.viewer.task.TaskViewer object at 0x7f260a5c62a0>> avec l'ancienne méthode !
2026-02-19 18:29:27,127 [INFO] taskcoachlib.gui.viewer.container: ViewerContainer.__getattr__ retourne l'attribut <bound method Viewer.curselection of <taskcoachlib.gui.viewer.task.TaskViewer object at 0x7f260a5c62a0>> avec l'ancienne méthode !
2026-02-19 18:29:27,127 [DEBUG] taskcoachlib.domain.base.object: CompositeObject.subject : retourne le sujet de Task id=27ccbecc-6084-11e5-9f59-f07bcb8b1707 : Travailler sur mon Livre sur Ma Façon de Mixer.
2026-02-19 18:29:27,128 [DEBUG] taskcoachlib.domain.base.object: CompositeObject.subject : retourne le sujet de Task id=27ccbecc-6084-11e5-9f59-f07bcb8b1707 : Travailler sur mon Livre sur Ma Façon de Mixer.
2026-02-19 18:29:27,128 [DEBUG] taskcoachlib.domain.base.object: CompositeObject.subject : retourne le sujet de Task id=27ccbecc-6084-11e5-9f59-f07bcb8b1707 : Travailler sur mon Livre sur Ma Façon de Mixer.
2026-02-19 18:29:27,129 [DEBUG] taskcoachlib.domain.base.object: CompositeObject.subject : retourne le sujet de Task id=27ccbecc-6084-11e5-9f59-f07bcb8b1707 : Travailler sur mon Livre sur Ma Façon de Mixer.
2026-02-19 18:29:27,129 [DEBUG] taskcoachlib.domain.base.object: CompositeObject.subject : retourne le sujet de Task id=27ccbecc-6084-11e5-9f59-f07bcb8b1707 : Travailler sur mon Livre sur Ma Façon de Mixer.
2026-02-19 18:29:28,123 [DEBUG] taskcoachlib.domain.task.task: Task.__setattr__ : utilise la méthode super avec name=_Task__computed_status et value=inactive.
2026-02-19 18:29:28,124 [DEBUG] taskcoachlib.domain.task.task: Task.__setattr__ : utilise la méthode super avec name=_Task__status_text et value=Inactive.
2026-02-19 18:29:28,124 [DEBUG] taskcoachlib.domain.task.task: Task.__setattr__ : utilise la méthode super avec name=_Task__status_icon et value=led_grey_icon.
2026-02-19 18:29:28,124 [DEBUG] taskcoachlib.domain.task.task: Task.__setattr__ : utilise la méthode super avec name=_Task__status_source et value=No actual start date.
2026-02-19 18:29:28,128 [DEBUG] taskcoachlib.domain.task.task: Task.__setattr__ : utilise la méthode super avec name=_Task__status et value=inactive.
2026-02-19 18:29:28,128 [INFO] taskcoachlib.gui.viewer.container: ViewerContainer.__getattr__ retourne l'attribut <bound method Viewer.curselection of <taskcoachlib.gui.viewer.task.TaskViewer object at 0x7f260a5c62a0>> avec l'ancienne méthode !
2026-02-19 18:29:28,129 [INFO] taskcoachlib.gui.viewer.container: ViewerContainer.__getattr__ retourne l'attribut <bound method Viewer.curselection of <taskcoachlib.gui.viewer.task.TaskViewer object at 0x7f260a5c62a0>> avec l'ancienne méthode !
2026-02-19 18:29:28,129 [INFO] taskcoachlib.gui.viewer.container: ViewerContainer.__getattr__ retourne l'attribut <bound method Viewer.curselection of <taskcoachlib.gui.viewer.task.TaskViewer object at 0x7f260a5c62a0>> avec l'ancienne méthode !
2026-02-19 18:29:28,129 [DEBUG] taskcoachlib.domain.base.object: CompositeObject.subject : retourne le sujet de Task id=27ccbecc-6084-11e5-9f59-f07bcb8b1707 : Travailler sur mon Livre sur Ma Façon de Mixer.
2026-02-19 18:29:28,131 [DEBUG] taskcoachlib.domain.base.object: CompositeObject.subject : retourne le sujet de Task id=27ccbecc-6084-11e5-9f59-f07bcb8b1707 : Travailler sur mon Livre sur Ma Façon de Mixer.
2026-02-19 18:29:28,132 [DEBUG] taskcoachlib.domain.base.object: CompositeObject.subject : retourne le sujet de Task id=27ccbecc-6084-11e5-9f59-f07bcb8b1707 : Travailler sur mon Livre sur Ma Façon de Mixer.
2026-02-19 18:29:28,133 [DEBUG] taskcoachlib.domain.base.object: CompositeObject.subject : retourne le sujet de Task id=27ccbecc-6084-11e5-9f59-f07bcb8b1707 : Travailler sur mon Livre sur Ma Façon de Mixer.
2026-02-19 18:29:28,134 [DEBUG] taskcoachlib.domain.base.object: CompositeObject.subject : retourne le sujet de Task id=27ccbecc-6084-11e5-9f59-f07bcb8b1707 : Travailler sur mon Livre sur Ma Façon de Mixer.
2026-02-19 18:29:29,124 [DEBUG] taskcoachlib.domain.task.task: Task.__setattr__ : utilise la méthode super avec name=_Task__computed_status et value=inactive.
2026-02-19 18:29:29,124 [DEBUG] taskcoachlib.domain.task.task: Task.__setattr__ : utilise la méthode super avec name=_Task__status_text et value=Inactive.
2026-02-19 18:29:29,124 [DEBUG] taskcoachlib.domain.task.task: Task.__setattr__ : utilise la méthode super avec name=_Task__status_icon et value=led_grey_icon.
2026-02-19 18:29:29,124 [DEBUG] taskcoachlib.domain.task.task: Task.__setattr__ : utilise la méthode super avec name=_Task__status_source et value=No actual start date.
2026-02-19 18:29:29,129 [DEBUG] taskcoachlib.domain.task.task: Task.__setattr__ : utilise la méthode super avec name=_Task__status et value=inactive.
2026-02-19 18:29:29,129 [INFO] taskcoachlib.gui.viewer.container: ViewerContainer.__getattr__ retourne l'attribut <bound method Viewer.curselection of <taskcoachlib.gui.viewer.task.TaskViewer object at 0x7f260a5c62a0>> avec l'ancienne méthode !
2026-02-19 18:29:29,129 [INFO] taskcoachlib.gui.viewer.container: ViewerContainer.__getattr__ retourne l'attribut <bound method Viewer.curselection of <taskcoachlib.gui.viewer.task.TaskViewer object at 0x7f260a5c62a0>> avec l'ancienne méthode !
2026-02-19 18:29:29,130 [INFO] taskcoachlib.gui.viewer.container: ViewerContainer.__getattr__ retourne l'attribut <bound method Viewer.curselection of <taskcoachlib.gui.viewer.task.TaskViewer object at 0x7f260a5c62a0>> avec l'ancienne méthode !
2026-02-19 18:29:29,130 [DEBUG] taskcoachlib.domain.base.object: CompositeObject.subject : retourne le sujet de Task id=27ccbecc-6084-11e5-9f59-f07bcb8b1707 : Travailler sur mon Livre sur Ma Façon de Mixer.
2026-02-19 18:29:29,131 [DEBUG] taskcoachlib.domain.base.object: CompositeObject.subject : retourne le sujet de Task id=27ccbecc-6084-11e5-9f59-f07bcb8b1707 : Travailler sur mon Livre sur Ma Façon de Mixer.
2026-02-19 18:29:29,132 [DEBUG] taskcoachlib.domain.base.object: CompositeObject.subject : retourne le sujet de Task id=27ccbecc-6084-11e5-9f59-f07bcb8b1707 : Travailler sur mon Livre sur Ma Façon de Mixer.
2026-02-19 18:29:29,134 [DEBUG] taskcoachlib.domain.base.object: CompositeObject.subject : retourne le sujet de Task id=27ccbecc-6084-11e5-9f59-f07bcb8b1707 : Travailler sur mon Livre sur Ma Façon de Mixer.
2026-02-19 18:29:29,135 [DEBUG] taskcoachlib.domain.base.object: CompositeObject.subject : retourne le sujet de Task id=27ccbecc-6084-11e5-9f59-f07bcb8b1707 : Travailler sur mon Livre sur Ma Façon de Mixer.
2026-02-19 18:29:30,124 [DEBUG] taskcoachlib.domain.task.task: Task.__setattr__ : utilise la méthode super avec name=_Task__computed_status et value=inactive.
2026-02-19 18:29:30,124 [DEBUG] taskcoachlib.domain.task.task: Task.__setattr__ : utilise la méthode super avec name=_Task__status_text et value=Inactive.
2026-02-19 18:29:30,124 [DEBUG] taskcoachlib.domain.task.task: Task.__setattr__ : utilise la méthode super avec name=_Task__status_icon et value=led_grey_icon.
2026-02-19 18:29:30,125 [DEBUG] taskcoachlib.domain.task.task: Task.__setattr__ : utilise la méthode super avec name=_Task__status_source et value=No actual start date.
2026-02-19 18:29:30,129 [DEBUG] taskcoachlib.domain.task.task: Task.__setattr__ : utilise la méthode super avec name=_Task__status et value=inactive.
2026-02-19 18:29:30,129 [INFO] taskcoachlib.gui.viewer.container: ViewerContainer.__getattr__ retourne l'attribut <bound method Viewer.curselection of <taskcoachlib.gui.viewer.task.TaskViewer object at 0x7f260a5c62a0>> avec l'ancienne méthode !
2026-02-19 18:29:30,129 [INFO] taskcoachlib.gui.viewer.container: ViewerContainer.__getattr__ retourne l'attribut <bound method Viewer.curselection of <taskcoachlib.gui.viewer.task.TaskViewer object at 0x7f260a5c62a0>> avec l'ancienne méthode !
2026-02-19 18:29:30,130 [INFO] taskcoachlib.gui.viewer.container: ViewerContainer.__getattr__ retourne l'attribut <bound method Viewer.curselection of <taskcoachlib.gui.viewer.task.TaskViewer object at 0x7f260a5c62a0>> avec l'ancienne méthode !
2026-02-19 18:29:30,130 [DEBUG] taskcoachlib.domain.base.object: CompositeObject.subject : retourne le sujet de Task id=27ccbecc-6084-11e5-9f59-f07bcb8b1707 : Travailler sur mon Livre sur Ma Façon de Mixer.
2026-02-19 18:29:30,131 [DEBUG] taskcoachlib.domain.base.object: CompositeObject.subject : retourne le sujet de Task id=27ccbecc-6084-11e5-9f59-f07bcb8b1707 : Travailler sur mon Livre sur Ma Façon de Mixer.
2026-02-19 18:29:30,132 [DEBUG] taskcoachlib.domain.base.object: CompositeObject.subject : retourne le sujet de Task id=27ccbecc-6084-11e5-9f59-f07bcb8b1707 : Travailler sur mon Livre sur Ma Façon de Mixer.
2026-02-19 18:29:30,133 [DEBUG] taskcoachlib.domain.base.object: CompositeObject.subject : retourne le sujet de Task id=27ccbecc-6084-11e5-9f59-f07bcb8b1707 : Travailler sur mon Livre sur Ma Façon de Mixer.
2026-02-19 18:29:30,134 [DEBUG] taskcoachlib.domain.base.object: CompositeObject.subject : retourne le sujet de Task id=27ccbecc-6084-11e5-9f59-f07bcb8b1707 : Travailler sur mon Livre sur Ma Façon de Mixer.
2026-02-19 18:29:31,126 [DEBUG] taskcoachlib.domain.task.task: Task.__setattr__ : utilise la méthode super avec name=_Task__computed_status et value=inactive.
2026-02-19 18:29:31,126 [DEBUG] taskcoachlib.domain.task.task: Task.__setattr__ : utilise la méthode super avec name=_Task__status_text et value=Inactive.
2026-02-19 18:29:31,127 [DEBUG] taskcoachlib.domain.task.task: Task.__setattr__ : utilise la méthode super avec name=_Task__status_icon et value=led_grey_icon.
2026-02-19 18:29:31,127 [DEBUG] taskcoachlib.domain.task.task: Task.__setattr__ : utilise la méthode super avec name=_Task__status_source et value=No actual start date.
2026-02-19 18:29:31,133 [DEBUG] taskcoachlib.domain.task.task: Task.__setattr__ : utilise la méthode super avec name=_Task__status et value=inactive.
2026-02-19 18:29:31,134 [INFO] taskcoachlib.gui.viewer.container: ViewerContainer.__getattr__ retourne l'attribut <bound method Viewer.curselection of <taskcoachlib.gui.viewer.task.TaskViewer object at 0x7f260a5c62a0>> avec l'ancienne méthode !
2026-02-19 18:29:31,134 [INFO] taskcoachlib.gui.viewer.container: ViewerContainer.__getattr__ retourne l'attribut <bound method Viewer.curselection of <taskcoachlib.gui.viewer.task.TaskViewer object at 0x7f260a5c62a0>> avec l'ancienne méthode !
2026-02-19 18:29:31,135 [INFO] taskcoachlib.gui.viewer.container: ViewerContainer.__getattr__ retourne l'attribut <bound method Viewer.curselection of <taskcoachlib.gui.viewer.task.TaskViewer object at 0x7f260a5c62a0>> avec l'ancienne méthode !
2026-02-19 18:29:31,135 [DEBUG] taskcoachlib.domain.base.object: CompositeObject.subject : retourne le sujet de Task id=27ccbecc-6084-11e5-9f59-f07bcb8b1707 : Travailler sur mon Livre sur Ma Façon de Mixer.
2026-02-19 18:29:31,137 [DEBUG] taskcoachlib.domain.base.object: CompositeObject.subject : retourne le sujet de Task id=27ccbecc-6084-11e5-9f59-f07bcb8b1707 : Travailler sur mon Livre sur Ma Façon de Mixer.
2026-02-19 18:29:31,138 [DEBUG] taskcoachlib.domain.base.object: CompositeObject.subject : retourne le sujet de Task id=27ccbecc-6084-11e5-9f59-f07bcb8b1707 : Travailler sur mon Livre sur Ma Façon de Mixer.
2026-02-19 18:29:31,140 [DEBUG] taskcoachlib.domain.base.object: CompositeObject.subject : retourne le sujet de Task id=27ccbecc-6084-11e5-9f59-f07bcb8b1707 : Travailler sur mon Livre sur Ma Façon de Mixer.
2026-02-19 18:29:31,141 [DEBUG] taskcoachlib.domain.base.object: CompositeObject.subject : retourne le sujet de Task id=27ccbecc-6084-11e5-9f59-f07bcb8b1707 : Travailler sur mon Livre sur Ma Façon de Mixer.
2026-02-19 18:29:32,126 [DEBUG] taskcoachlib.domain.task.task: Task.__setattr__ : utilise la méthode super avec name=_Task__computed_status et value=inactive.
2026-02-19 18:29:32,126 [DEBUG] taskcoachlib.domain.task.task: Task.__setattr__ : utilise la méthode super avec name=_Task__status_text et value=Inactive.
2026-02-19 18:29:32,127 [DEBUG] taskcoachlib.domain.task.task: Task.__setattr__ : utilise la méthode super avec name=_Task__status_icon et value=led_grey_icon.
2026-02-19 18:29:32,127 [DEBUG] taskcoachlib.domain.task.task: Task.__setattr__ : utilise la méthode super avec name=_Task__status_source et value=No actual start date.
2026-02-19 18:29:32,132 [DEBUG] taskcoachlib.domain.task.task: Task.__setattr__ : utilise la méthode super avec name=_Task__status et value=inactive.
2026-02-19 18:29:32,132 [INFO] taskcoachlib.gui.viewer.container: ViewerContainer.__getattr__ retourne l'attribut <bound method Viewer.curselection of <taskcoachlib.gui.viewer.task.TaskViewer object at 0x7f260a5c62a0>> avec l'ancienne méthode !
2026-02-19 18:29:32,133 [INFO] taskcoachlib.gui.viewer.container: ViewerContainer.__getattr__ retourne l'attribut <bound method Viewer.curselection of <taskcoachlib.gui.viewer.task.TaskViewer object at 0x7f260a5c62a0>> avec l'ancienne méthode !
2026-02-19 18:29:32,133 [INFO] taskcoachlib.gui.viewer.container: ViewerContainer.__getattr__ retourne l'attribut <bound method Viewer.curselection of <taskcoachlib.gui.viewer.task.TaskViewer object at 0x7f260a5c62a0>> avec l'ancienne méthode !
2026-02-19 18:29:32,133 [DEBUG] taskcoachlib.domain.base.object: CompositeObject.subject : retourne le sujet de Task id=27ccbecc-6084-11e5-9f59-f07bcb8b1707 : Travailler sur mon Livre sur Ma Façon de Mixer.
2026-02-19 18:29:32,135 [DEBUG] taskcoachlib.domain.base.object: CompositeObject.subject : retourne le sujet de Task id=27ccbecc-6084-11e5-9f59-f07bcb8b1707 : Travailler sur mon Livre sur Ma Façon de Mixer.
2026-02-19 18:29:32,136 [DEBUG] taskcoachlib.domain.base.object: CompositeObject.subject : retourne le sujet de Task id=27ccbecc-6084-11e5-9f59-f07bcb8b1707 : Travailler sur mon Livre sur Ma Façon de Mixer.
2026-02-19 18:29:32,138 [DEBUG] taskcoachlib.domain.base.object: CompositeObject.subject : retourne le sujet de Task id=27ccbecc-6084-11e5-9f59-f07bcb8b1707 : Travailler sur mon Livre sur Ma Façon de Mixer.
2026-02-19 18:29:32,139 [DEBUG] taskcoachlib.domain.base.object: CompositeObject.subject : retourne le sujet de Task id=27ccbecc-6084-11e5-9f59-f07bcb8b1707 : Travailler sur mon Livre sur Ma Façon de Mixer.
2026-02-19 18:29:33,126 [DEBUG] taskcoachlib.domain.task.task: Task.__setattr__ : utilise la méthode super avec name=_Task__computed_status et value=inactive.
2026-02-19 18:29:33,127 [DEBUG] taskcoachlib.domain.task.task: Task.__setattr__ : utilise la méthode super avec name=_Task__status_text et value=Inactive.
2026-02-19 18:29:33,127 [DEBUG] taskcoachlib.domain.task.task: Task.__setattr__ : utilise la méthode super avec name=_Task__status_icon et value=led_grey_icon.
2026-02-19 18:29:33,127 [DEBUG] taskcoachlib.domain.task.task: Task.__setattr__ : utilise la méthode super avec name=_Task__status_source et value=No actual start date.
2026-02-19 18:29:33,132 [DEBUG] taskcoachlib.domain.task.task: Task.__setattr__ : utilise la méthode super avec name=_Task__status et value=inactive.
2026-02-19 18:29:33,132 [INFO] taskcoachlib.gui.viewer.container: ViewerContainer.__getattr__ retourne l'attribut <bound method Viewer.curselection of <taskcoachlib.gui.viewer.task.TaskViewer object at 0x7f260a5c62a0>> avec l'ancienne méthode !
2026-02-19 18:29:33,133 [INFO] taskcoachlib.gui.viewer.container: ViewerContainer.__getattr__ retourne l'attribut <bound method Viewer.curselection of <taskcoachlib.gui.viewer.task.TaskViewer object at 0x7f260a5c62a0>> avec l'ancienne méthode !
2026-02-19 18:29:33,133 [INFO] taskcoachlib.gui.viewer.container: ViewerContainer.__getattr__ retourne l'attribut <bound method Viewer.curselection of <taskcoachlib.gui.viewer.task.TaskViewer object at 0x7f260a5c62a0>> avec l'ancienne méthode !
2026-02-19 18:29:33,133 [DEBUG] taskcoachlib.domain.base.object: CompositeObject.subject : retourne le sujet de Task id=27ccbecc-6084-11e5-9f59-f07bcb8b1707 : Travailler sur mon Livre sur Ma Façon de Mixer.
2026-02-19 18:29:33,135 [DEBUG] taskcoachlib.domain.base.object: CompositeObject.subject : retourne le sujet de Task id=27ccbecc-6084-11e5-9f59-f07bcb8b1707 : Travailler sur mon Livre sur Ma Façon de Mixer.
2026-02-19 18:29:33,136 [DEBUG] taskcoachlib.domain.base.object: CompositeObject.subject : retourne le sujet de Task id=27ccbecc-6084-11e5-9f59-f07bcb8b1707 : Travailler sur mon Livre sur Ma Façon de Mixer.
2026-02-19 18:29:33,138 [DEBUG] taskcoachlib.domain.base.object: CompositeObject.subject : retourne le sujet de Task id=27ccbecc-6084-11e5-9f59-f07bcb8b1707 : Travailler sur mon Livre sur Ma Façon de Mixer.
2026-02-19 18:29:33,139 [DEBUG] taskcoachlib.domain.base.object: CompositeObject.subject : retourne le sujet de Task id=27ccbecc-6084-11e5-9f59-f07bcb8b1707 : Travailler sur mon Livre sur Ma Façon de Mixer.
2026-02-19 18:29:34,127 [DEBUG] taskcoachlib.domain.task.task: Task.__setattr__ : utilise la méthode super avec name=_Task__computed_status et value=inactive.
2026-02-19 18:29:34,127 [DEBUG] taskcoachlib.domain.task.task: Task.__setattr__ : utilise la méthode super avec name=_Task__status_text et value=Inactive.
2026-02-19 18:29:34,127 [DEBUG] taskcoachlib.domain.task.task: Task.__setattr__ : utilise la méthode super avec name=_Task__status_icon et value=led_grey_icon.
2026-02-19 18:29:34,127 [DEBUG] taskcoachlib.domain.task.task: Task.__setattr__ : utilise la méthode super avec name=_Task__status_source et value=No actual start date.
2026-02-19 18:29:34,132 [DEBUG] taskcoachlib.domain.task.task: Task.__setattr__ : utilise la méthode super avec name=_Task__status et value=inactive.
2026-02-19 18:29:34,133 [INFO] taskcoachlib.gui.viewer.container: ViewerContainer.__getattr__ retourne l'attribut <bound method Viewer.curselection of <taskcoachlib.gui.viewer.task.TaskViewer object at 0x7f260a5c62a0>> avec l'ancienne méthode !
2026-02-19 18:29:34,133 [INFO] taskcoachlib.gui.viewer.container: ViewerContainer.__getattr__ retourne l'attribut <bound method Viewer.curselection of <taskcoachlib.gui.viewer.task.TaskViewer object at 0x7f260a5c62a0>> avec l'ancienne méthode !
2026-02-19 18:29:34,133 [INFO] taskcoachlib.gui.viewer.container: ViewerContainer.__getattr__ retourne l'attribut <bound method Viewer.curselection of <taskcoachlib.gui.viewer.task.TaskViewer object at 0x7f260a5c62a0>> avec l'ancienne méthode !
2026-02-19 18:29:34,134 [DEBUG] taskcoachlib.domain.base.object: CompositeObject.subject : retourne le sujet de Task id=27ccbecc-6084-11e5-9f59-f07bcb8b1707 : Travailler sur mon Livre sur Ma Façon de Mixer.
2026-02-19 18:29:34,135 [DEBUG] taskcoachlib.domain.base.object: CompositeObject.subject : retourne le sujet de Task id=27ccbecc-6084-11e5-9f59-f07bcb8b1707 : Travailler sur mon Livre sur Ma Façon de Mixer.
2026-02-19 18:29:34,136 [DEBUG] taskcoachlib.domain.base.object: CompositeObject.subject : retourne le sujet de Task id=27ccbecc-6084-11e5-9f59-f07bcb8b1707 : Travailler sur mon Livre sur Ma Façon de Mixer.
2026-02-19 18:29:34,138 [DEBUG] taskcoachlib.domain.base.object: CompositeObject.subject : retourne le sujet de Task id=27ccbecc-6084-11e5-9f59-f07bcb8b1707 : Travailler sur mon Livre sur Ma Façon de Mixer.
2026-02-19 18:29:34,139 [DEBUG] taskcoachlib.domain.base.object: CompositeObject.subject : retourne le sujet de Task id=27ccbecc-6084-11e5-9f59-f07bcb8b1707 : Travailler sur mon Livre sur Ma Façon de Mixer.
2026-02-19 18:29:35,127 [DEBUG] taskcoachlib.domain.task.task: Task.__setattr__ : utilise la méthode super avec name=_Task__computed_status et value=inactive.
2026-02-19 18:29:35,127 [DEBUG] taskcoachlib.domain.task.task: Task.__setattr__ : utilise la méthode super avec name=_Task__status_text et value=Inactive.
2026-02-19 18:29:35,128 [DEBUG] taskcoachlib.domain.task.task: Task.__setattr__ : utilise la méthode super avec name=_Task__status_icon et value=led_grey_icon.
2026-02-19 18:29:35,128 [DEBUG] taskcoachlib.domain.task.task: Task.__setattr__ : utilise la méthode super avec name=_Task__status_source et value=No actual start date.
2026-02-19 18:29:35,137 [DEBUG] taskcoachlib.domain.task.task: Task.__setattr__ : utilise la méthode super avec name=_Task__status et value=inactive.
2026-02-19 18:29:35,137 [INFO] taskcoachlib.gui.viewer.container: ViewerContainer.__getattr__ retourne l'attribut <bound method Viewer.curselection of <taskcoachlib.gui.viewer.task.TaskViewer object at 0x7f260a5c62a0>> avec l'ancienne méthode !
2026-02-19 18:29:35,138 [INFO] taskcoachlib.gui.viewer.container: ViewerContainer.__getattr__ retourne l'attribut <bound method Viewer.curselection of <taskcoachlib.gui.viewer.task.TaskViewer object at 0x7f260a5c62a0>> avec l'ancienne méthode !
2026-02-19 18:29:35,138 [INFO] taskcoachlib.gui.viewer.container: ViewerContainer.__getattr__ retourne l'attribut <bound method Viewer.curselection of <taskcoachlib.gui.viewer.task.TaskViewer object at 0x7f260a5c62a0>> avec l'ancienne méthode !
2026-02-19 18:29:35,138 [DEBUG] taskcoachlib.domain.base.object: CompositeObject.subject : retourne le sujet de Task id=27ccbecc-6084-11e5-9f59-f07bcb8b1707 : Travailler sur mon Livre sur Ma Façon de Mixer.
2026-02-19 18:29:35,140 [DEBUG] taskcoachlib.domain.base.object: CompositeObject.subject : retourne le sujet de Task id=27ccbecc-6084-11e5-9f59-f07bcb8b1707 : Travailler sur mon Livre sur Ma Façon de Mixer.
2026-02-19 18:29:35,141 [DEBUG] taskcoachlib.domain.base.object: CompositeObject.subject : retourne le sujet de Task id=27ccbecc-6084-11e5-9f59-f07bcb8b1707 : Travailler sur mon Livre sur Ma Façon de Mixer.
2026-02-19 18:29:35,143 [DEBUG] taskcoachlib.domain.base.object: CompositeObject.subject : retourne le sujet de Task id=27ccbecc-6084-11e5-9f59-f07bcb8b1707 : Travailler sur mon Livre sur Ma Façon de Mixer.
2026-02-19 18:29:35,145 [DEBUG] taskcoachlib.domain.base.object: CompositeObject.subject : retourne le sujet de Task id=27ccbecc-6084-11e5-9f59-f07bcb8b1707 : Travailler sur mon Livre sur Ma Façon de Mixer.
2026-02-19 18:29:36,127 [DEBUG] taskcoachlib.domain.task.task: Task.__setattr__ : utilise la méthode super avec name=_Task__computed_status et value=inactive.
2026-02-19 18:29:36,128 [DEBUG] taskcoachlib.domain.task.task: Task.__setattr__ : utilise la méthode super avec name=_Task__status_text et value=Inactive.
2026-02-19 18:29:36,128 [DEBUG] taskcoachlib.domain.task.task: Task.__setattr__ : utilise la méthode super avec name=_Task__status_icon et value=led_grey_icon.
2026-02-19 18:29:36,128 [DEBUG] taskcoachlib.domain.task.task: Task.__setattr__ : utilise la méthode super avec name=_Task__status_source et value=No actual start date.
2026-02-19 18:29:36,131 [DEBUG] taskcoachlib.domain.task.task: Task.__setattr__ : utilise la méthode super avec name=_Task__status et value=inactive.
2026-02-19 18:29:36,131 [INFO] taskcoachlib.gui.viewer.container: ViewerContainer.__getattr__ retourne l'attribut <bound method Viewer.curselection of <taskcoachlib.gui.viewer.task.TaskViewer object at 0x7f260a5c62a0>> avec l'ancienne méthode !
2026-02-19 18:29:36,132 [INFO] taskcoachlib.gui.viewer.container: ViewerContainer.__getattr__ retourne l'attribut <bound method Viewer.curselection of <taskcoachlib.gui.viewer.task.TaskViewer object at 0x7f260a5c62a0>> avec l'ancienne méthode !
2026-02-19 18:29:36,132 [INFO] taskcoachlib.gui.viewer.container: ViewerContainer.__getattr__ retourne l'attribut <bound method Viewer.curselection of <taskcoachlib.gui.viewer.task.TaskViewer object at 0x7f260a5c62a0>> avec l'ancienne méthode !
2026-02-19 18:29:36,132 [DEBUG] taskcoachlib.domain.base.object: CompositeObject.subject : retourne le sujet de Task id=27ccbecc-6084-11e5-9f59-f07bcb8b1707 : Travailler sur mon Livre sur Ma Façon de Mixer.
2026-02-19 18:29:36,133 [DEBUG] taskcoachlib.domain.base.object: CompositeObject.subject : retourne le sujet de Task id=27ccbecc-6084-11e5-9f59-f07bcb8b1707 : Travailler sur mon Livre sur Ma Façon de Mixer.
2026-02-19 18:29:36,135 [DEBUG] taskcoachlib.domain.base.object: CompositeObject.subject : retourne le sujet de Task id=27ccbecc-6084-11e5-9f59-f07bcb8b1707 : Travailler sur mon Livre sur Ma Façon de Mixer.
2026-02-19 18:29:36,137 [DEBUG] taskcoachlib.domain.base.object: CompositeObject.subject : retourne le sujet de Task id=27ccbecc-6084-11e5-9f59-f07bcb8b1707 : Travailler sur mon Livre sur Ma Façon de Mixer.
2026-02-19 18:29:36,138 [DEBUG] taskcoachlib.domain.base.object: CompositeObject.subject : retourne le sujet de Task id=27ccbecc-6084-11e5-9f59-f07bcb8b1707 : Travailler sur mon Livre sur Ma Façon de Mixer.
2026-02-19 18:29:37,128 [DEBUG] taskcoachlib.domain.task.task: Task.__setattr__ : utilise la méthode super avec name=_Task__computed_status et value=inactive.
2026-02-19 18:29:37,128 [DEBUG] taskcoachlib.domain.task.task: Task.__setattr__ : utilise la méthode super avec name=_Task__status_text et value=Inactive.
2026-02-19 18:29:37,128 [DEBUG] taskcoachlib.domain.task.task: Task.__setattr__ : utilise la méthode super avec name=_Task__status_icon et value=led_grey_icon.
2026-02-19 18:29:37,128 [DEBUG] taskcoachlib.domain.task.task: Task.__setattr__ : utilise la méthode super avec name=_Task__status_source et value=No actual start date.
2026-02-19 18:29:37,133 [DEBUG] taskcoachlib.domain.task.task: Task.__setattr__ : utilise la méthode super avec name=_Task__status et value=inactive.
2026-02-19 18:29:37,133 [INFO] taskcoachlib.gui.viewer.container: ViewerContainer.__getattr__ retourne l'attribut <bound method Viewer.curselection of <taskcoachlib.gui.viewer.task.TaskViewer object at 0x7f260a5c62a0>> avec l'ancienne méthode !
2026-02-19 18:29:37,134 [INFO] taskcoachlib.gui.viewer.container: ViewerContainer.__getattr__ retourne l'attribut <bound method Viewer.curselection of <taskcoachlib.gui.viewer.task.TaskViewer object at 0x7f260a5c62a0>> avec l'ancienne méthode !
2026-02-19 18:29:37,134 [INFO] taskcoachlib.gui.viewer.container: ViewerContainer.__getattr__ retourne l'attribut <bound method Viewer.curselection of <taskcoachlib.gui.viewer.task.TaskViewer object at 0x7f260a5c62a0>> avec l'ancienne méthode !
2026-02-19 18:29:37,134 [DEBUG] taskcoachlib.domain.base.object: CompositeObject.subject : retourne le sujet de Task id=27ccbecc-6084-11e5-9f59-f07bcb8b1707 : Travailler sur mon Livre sur Ma Façon de Mixer.
2026-02-19 18:29:37,136 [DEBUG] taskcoachlib.domain.base.object: CompositeObject.subject : retourne le sujet de Task id=27ccbecc-6084-11e5-9f59-f07bcb8b1707 : Travailler sur mon Livre sur Ma Façon de Mixer.
2026-02-19 18:29:37,137 [DEBUG] taskcoachlib.domain.base.object: CompositeObject.subject : retourne le sujet de Task id=27ccbecc-6084-11e5-9f59-f07bcb8b1707 : Travailler sur mon Livre sur Ma Façon de Mixer.
2026-02-19 18:29:37,138 [DEBUG] taskcoachlib.domain.base.object: CompositeObject.subject : retourne le sujet de Task id=27ccbecc-6084-11e5-9f59-f07bcb8b1707 : Travailler sur mon Livre sur Ma Façon de Mixer.
2026-02-19 18:29:37,140 [DEBUG] taskcoachlib.domain.base.object: CompositeObject.subject : retourne le sujet de Task id=27ccbecc-6084-11e5-9f59-f07bcb8b1707 : Travailler sur mon Livre sur Ma Façon de Mixer.
2026-02-19 18:29:38,128 [DEBUG] taskcoachlib.domain.task.task: Task.__setattr__ : utilise la méthode super avec name=_Task__computed_status et value=inactive.
2026-02-19 18:29:38,128 [DEBUG] taskcoachlib.domain.task.task: Task.__setattr__ : utilise la méthode super avec name=_Task__status_text et value=Inactive.
2026-02-19 18:29:38,128 [DEBUG] taskcoachlib.domain.task.task: Task.__setattr__ : utilise la méthode super avec name=_Task__status_icon et value=led_grey_icon.
2026-02-19 18:29:38,129 [DEBUG] taskcoachlib.domain.task.task: Task.__setattr__ : utilise la méthode super avec name=_Task__status_source et value=No actual start date.
2026-02-19 18:29:38,133 [DEBUG] taskcoachlib.domain.task.task: Task.__setattr__ : utilise la méthode super avec name=_Task__status et value=inactive.
2026-02-19 18:29:38,133 [INFO] taskcoachlib.gui.viewer.container: ViewerContainer.__getattr__ retourne l'attribut <bound method Viewer.curselection of <taskcoachlib.gui.viewer.task.TaskViewer object at 0x7f260a5c62a0>> avec l'ancienne méthode !
2026-02-19 18:29:38,133 [INFO] taskcoachlib.gui.viewer.container: ViewerContainer.__getattr__ retourne l'attribut <bound method Viewer.curselection of <taskcoachlib.gui.viewer.task.TaskViewer object at 0x7f260a5c62a0>> avec l'ancienne méthode !
2026-02-19 18:29:38,134 [INFO] taskcoachlib.gui.viewer.container: ViewerContainer.__getattr__ retourne l'attribut <bound method Viewer.curselection of <taskcoachlib.gui.viewer.task.TaskViewer object at 0x7f260a5c62a0>> avec l'ancienne méthode !
2026-02-19 18:29:38,134 [DEBUG] taskcoachlib.domain.base.object: CompositeObject.subject : retourne le sujet de Task id=27ccbecc-6084-11e5-9f59-f07bcb8b1707 : Travailler sur mon Livre sur Ma Façon de Mixer.
2026-02-19 18:29:38,135 [DEBUG] taskcoachlib.domain.base.object: CompositeObject.subject : retourne le sujet de Task id=27ccbecc-6084-11e5-9f59-f07bcb8b1707 : Travailler sur mon Livre sur Ma Façon de Mixer.
2026-02-19 18:29:38,136 [DEBUG] taskcoachlib.domain.base.object: CompositeObject.subject : retourne le sujet de Task id=27ccbecc-6084-11e5-9f59-f07bcb8b1707 : Travailler sur mon Livre sur Ma Façon de Mixer.
2026-02-19 18:29:38,137 [DEBUG] taskcoachlib.domain.base.object: CompositeObject.subject : retourne le sujet de Task id=27ccbecc-6084-11e5-9f59-f07bcb8b1707 : Travailler sur mon Livre sur Ma Façon de Mixer.
2026-02-19 18:29:38,139 [DEBUG] taskcoachlib.domain.base.object: CompositeObject.subject : retourne le sujet de Task id=27ccbecc-6084-11e5-9f59-f07bcb8b1707 : Travailler sur mon Livre sur Ma Façon de Mixer.
2026-02-19 18:29:39,128 [DEBUG] taskcoachlib.domain.task.task: Task.__setattr__ : utilise la méthode super avec name=_Task__computed_status et value=inactive.
2026-02-19 18:29:39,128 [DEBUG] taskcoachlib.domain.task.task: Task.__setattr__ : utilise la méthode super avec name=_Task__status_text et value=Inactive.
2026-02-19 18:29:39,128 [DEBUG] taskcoachlib.domain.task.task: Task.__setattr__ : utilise la méthode super avec name=_Task__status_icon et value=led_grey_icon.
2026-02-19 18:29:39,129 [DEBUG] taskcoachlib.domain.task.task: Task.__setattr__ : utilise la méthode super avec name=_Task__status_source et value=No actual start date.
2026-02-19 18:29:39,133 [DEBUG] taskcoachlib.domain.task.task: Task.__setattr__ : utilise la méthode super avec name=_Task__status et value=inactive.
2026-02-19 18:29:39,133 [INFO] taskcoachlib.gui.viewer.container: ViewerContainer.__getattr__ retourne l'attribut <bound method Viewer.curselection of <taskcoachlib.gui.viewer.task.TaskViewer object at 0x7f260a5c62a0>> avec l'ancienne méthode !
2026-02-19 18:29:39,133 [INFO] taskcoachlib.gui.viewer.container: ViewerContainer.__getattr__ retourne l'attribut <bound method Viewer.curselection of <taskcoachlib.gui.viewer.task.TaskViewer object at 0x7f260a5c62a0>> avec l'ancienne méthode !
2026-02-19 18:29:39,133 [INFO] taskcoachlib.gui.viewer.container: ViewerContainer.__getattr__ retourne l'attribut <bound method Viewer.curselection of <taskcoachlib.gui.viewer.task.TaskViewer object at 0x7f260a5c62a0>> avec l'ancienne méthode !
2026-02-19 18:29:39,134 [DEBUG] taskcoachlib.domain.base.object: CompositeObject.subject : retourne le sujet de Task id=27ccbecc-6084-11e5-9f59-f07bcb8b1707 : Travailler sur mon Livre sur Ma Façon de Mixer.
2026-02-19 18:29:39,135 [DEBUG] taskcoachlib.domain.base.object: CompositeObject.subject : retourne le sujet de Task id=27ccbecc-6084-11e5-9f59-f07bcb8b1707 : Travailler sur mon Livre sur Ma Façon de Mixer.
2026-02-19 18:29:39,136 [DEBUG] taskcoachlib.domain.base.object: CompositeObject.subject : retourne le sujet de Task id=27ccbecc-6084-11e5-9f59-f07bcb8b1707 : Travailler sur mon Livre sur Ma Façon de Mixer.
2026-02-19 18:29:39,137 [DEBUG] taskcoachlib.domain.base.object: CompositeObject.subject : retourne le sujet de Task id=27ccbecc-6084-11e5-9f59-f07bcb8b1707 : Travailler sur mon Livre sur Ma Façon de Mixer.
2026-02-19 18:29:39,139 [DEBUG] taskcoachlib.domain.base.object: CompositeObject.subject : retourne le sujet de Task id=27ccbecc-6084-11e5-9f59-f07bcb8b1707 : Travailler sur mon Livre sur Ma Façon de Mixer.
2026-02-19 18:29:40,128 [DEBUG] taskcoachlib.domain.task.task: Task.__setattr__ : utilise la méthode super avec name=_Task__computed_status et value=inactive.
2026-02-19 18:29:40,129 [DEBUG] taskcoachlib.domain.task.task: Task.__setattr__ : utilise la méthode super avec name=_Task__status_text et value=Inactive.
2026-02-19 18:29:40,129 [DEBUG] taskcoachlib.domain.task.task: Task.__setattr__ : utilise la méthode super avec name=_Task__status_icon et value=led_grey_icon.
2026-02-19 18:29:40,129 [DEBUG] taskcoachlib.domain.task.task: Task.__setattr__ : utilise la méthode super avec name=_Task__status_source et value=No actual start date.
2026-02-19 18:29:40,134 [DEBUG] taskcoachlib.domain.task.task: Task.__setattr__ : utilise la méthode super avec name=_Task__status et value=inactive.
2026-02-19 18:29:40,134 [INFO] taskcoachlib.gui.viewer.container: ViewerContainer.__getattr__ retourne l'attribut <bound method Viewer.curselection of <taskcoachlib.gui.viewer.task.TaskViewer object at 0x7f260a5c62a0>> avec l'ancienne méthode !
2026-02-19 18:29:40,134 [INFO] taskcoachlib.gui.viewer.container: ViewerContainer.__getattr__ retourne l'attribut <bound method Viewer.curselection of <taskcoachlib.gui.viewer.task.TaskViewer object at 0x7f260a5c62a0>> avec l'ancienne méthode !
2026-02-19 18:29:40,135 [INFO] taskcoachlib.gui.viewer.container: ViewerContainer.__getattr__ retourne l'attribut <bound method Viewer.curselection of <taskcoachlib.gui.viewer.task.TaskViewer object at 0x7f260a5c62a0>> avec l'ancienne méthode !
2026-02-19 18:29:40,135 [DEBUG] taskcoachlib.domain.base.object: CompositeObject.subject : retourne le sujet de Task id=27ccbecc-6084-11e5-9f59-f07bcb8b1707 : Travailler sur mon Livre sur Ma Façon de Mixer.
2026-02-19 18:29:40,137 [DEBUG] taskcoachlib.domain.base.object: CompositeObject.subject : retourne le sujet de Task id=27ccbecc-6084-11e5-9f59-f07bcb8b1707 : Travailler sur mon Livre sur Ma Façon de Mixer.
2026-02-19 18:29:40,138 [DEBUG] taskcoachlib.domain.base.object: CompositeObject.subject : retourne le sujet de Task id=27ccbecc-6084-11e5-9f59-f07bcb8b1707 : Travailler sur mon Livre sur Ma Façon de Mixer.
2026-02-19 18:29:40,139 [DEBUG] taskcoachlib.domain.base.object: CompositeObject.subject : retourne le sujet de Task id=27ccbecc-6084-11e5-9f59-f07bcb8b1707 : Travailler sur mon Livre sur Ma Façon de Mixer.
2026-02-19 18:29:40,141 [DEBUG] taskcoachlib.domain.base.object: CompositeObject.subject : retourne le sujet de Task id=27ccbecc-6084-11e5-9f59-f07bcb8b1707 : Travailler sur mon Livre sur Ma Façon de Mixer.
2026-02-19 18:29:41,129 [DEBUG] taskcoachlib.domain.task.task: Task.__setattr__ : utilise la méthode super avec name=_Task__computed_status et value=inactive.
2026-02-19 18:29:41,129 [DEBUG] taskcoachlib.domain.task.task: Task.__setattr__ : utilise la méthode super avec name=_Task__status_text et value=Inactive.
2026-02-19 18:29:41,129 [DEBUG] taskcoachlib.domain.task.task: Task.__setattr__ : utilise la méthode super avec name=_Task__status_icon et value=led_grey_icon.
2026-02-19 18:29:41,129 [DEBUG] taskcoachlib.domain.task.task: Task.__setattr__ : utilise la méthode super avec name=_Task__status_source et value=No actual start date.
2026-02-19 18:29:41,133 [DEBUG] taskcoachlib.domain.task.task: Task.__setattr__ : utilise la méthode super avec name=_Task__status et value=inactive.
2026-02-19 18:29:41,133 [INFO] taskcoachlib.gui.viewer.container: ViewerContainer.__getattr__ retourne l'attribut <bound method Viewer.curselection of <taskcoachlib.gui.viewer.task.TaskViewer object at 0x7f260a5c62a0>> avec l'ancienne méthode !
2026-02-19 18:29:41,134 [INFO] taskcoachlib.gui.viewer.container: ViewerContainer.__getattr__ retourne l'attribut <bound method Viewer.curselection of <taskcoachlib.gui.viewer.task.TaskViewer object at 0x7f260a5c62a0>> avec l'ancienne méthode !
2026-02-19 18:29:41,134 [INFO] taskcoachlib.gui.viewer.container: ViewerContainer.__getattr__ retourne l'attribut <bound method Viewer.curselection of <taskcoachlib.gui.viewer.task.TaskViewer object at 0x7f260a5c62a0>> avec l'ancienne méthode !
2026-02-19 18:29:41,134 [DEBUG] taskcoachlib.domain.base.object: CompositeObject.subject : retourne le sujet de Task id=27ccbecc-6084-11e5-9f59-f07bcb8b1707 : Travailler sur mon Livre sur Ma Façon de Mixer.
2026-02-19 18:29:41,135 [DEBUG] taskcoachlib.domain.base.object: CompositeObject.subject : retourne le sujet de Task id=27ccbecc-6084-11e5-9f59-f07bcb8b1707 : Travailler sur mon Livre sur Ma Façon de Mixer.
2026-02-19 18:29:41,143 [DEBUG] taskcoachlib.domain.base.object: CompositeObject.subject : retourne le sujet de Task id=27ccbecc-6084-11e5-9f59-f07bcb8b1707 : Travailler sur mon Livre sur Ma Façon de Mixer.
2026-02-19 18:29:41,145 [DEBUG] taskcoachlib.domain.base.object: CompositeObject.subject : retourne le sujet de Task id=27ccbecc-6084-11e5-9f59-f07bcb8b1707 : Travailler sur mon Livre sur Ma Façon de Mixer.
2026-02-19 18:29:41,153 [DEBUG] taskcoachlib.domain.base.object: CompositeObject.subject : retourne le sujet de Task id=27ccbecc-6084-11e5-9f59-f07bcb8b1707 : Travailler sur mon Livre sur Ma Façon de Mixer.
2026-02-19 18:29:42,131 [DEBUG] taskcoachlib.domain.task.task: Task.__setattr__ : utilise la méthode super avec name=_Task__computed_status et value=inactive.
2026-02-19 18:29:42,132 [DEBUG] taskcoachlib.domain.task.task: Task.__setattr__ : utilise la méthode super avec name=_Task__status_text et value=Inactive.
2026-02-19 18:29:42,133 [DEBUG] taskcoachlib.domain.task.task: Task.__setattr__ : utilise la méthode super avec name=_Task__status_icon et value=led_grey_icon.
2026-02-19 18:29:42,133 [DEBUG] taskcoachlib.domain.task.task: Task.__setattr__ : utilise la méthode super avec name=_Task__status_source et value=No actual start date.
2026-02-19 18:29:42,143 [DEBUG] taskcoachlib.domain.task.task: Task.__setattr__ : utilise la méthode super avec name=_Task__status et value=inactive.
2026-02-19 18:29:42,146 [INFO] taskcoachlib.gui.viewer.container: ViewerContainer.__getattr__ retourne l'attribut <bound method Viewer.curselection of <taskcoachlib.gui.viewer.task.TaskViewer object at 0x7f260a5c62a0>> avec l'ancienne méthode !
2026-02-19 18:29:42,148 [INFO] taskcoachlib.gui.viewer.container: ViewerContainer.__getattr__ retourne l'attribut <bound method Viewer.curselection of <taskcoachlib.gui.viewer.task.TaskViewer object at 0x7f260a5c62a0>> avec l'ancienne méthode !
2026-02-19 18:29:42,149 [INFO] taskcoachlib.gui.viewer.container: ViewerContainer.__getattr__ retourne l'attribut <bound method Viewer.curselection of <taskcoachlib.gui.viewer.task.TaskViewer object at 0x7f260a5c62a0>> avec l'ancienne méthode !
2026-02-19 18:29:42,149 [DEBUG] taskcoachlib.domain.base.object: CompositeObject.subject : retourne le sujet de Task id=27ccbecc-6084-11e5-9f59-f07bcb8b1707 : Travailler sur mon Livre sur Ma Façon de Mixer.
2026-02-19 18:29:42,154 [DEBUG] taskcoachlib.domain.base.object: CompositeObject.subject : retourne le sujet de Task id=27ccbecc-6084-11e5-9f59-f07bcb8b1707 : Travailler sur mon Livre sur Ma Façon de Mixer.
2026-02-19 18:29:42,155 [DEBUG] taskcoachlib.domain.base.object: CompositeObject.subject : retourne le sujet de Task id=27ccbecc-6084-11e5-9f59-f07bcb8b1707 : Travailler sur mon Livre sur Ma Façon de Mixer.
2026-02-19 18:29:42,158 [DEBUG] taskcoachlib.domain.base.object: CompositeObject.subject : retourne le sujet de Task id=27ccbecc-6084-11e5-9f59-f07bcb8b1707 : Travailler sur mon Livre sur Ma Façon de Mixer.
2026-02-19 18:29:42,159 [DEBUG] taskcoachlib.domain.base.object: CompositeObject.subject : retourne le sujet de Task id=27ccbecc-6084-11e5-9f59-f07bcb8b1707 : Travailler sur mon Livre sur Ma Façon de Mixer.
2026-02-19 18:29:43,132 [DEBUG] taskcoachlib.domain.task.task: Task.__setattr__ : utilise la méthode super avec name=_Task__computed_status et value=inactive.
2026-02-19 18:29:43,132 [DEBUG] taskcoachlib.domain.task.task: Task.__setattr__ : utilise la méthode super avec name=_Task__status_text et value=Inactive.
2026-02-19 18:29:43,132 [DEBUG] taskcoachlib.domain.task.task: Task.__setattr__ : utilise la méthode super avec name=_Task__status_icon et value=led_grey_icon.
2026-02-19 18:29:43,132 [DEBUG] taskcoachlib.domain.task.task: Task.__setattr__ : utilise la méthode super avec name=_Task__status_source et value=No actual start date.
2026-02-19 18:29:43,138 [DEBUG] taskcoachlib.domain.task.task: Task.__setattr__ : utilise la méthode super avec name=_Task__status et value=inactive.
2026-02-19 18:29:43,139 [INFO] taskcoachlib.gui.viewer.container: ViewerContainer.__getattr__ retourne l'attribut <bound method Viewer.curselection of <taskcoachlib.gui.viewer.task.TaskViewer object at 0x7f260a5c62a0>> avec l'ancienne méthode !
2026-02-19 18:29:43,139 [INFO] taskcoachlib.gui.viewer.container: ViewerContainer.__getattr__ retourne l'attribut <bound method Viewer.curselection of <taskcoachlib.gui.viewer.task.TaskViewer object at 0x7f260a5c62a0>> avec l'ancienne méthode !
2026-02-19 18:29:43,139 [INFO] taskcoachlib.gui.viewer.container: ViewerContainer.__getattr__ retourne l'attribut <bound method Viewer.curselection of <taskcoachlib.gui.viewer.task.TaskViewer object at 0x7f260a5c62a0>> avec l'ancienne méthode !
2026-02-19 18:29:43,140 [DEBUG] taskcoachlib.domain.base.object: CompositeObject.subject : retourne le sujet de Task id=27ccbecc-6084-11e5-9f59-f07bcb8b1707 : Travailler sur mon Livre sur Ma Façon de Mixer.
2026-02-19 18:29:43,141 [DEBUG] taskcoachlib.domain.base.object: CompositeObject.subject : retourne le sujet de Task id=27ccbecc-6084-11e5-9f59-f07bcb8b1707 : Travailler sur mon Livre sur Ma Façon de Mixer.
2026-02-19 18:29:43,142 [DEBUG] taskcoachlib.domain.base.object: CompositeObject.subject : retourne le sujet de Task id=27ccbecc-6084-11e5-9f59-f07bcb8b1707 : Travailler sur mon Livre sur Ma Façon de Mixer.
2026-02-19 18:29:43,143 [DEBUG] taskcoachlib.domain.base.object: CompositeObject.subject : retourne le sujet de Task id=27ccbecc-6084-11e5-9f59-f07bcb8b1707 : Travailler sur mon Livre sur Ma Façon de Mixer.
2026-02-19 18:29:43,145 [DEBUG] taskcoachlib.domain.base.object: CompositeObject.subject : retourne le sujet de Task id=27ccbecc-6084-11e5-9f59-f07bcb8b1707 : Travailler sur mon Livre sur Ma Façon de Mixer.
2026-02-19 18:29:44,132 [DEBUG] taskcoachlib.domain.task.task: Task.__setattr__ : utilise la méthode super avec name=_Task__computed_status et value=inactive.
2026-02-19 18:29:44,132 [DEBUG] taskcoachlib.domain.task.task: Task.__setattr__ : utilise la méthode super avec name=_Task__status_text et value=Inactive.
2026-02-19 18:29:44,133 [DEBUG] taskcoachlib.domain.task.task: Task.__setattr__ : utilise la méthode super avec name=_Task__status_icon et value=led_grey_icon.
2026-02-19 18:29:44,133 [DEBUG] taskcoachlib.domain.task.task: Task.__setattr__ : utilise la méthode super avec name=_Task__status_source et value=No actual start date.
2026-02-19 18:29:44,137 [DEBUG] taskcoachlib.domain.task.task: Task.__setattr__ : utilise la méthode super avec name=_Task__status et value=inactive.
2026-02-19 18:29:44,137 [INFO] taskcoachlib.gui.viewer.container: ViewerContainer.__getattr__ retourne l'attribut <bound method Viewer.curselection of <taskcoachlib.gui.viewer.task.TaskViewer object at 0x7f260a5c62a0>> avec l'ancienne méthode !
2026-02-19 18:29:44,137 [INFO] taskcoachlib.gui.viewer.container: ViewerContainer.__getattr__ retourne l'attribut <bound method Viewer.curselection of <taskcoachlib.gui.viewer.task.TaskViewer object at 0x7f260a5c62a0>> avec l'ancienne méthode !
2026-02-19 18:29:44,137 [INFO] taskcoachlib.gui.viewer.container: ViewerContainer.__getattr__ retourne l'attribut <bound method Viewer.curselection of <taskcoachlib.gui.viewer.task.TaskViewer object at 0x7f260a5c62a0>> avec l'ancienne méthode !
2026-02-19 18:29:44,137 [DEBUG] taskcoachlib.domain.base.object: CompositeObject.subject : retourne le sujet de Task id=27ccbecc-6084-11e5-9f59-f07bcb8b1707 : Travailler sur mon Livre sur Ma Façon de Mixer.
2026-02-19 18:29:44,138 [DEBUG] taskcoachlib.domain.base.object: CompositeObject.subject : retourne le sujet de Task id=27ccbecc-6084-11e5-9f59-f07bcb8b1707 : Travailler sur mon Livre sur Ma Façon de Mixer.
2026-02-19 18:29:44,139 [DEBUG] taskcoachlib.domain.base.object: CompositeObject.subject : retourne le sujet de Task id=27ccbecc-6084-11e5-9f59-f07bcb8b1707 : Travailler sur mon Livre sur Ma Façon de Mixer.
2026-02-19 18:29:44,140 [DEBUG] taskcoachlib.domain.base.object: CompositeObject.subject : retourne le sujet de Task id=27ccbecc-6084-11e5-9f59-f07bcb8b1707 : Travailler sur mon Livre sur Ma Façon de Mixer.
2026-02-19 18:29:44,141 [DEBUG] taskcoachlib.domain.base.object: CompositeObject.subject : retourne le sujet de Task id=27ccbecc-6084-11e5-9f59-f07bcb8b1707 : Travailler sur mon Livre sur Ma Façon de Mixer.
2026-02-19 18:29:45,132 [DEBUG] taskcoachlib.domain.task.task: Task.__setattr__ : utilise la méthode super avec name=_Task__computed_status et value=inactive.
2026-02-19 18:29:45,133 [DEBUG] taskcoachlib.domain.task.task: Task.__setattr__ : utilise la méthode super avec name=_Task__status_text et value=Inactive.
2026-02-19 18:29:45,133 [DEBUG] taskcoachlib.domain.task.task: Task.__setattr__ : utilise la méthode super avec name=_Task__status_icon et value=led_grey_icon.
2026-02-19 18:29:45,133 [DEBUG] taskcoachlib.domain.task.task: Task.__setattr__ : utilise la méthode super avec name=_Task__status_source et value=No actual start date.
2026-02-19 18:29:45,137 [DEBUG] taskcoachlib.domain.task.task: Task.__setattr__ : utilise la méthode super avec name=_Task__status et value=inactive.
2026-02-19 18:29:45,137 [INFO] taskcoachlib.gui.viewer.container: ViewerContainer.__getattr__ retourne l'attribut <bound method Viewer.curselection of <taskcoachlib.gui.viewer.task.TaskViewer object at 0x7f260a5c62a0>> avec l'ancienne méthode !
2026-02-19 18:29:45,137 [INFO] taskcoachlib.gui.viewer.container: ViewerContainer.__getattr__ retourne l'attribut <bound method Viewer.curselection of <taskcoachlib.gui.viewer.task.TaskViewer object at 0x7f260a5c62a0>> avec l'ancienne méthode !
2026-02-19 18:29:45,137 [INFO] taskcoachlib.gui.viewer.container: ViewerContainer.__getattr__ retourne l'attribut <bound method Viewer.curselection of <taskcoachlib.gui.viewer.task.TaskViewer object at 0x7f260a5c62a0>> avec l'ancienne méthode !
2026-02-19 18:29:45,138 [DEBUG] taskcoachlib.domain.base.object: CompositeObject.subject : retourne le sujet de Task id=27ccbecc-6084-11e5-9f59-f07bcb8b1707 : Travailler sur mon Livre sur Ma Façon de Mixer.
2026-02-19 18:29:45,138 [DEBUG] taskcoachlib.domain.base.object: CompositeObject.subject : retourne le sujet de Task id=27ccbecc-6084-11e5-9f59-f07bcb8b1707 : Travailler sur mon Livre sur Ma Façon de Mixer.
2026-02-19 18:29:45,139 [DEBUG] taskcoachlib.domain.base.object: CompositeObject.subject : retourne le sujet de Task id=27ccbecc-6084-11e5-9f59-f07bcb8b1707 : Travailler sur mon Livre sur Ma Façon de Mixer.
2026-02-19 18:29:45,139 [DEBUG] taskcoachlib.domain.base.object: CompositeObject.subject : retourne le sujet de Task id=27ccbecc-6084-11e5-9f59-f07bcb8b1707 : Travailler sur mon Livre sur Ma Façon de Mixer.
2026-02-19 18:29:45,140 [DEBUG] taskcoachlib.domain.base.object: CompositeObject.subject : retourne le sujet de Task id=27ccbecc-6084-11e5-9f59-f07bcb8b1707 : Travailler sur mon Livre sur Ma Façon de Mixer.
2026-02-19 18:29:46,133 [DEBUG] taskcoachlib.domain.task.task: Task.__setattr__ : utilise la méthode super avec name=_Task__computed_status et value=inactive.
2026-02-19 18:29:46,133 [DEBUG] taskcoachlib.domain.task.task: Task.__setattr__ : utilise la méthode super avec name=_Task__status_text et value=Inactive.
2026-02-19 18:29:46,133 [DEBUG] taskcoachlib.domain.task.task: Task.__setattr__ : utilise la méthode super avec name=_Task__status_icon et value=led_grey_icon.
2026-02-19 18:29:46,133 [DEBUG] taskcoachlib.domain.task.task: Task.__setattr__ : utilise la méthode super avec name=_Task__status_source et value=No actual start date.
2026-02-19 18:29:46,137 [DEBUG] taskcoachlib.domain.task.task: Task.__setattr__ : utilise la méthode super avec name=_Task__status et value=inactive.
2026-02-19 18:29:46,137 [INFO] taskcoachlib.gui.viewer.container: ViewerContainer.__getattr__ retourne l'attribut <bound method Viewer.curselection of <taskcoachlib.gui.viewer.task.TaskViewer object at 0x7f260a5c62a0>> avec l'ancienne méthode !
2026-02-19 18:29:46,137 [INFO] taskcoachlib.gui.viewer.container: ViewerContainer.__getattr__ retourne l'attribut <bound method Viewer.curselection of <taskcoachlib.gui.viewer.task.TaskViewer object at 0x7f260a5c62a0>> avec l'ancienne méthode !
2026-02-19 18:29:46,137 [INFO] taskcoachlib.gui.viewer.container: ViewerContainer.__getattr__ retourne l'attribut <bound method Viewer.curselection of <taskcoachlib.gui.viewer.task.TaskViewer object at 0x7f260a5c62a0>> avec l'ancienne méthode !
2026-02-19 18:29:46,137 [DEBUG] taskcoachlib.domain.base.object: CompositeObject.subject : retourne le sujet de Task id=27ccbecc-6084-11e5-9f59-f07bcb8b1707 : Travailler sur mon Livre sur Ma Façon de Mixer.
2026-02-19 18:29:46,138 [DEBUG] taskcoachlib.domain.base.object: CompositeObject.subject : retourne le sujet de Task id=27ccbecc-6084-11e5-9f59-f07bcb8b1707 : Travailler sur mon Livre sur Ma Façon de Mixer.
2026-02-19 18:29:46,139 [DEBUG] taskcoachlib.domain.base.object: CompositeObject.subject : retourne le sujet de Task id=27ccbecc-6084-11e5-9f59-f07bcb8b1707 : Travailler sur mon Livre sur Ma Façon de Mixer.
2026-02-19 18:29:46,139 [DEBUG] taskcoachlib.domain.base.object: CompositeObject.subject : retourne le sujet de Task id=27ccbecc-6084-11e5-9f59-f07bcb8b1707 : Travailler sur mon Livre sur Ma Façon de Mixer.
2026-02-19 18:29:46,140 [DEBUG] taskcoachlib.domain.base.object: CompositeObject.subject : retourne le sujet de Task id=27ccbecc-6084-11e5-9f59-f07bcb8b1707 : Travailler sur mon Livre sur Ma Façon de Mixer.
2026-02-19 18:29:47,133 [DEBUG] taskcoachlib.domain.task.task: Task.__setattr__ : utilise la méthode super avec name=_Task__computed_status et value=inactive.
2026-02-19 18:29:47,134 [DEBUG] taskcoachlib.domain.task.task: Task.__setattr__ : utilise la méthode super avec name=_Task__status_text et value=Inactive.
2026-02-19 18:29:47,134 [DEBUG] taskcoachlib.domain.task.task: Task.__setattr__ : utilise la méthode super avec name=_Task__status_icon et value=led_grey_icon.
2026-02-19 18:29:47,134 [DEBUG] taskcoachlib.domain.task.task: Task.__setattr__ : utilise la méthode super avec name=_Task__status_source et value=No actual start date.
2026-02-19 18:29:47,139 [DEBUG] taskcoachlib.domain.task.task: Task.__setattr__ : utilise la méthode super avec name=_Task__status et value=inactive.
2026-02-19 18:29:47,139 [INFO] taskcoachlib.gui.viewer.container: ViewerContainer.__getattr__ retourne l'attribut <bound method Viewer.curselection of <taskcoachlib.gui.viewer.task.TaskViewer object at 0x7f260a5c62a0>> avec l'ancienne méthode !
2026-02-19 18:29:47,140 [INFO] taskcoachlib.gui.viewer.container: ViewerContainer.__getattr__ retourne l'attribut <bound method Viewer.curselection of <taskcoachlib.gui.viewer.task.TaskViewer object at 0x7f260a5c62a0>> avec l'ancienne méthode !
2026-02-19 18:29:47,140 [INFO] taskcoachlib.gui.viewer.container: ViewerContainer.__getattr__ retourne l'attribut <bound method Viewer.curselection of <taskcoachlib.gui.viewer.task.TaskViewer object at 0x7f260a5c62a0>> avec l'ancienne méthode !
2026-02-19 18:29:47,140 [DEBUG] taskcoachlib.domain.base.object: CompositeObject.subject : retourne le sujet de Task id=27ccbecc-6084-11e5-9f59-f07bcb8b1707 : Travailler sur mon Livre sur Ma Façon de Mixer.
2026-02-19 18:29:47,141 [DEBUG] taskcoachlib.domain.base.object: CompositeObject.subject : retourne le sujet de Task id=27ccbecc-6084-11e5-9f59-f07bcb8b1707 : Travailler sur mon Livre sur Ma Façon de Mixer.
2026-02-19 18:29:47,143 [DEBUG] taskcoachlib.domain.base.object: CompositeObject.subject : retourne le sujet de Task id=27ccbecc-6084-11e5-9f59-f07bcb8b1707 : Travailler sur mon Livre sur Ma Façon de Mixer.
2026-02-19 18:29:47,144 [DEBUG] taskcoachlib.domain.base.object: CompositeObject.subject : retourne le sujet de Task id=27ccbecc-6084-11e5-9f59-f07bcb8b1707 : Travailler sur mon Livre sur Ma Façon de Mixer.
2026-02-19 18:29:47,145 [DEBUG] taskcoachlib.domain.base.object: CompositeObject.subject : retourne le sujet de Task id=27ccbecc-6084-11e5-9f59-f07bcb8b1707 : Travailler sur mon Livre sur Ma Façon de Mixer.
2026-02-19 18:29:48,133 [DEBUG] taskcoachlib.domain.task.task: Task.__setattr__ : utilise la méthode super avec name=_Task__computed_status et value=inactive.
2026-02-19 18:29:48,134 [DEBUG] taskcoachlib.domain.task.task: Task.__setattr__ : utilise la méthode super avec name=_Task__status_text et value=Inactive.
2026-02-19 18:29:48,134 [DEBUG] taskcoachlib.domain.task.task: Task.__setattr__ : utilise la méthode super avec name=_Task__status_icon et value=led_grey_icon.
2026-02-19 18:29:48,134 [DEBUG] taskcoachlib.domain.task.task: Task.__setattr__ : utilise la méthode super avec name=_Task__status_source et value=No actual start date.
2026-02-19 18:29:48,138 [DEBUG] taskcoachlib.domain.task.task: Task.__setattr__ : utilise la méthode super avec name=_Task__status et value=inactive.
2026-02-19 18:29:48,139 [INFO] taskcoachlib.gui.viewer.container: ViewerContainer.__getattr__ retourne l'attribut <bound method Viewer.curselection of <taskcoachlib.gui.viewer.task.TaskViewer object at 0x7f260a5c62a0>> avec l'ancienne méthode !
2026-02-19 18:29:48,139 [INFO] taskcoachlib.gui.viewer.container: ViewerContainer.__getattr__ retourne l'attribut <bound method Viewer.curselection of <taskcoachlib.gui.viewer.task.TaskViewer object at 0x7f260a5c62a0>> avec l'ancienne méthode !
2026-02-19 18:29:48,139 [INFO] taskcoachlib.gui.viewer.container: ViewerContainer.__getattr__ retourne l'attribut <bound method Viewer.curselection of <taskcoachlib.gui.viewer.task.TaskViewer object at 0x7f260a5c62a0>> avec l'ancienne méthode !
2026-02-19 18:29:48,140 [DEBUG] taskcoachlib.domain.base.object: CompositeObject.subject : retourne le sujet de Task id=27ccbecc-6084-11e5-9f59-f07bcb8b1707 : Travailler sur mon Livre sur Ma Façon de Mixer.
2026-02-19 18:29:48,141 [DEBUG] taskcoachlib.domain.base.object: CompositeObject.subject : retourne le sujet de Task id=27ccbecc-6084-11e5-9f59-f07bcb8b1707 : Travailler sur mon Livre sur Ma Façon de Mixer.
2026-02-19 18:29:48,142 [DEBUG] taskcoachlib.domain.base.object: CompositeObject.subject : retourne le sujet de Task id=27ccbecc-6084-11e5-9f59-f07bcb8b1707 : Travailler sur mon Livre sur Ma Façon de Mixer.
2026-02-19 18:29:48,143 [DEBUG] taskcoachlib.domain.base.object: CompositeObject.subject : retourne le sujet de Task id=27ccbecc-6084-11e5-9f59-f07bcb8b1707 : Travailler sur mon Livre sur Ma Façon de Mixer.
2026-02-19 18:29:48,144 [DEBUG] taskcoachlib.domain.base.object: CompositeObject.subject : retourne le sujet de Task id=27ccbecc-6084-11e5-9f59-f07bcb8b1707 : Travailler sur mon Livre sur Ma Façon de Mixer.
2026-02-19 18:29:49,134 [DEBUG] taskcoachlib.domain.task.task: Task.__setattr__ : utilise la méthode super avec name=_Task__computed_status et value=inactive.
2026-02-19 18:29:49,134 [DEBUG] taskcoachlib.domain.task.task: Task.__setattr__ : utilise la méthode super avec name=_Task__status_text et value=Inactive.
2026-02-19 18:29:49,134 [DEBUG] taskcoachlib.domain.task.task: Task.__setattr__ : utilise la méthode super avec name=_Task__status_icon et value=led_grey_icon.
2026-02-19 18:29:49,134 [DEBUG] taskcoachlib.domain.task.task: Task.__setattr__ : utilise la méthode super avec name=_Task__status_source et value=No actual start date.
2026-02-19 18:29:49,137 [DEBUG] taskcoachlib.domain.task.task: Task.__setattr__ : utilise la méthode super avec name=_Task__status et value=inactive.
2026-02-19 18:29:49,137 [INFO] taskcoachlib.gui.viewer.container: ViewerContainer.__getattr__ retourne l'attribut <bound method Viewer.curselection of <taskcoachlib.gui.viewer.task.TaskViewer object at 0x7f260a5c62a0>> avec l'ancienne méthode !
2026-02-19 18:29:49,138 [INFO] taskcoachlib.gui.viewer.container: ViewerContainer.__getattr__ retourne l'attribut <bound method Viewer.curselection of <taskcoachlib.gui.viewer.task.TaskViewer object at 0x7f260a5c62a0>> avec l'ancienne méthode !
2026-02-19 18:29:49,138 [INFO] taskcoachlib.gui.viewer.container: ViewerContainer.__getattr__ retourne l'attribut <bound method Viewer.curselection of <taskcoachlib.gui.viewer.task.TaskViewer object at 0x7f260a5c62a0>> avec l'ancienne méthode !
2026-02-19 18:29:49,138 [DEBUG] taskcoachlib.domain.base.object: CompositeObject.subject : retourne le sujet de Task id=27ccbecc-6084-11e5-9f59-f07bcb8b1707 : Travailler sur mon Livre sur Ma Façon de Mixer.
2026-02-19 18:29:49,139 [DEBUG] taskcoachlib.domain.base.object: CompositeObject.subject : retourne le sujet de Task id=27ccbecc-6084-11e5-9f59-f07bcb8b1707 : Travailler sur mon Livre sur Ma Façon de Mixer.
2026-02-19 18:29:49,140 [DEBUG] taskcoachlib.domain.base.object: CompositeObject.subject : retourne le sujet de Task id=27ccbecc-6084-11e5-9f59-f07bcb8b1707 : Travailler sur mon Livre sur Ma Façon de Mixer.
2026-02-19 18:29:49,141 [DEBUG] taskcoachlib.domain.base.object: CompositeObject.subject : retourne le sujet de Task id=27ccbecc-6084-11e5-9f59-f07bcb8b1707 : Travailler sur mon Livre sur Ma Façon de Mixer.
2026-02-19 18:29:49,142 [DEBUG] taskcoachlib.domain.base.object: CompositeObject.subject : retourne le sujet de Task id=27ccbecc-6084-11e5-9f59-f07bcb8b1707 : Travailler sur mon Livre sur Ma Façon de Mixer.
2026-02-19 18:29:50,134 [DEBUG] taskcoachlib.domain.task.task: Task.__setattr__ : utilise la méthode super avec name=_Task__computed_status et value=inactive.
2026-02-19 18:29:50,134 [DEBUG] taskcoachlib.domain.task.task: Task.__setattr__ : utilise la méthode super avec name=_Task__status_text et value=Inactive.
2026-02-19 18:29:50,135 [DEBUG] taskcoachlib.domain.task.task: Task.__setattr__ : utilise la méthode super avec name=_Task__status_icon et value=led_grey_icon.
2026-02-19 18:29:50,135 [DEBUG] taskcoachlib.domain.task.task: Task.__setattr__ : utilise la méthode super avec name=_Task__status_source et value=No actual start date.
2026-02-19 18:29:50,138 [DEBUG] taskcoachlib.domain.task.task: Task.__setattr__ : utilise la méthode super avec name=_Task__status et value=inactive.
2026-02-19 18:29:50,139 [INFO] taskcoachlib.gui.viewer.container: ViewerContainer.__getattr__ retourne l'attribut <bound method Viewer.curselection of <taskcoachlib.gui.viewer.task.TaskViewer object at 0x7f260a5c62a0>> avec l'ancienne méthode !
2026-02-19 18:29:50,139 [INFO] taskcoachlib.gui.viewer.container: ViewerContainer.__getattr__ retourne l'attribut <bound method Viewer.curselection of <taskcoachlib.gui.viewer.task.TaskViewer object at 0x7f260a5c62a0>> avec l'ancienne méthode !
2026-02-19 18:29:50,139 [INFO] taskcoachlib.gui.viewer.container: ViewerContainer.__getattr__ retourne l'attribut <bound method Viewer.curselection of <taskcoachlib.gui.viewer.task.TaskViewer object at 0x7f260a5c62a0>> avec l'ancienne méthode !
2026-02-19 18:29:50,139 [DEBUG] taskcoachlib.domain.base.object: CompositeObject.subject : retourne le sujet de Task id=27ccbecc-6084-11e5-9f59-f07bcb8b1707 : Travailler sur mon Livre sur Ma Façon de Mixer.
2026-02-19 18:29:50,140 [DEBUG] taskcoachlib.domain.base.object: CompositeObject.subject : retourne le sujet de Task id=27ccbecc-6084-11e5-9f59-f07bcb8b1707 : Travailler sur mon Livre sur Ma Façon de Mixer.
2026-02-19 18:29:50,140 [DEBUG] taskcoachlib.domain.base.object: CompositeObject.subject : retourne le sujet de Task id=27ccbecc-6084-11e5-9f59-f07bcb8b1707 : Travailler sur mon Livre sur Ma Façon de Mixer.
2026-02-19 18:29:50,141 [DEBUG] taskcoachlib.domain.base.object: CompositeObject.subject : retourne le sujet de Task id=27ccbecc-6084-11e5-9f59-f07bcb8b1707 : Travailler sur mon Livre sur Ma Façon de Mixer.
2026-02-19 18:29:50,141 [DEBUG] taskcoachlib.domain.base.object: CompositeObject.subject : retourne le sujet de Task id=27ccbecc-6084-11e5-9f59-f07bcb8b1707 : Travailler sur mon Livre sur Ma Façon de Mixer.
2026-02-19 18:29:51,135 [DEBUG] taskcoachlib.domain.task.task: Task.__setattr__ : utilise la méthode super avec name=_Task__computed_status et value=inactive.
2026-02-19 18:29:51,135 [DEBUG] taskcoachlib.domain.task.task: Task.__setattr__ : utilise la méthode super avec name=_Task__status_text et value=Inactive.
2026-02-19 18:29:51,135 [DEBUG] taskcoachlib.domain.task.task: Task.__setattr__ : utilise la méthode super avec name=_Task__status_icon et value=led_grey_icon.
2026-02-19 18:29:51,135 [DEBUG] taskcoachlib.domain.task.task: Task.__setattr__ : utilise la méthode super avec name=_Task__status_source et value=No actual start date.
2026-02-19 18:29:51,140 [DEBUG] taskcoachlib.domain.task.task: Task.__setattr__ : utilise la méthode super avec name=_Task__status et value=inactive.
2026-02-19 18:29:51,140 [INFO] taskcoachlib.gui.viewer.container: ViewerContainer.__getattr__ retourne l'attribut <bound method Viewer.curselection of <taskcoachlib.gui.viewer.task.TaskViewer object at 0x7f260a5c62a0>> avec l'ancienne méthode !
2026-02-19 18:29:51,140 [INFO] taskcoachlib.gui.viewer.container: ViewerContainer.__getattr__ retourne l'attribut <bound method Viewer.curselection of <taskcoachlib.gui.viewer.task.TaskViewer object at 0x7f260a5c62a0>> avec l'ancienne méthode !
2026-02-19 18:29:51,140 [INFO] taskcoachlib.gui.viewer.container: ViewerContainer.__getattr__ retourne l'attribut <bound method Viewer.curselection of <taskcoachlib.gui.viewer.task.TaskViewer object at 0x7f260a5c62a0>> avec l'ancienne méthode !
2026-02-19 18:29:51,141 [DEBUG] taskcoachlib.domain.base.object: CompositeObject.subject : retourne le sujet de Task id=27ccbecc-6084-11e5-9f59-f07bcb8b1707 : Travailler sur mon Livre sur Ma Façon de Mixer.
2026-02-19 18:29:51,142 [DEBUG] taskcoachlib.domain.base.object: CompositeObject.subject : retourne le sujet de Task id=27ccbecc-6084-11e5-9f59-f07bcb8b1707 : Travailler sur mon Livre sur Ma Façon de Mixer.
2026-02-19 18:29:51,143 [DEBUG] taskcoachlib.domain.base.object: CompositeObject.subject : retourne le sujet de Task id=27ccbecc-6084-11e5-9f59-f07bcb8b1707 : Travailler sur mon Livre sur Ma Façon de Mixer.
2026-02-19 18:29:51,144 [DEBUG] taskcoachlib.domain.base.object: CompositeObject.subject : retourne le sujet de Task id=27ccbecc-6084-11e5-9f59-f07bcb8b1707 : Travailler sur mon Livre sur Ma Façon de Mixer.
2026-02-19 18:29:51,145 [DEBUG] taskcoachlib.domain.base.object: CompositeObject.subject : retourne le sujet de Task id=27ccbecc-6084-11e5-9f59-f07bcb8b1707 : Travailler sur mon Livre sur Ma Façon de Mixer.
2026-02-19 18:29:52,135 [DEBUG] taskcoachlib.domain.task.task: Task.__setattr__ : utilise la méthode super avec name=_Task__computed_status et value=inactive.
2026-02-19 18:29:52,135 [DEBUG] taskcoachlib.domain.task.task: Task.__setattr__ : utilise la méthode super avec name=_Task__status_text et value=Inactive.
2026-02-19 18:29:52,135 [DEBUG] taskcoachlib.domain.task.task: Task.__setattr__ : utilise la méthode super avec name=_Task__status_icon et value=led_grey_icon.
2026-02-19 18:29:52,136 [DEBUG] taskcoachlib.domain.task.task: Task.__setattr__ : utilise la méthode super avec name=_Task__status_source et value=No actual start date.
2026-02-19 18:29:52,140 [DEBUG] taskcoachlib.domain.task.task: Task.__setattr__ : utilise la méthode super avec name=_Task__status et value=inactive.
2026-02-19 18:29:52,140 [INFO] taskcoachlib.gui.viewer.container: ViewerContainer.__getattr__ retourne l'attribut <bound method Viewer.curselection of <taskcoachlib.gui.viewer.task.TaskViewer object at 0x7f260a5c62a0>> avec l'ancienne méthode !
2026-02-19 18:29:52,141 [INFO] taskcoachlib.gui.viewer.container: ViewerContainer.__getattr__ retourne l'attribut <bound method Viewer.curselection of <taskcoachlib.gui.viewer.task.TaskViewer object at 0x7f260a5c62a0>> avec l'ancienne méthode !
2026-02-19 18:29:52,141 [INFO] taskcoachlib.gui.viewer.container: ViewerContainer.__getattr__ retourne l'attribut <bound method Viewer.curselection of <taskcoachlib.gui.viewer.task.TaskViewer object at 0x7f260a5c62a0>> avec l'ancienne méthode !
2026-02-19 18:29:52,141 [DEBUG] taskcoachlib.domain.base.object: CompositeObject.subject : retourne le sujet de Task id=27ccbecc-6084-11e5-9f59-f07bcb8b1707 : Travailler sur mon Livre sur Ma Façon de Mixer.
2026-02-19 18:29:52,142 [DEBUG] taskcoachlib.domain.base.object: CompositeObject.subject : retourne le sujet de Task id=27ccbecc-6084-11e5-9f59-f07bcb8b1707 : Travailler sur mon Livre sur Ma Façon de Mixer.
2026-02-19 18:29:52,143 [DEBUG] taskcoachlib.domain.base.object: CompositeObject.subject : retourne le sujet de Task id=27ccbecc-6084-11e5-9f59-f07bcb8b1707 : Travailler sur mon Livre sur Ma Façon de Mixer.
2026-02-19 18:29:52,145 [DEBUG] taskcoachlib.domain.base.object: CompositeObject.subject : retourne le sujet de Task id=27ccbecc-6084-11e5-9f59-f07bcb8b1707 : Travailler sur mon Livre sur Ma Façon de Mixer.
2026-02-19 18:29:52,146 [DEBUG] taskcoachlib.domain.base.object: CompositeObject.subject : retourne le sujet de Task id=27ccbecc-6084-11e5-9f59-f07bcb8b1707 : Travailler sur mon Livre sur Ma Façon de Mixer.
2026-02-19 18:29:53,135 [DEBUG] taskcoachlib.domain.task.task: Task.__setattr__ : utilise la méthode super avec name=_Task__computed_status et value=inactive.
2026-02-19 18:29:53,136 [DEBUG] taskcoachlib.domain.task.task: Task.__setattr__ : utilise la méthode super avec name=_Task__status_text et value=Inactive.
2026-02-19 18:29:53,136 [DEBUG] taskcoachlib.domain.task.task: Task.__setattr__ : utilise la méthode super avec name=_Task__status_icon et value=led_grey_icon.
2026-02-19 18:29:53,136 [DEBUG] taskcoachlib.domain.task.task: Task.__setattr__ : utilise la méthode super avec name=_Task__status_source et value=No actual start date.
2026-02-19 18:29:53,140 [DEBUG] taskcoachlib.domain.task.task: Task.__setattr__ : utilise la méthode super avec name=_Task__status et value=inactive.
2026-02-19 18:29:53,140 [INFO] taskcoachlib.gui.viewer.container: ViewerContainer.__getattr__ retourne l'attribut <bound method Viewer.curselection of <taskcoachlib.gui.viewer.task.TaskViewer object at 0x7f260a5c62a0>> avec l'ancienne méthode !
2026-02-19 18:29:53,141 [INFO] taskcoachlib.gui.viewer.container: ViewerContainer.__getattr__ retourne l'attribut <bound method Viewer.curselection of <taskcoachlib.gui.viewer.task.TaskViewer object at 0x7f260a5c62a0>> avec l'ancienne méthode !
2026-02-19 18:29:53,141 [INFO] taskcoachlib.gui.viewer.container: ViewerContainer.__getattr__ retourne l'attribut <bound method Viewer.curselection of <taskcoachlib.gui.viewer.task.TaskViewer object at 0x7f260a5c62a0>> avec l'ancienne méthode !
2026-02-19 18:29:53,141 [DEBUG] taskcoachlib.domain.base.object: CompositeObject.subject : retourne le sujet de Task id=27ccbecc-6084-11e5-9f59-f07bcb8b1707 : Travailler sur mon Livre sur Ma Façon de Mixer.
2026-02-19 18:29:53,143 [DEBUG] taskcoachlib.domain.base.object: CompositeObject.subject : retourne le sujet de Task id=27ccbecc-6084-11e5-9f59-f07bcb8b1707 : Travailler sur mon Livre sur Ma Façon de Mixer.
2026-02-19 18:29:53,144 [DEBUG] taskcoachlib.domain.base.object: CompositeObject.subject : retourne le sujet de Task id=27ccbecc-6084-11e5-9f59-f07bcb8b1707 : Travailler sur mon Livre sur Ma Façon de Mixer.
2026-02-19 18:29:53,145 [DEBUG] taskcoachlib.domain.base.object: CompositeObject.subject : retourne le sujet de Task id=27ccbecc-6084-11e5-9f59-f07bcb8b1707 : Travailler sur mon Livre sur Ma Façon de Mixer.
2026-02-19 18:29:53,146 [DEBUG] taskcoachlib.domain.base.object: CompositeObject.subject : retourne le sujet de Task id=27ccbecc-6084-11e5-9f59-f07bcb8b1707 : Travailler sur mon Livre sur Ma Façon de Mixer.
2026-02-19 18:29:54,136 [DEBUG] taskcoachlib.domain.task.task: Task.__setattr__ : utilise la méthode super avec name=_Task__computed_status et value=inactive.
2026-02-19 18:29:54,136 [DEBUG] taskcoachlib.domain.task.task: Task.__setattr__ : utilise la méthode super avec name=_Task__status_text et value=Inactive.
2026-02-19 18:29:54,136 [DEBUG] taskcoachlib.domain.task.task: Task.__setattr__ : utilise la méthode super avec name=_Task__status_icon et value=led_grey_icon.
2026-02-19 18:29:54,136 [DEBUG] taskcoachlib.domain.task.task: Task.__setattr__ : utilise la méthode super avec name=_Task__status_source et value=No actual start date.
2026-02-19 18:29:54,141 [DEBUG] taskcoachlib.domain.task.task: Task.__setattr__ : utilise la méthode super avec name=_Task__status et value=inactive.
2026-02-19 18:29:54,141 [INFO] taskcoachlib.gui.viewer.container: ViewerContainer.__getattr__ retourne l'attribut <bound method Viewer.curselection of <taskcoachlib.gui.viewer.task.TaskViewer object at 0x7f260a5c62a0>> avec l'ancienne méthode !
2026-02-19 18:29:54,141 [INFO] taskcoachlib.gui.viewer.container: ViewerContainer.__getattr__ retourne l'attribut <bound method Viewer.curselection of <taskcoachlib.gui.viewer.task.TaskViewer object at 0x7f260a5c62a0>> avec l'ancienne méthode !
2026-02-19 18:29:54,142 [INFO] taskcoachlib.gui.viewer.container: ViewerContainer.__getattr__ retourne l'attribut <bound method Viewer.curselection of <taskcoachlib.gui.viewer.task.TaskViewer object at 0x7f260a5c62a0>> avec l'ancienne méthode !
2026-02-19 18:29:54,142 [DEBUG] taskcoachlib.domain.base.object: CompositeObject.subject : retourne le sujet de Task id=27ccbecc-6084-11e5-9f59-f07bcb8b1707 : Travailler sur mon Livre sur Ma Façon de Mixer.
2026-02-19 18:29:54,143 [DEBUG] taskcoachlib.domain.base.object: CompositeObject.subject : retourne le sujet de Task id=27ccbecc-6084-11e5-9f59-f07bcb8b1707 : Travailler sur mon Livre sur Ma Façon de Mixer.
2026-02-19 18:29:54,144 [DEBUG] taskcoachlib.domain.base.object: CompositeObject.subject : retourne le sujet de Task id=27ccbecc-6084-11e5-9f59-f07bcb8b1707 : Travailler sur mon Livre sur Ma Façon de Mixer.
2026-02-19 18:29:54,146 [DEBUG] taskcoachlib.domain.base.object: CompositeObject.subject : retourne le sujet de Task id=27ccbecc-6084-11e5-9f59-f07bcb8b1707 : Travailler sur mon Livre sur Ma Façon de Mixer.
2026-02-19 18:29:54,147 [DEBUG] taskcoachlib.domain.base.object: CompositeObject.subject : retourne le sujet de Task id=27ccbecc-6084-11e5-9f59-f07bcb8b1707 : Travailler sur mon Livre sur Ma Façon de Mixer.
2026-02-19 18:29:55,136 [DEBUG] taskcoachlib.domain.task.task: Task.__setattr__ : utilise la méthode super avec name=_Task__computed_status et value=inactive.
2026-02-19 18:29:55,136 [DEBUG] taskcoachlib.domain.task.task: Task.__setattr__ : utilise la méthode super avec name=_Task__status_text et value=Inactive.
2026-02-19 18:29:55,136 [DEBUG] taskcoachlib.domain.task.task: Task.__setattr__ : utilise la méthode super avec name=_Task__status_icon et value=led_grey_icon.
2026-02-19 18:29:55,137 [DEBUG] taskcoachlib.domain.task.task: Task.__setattr__ : utilise la méthode super avec name=_Task__status_source et value=No actual start date.
2026-02-19 18:29:55,141 [DEBUG] taskcoachlib.domain.task.task: Task.__setattr__ : utilise la méthode super avec name=_Task__status et value=inactive.
2026-02-19 18:29:55,141 [INFO] taskcoachlib.gui.viewer.container: ViewerContainer.__getattr__ retourne l'attribut <bound method Viewer.curselection of <taskcoachlib.gui.viewer.task.TaskViewer object at 0x7f260a5c62a0>> avec l'ancienne méthode !
2026-02-19 18:29:55,142 [INFO] taskcoachlib.gui.viewer.container: ViewerContainer.__getattr__ retourne l'attribut <bound method Viewer.curselection of <taskcoachlib.gui.viewer.task.TaskViewer object at 0x7f260a5c62a0>> avec l'ancienne méthode !
2026-02-19 18:29:55,142 [INFO] taskcoachlib.gui.viewer.container: ViewerContainer.__getattr__ retourne l'attribut <bound method Viewer.curselection of <taskcoachlib.gui.viewer.task.TaskViewer object at 0x7f260a5c62a0>> avec l'ancienne méthode !
2026-02-19 18:29:55,142 [DEBUG] taskcoachlib.domain.base.object: CompositeObject.subject : retourne le sujet de Task id=27ccbecc-6084-11e5-9f59-f07bcb8b1707 : Travailler sur mon Livre sur Ma Façon de Mixer.
2026-02-19 18:29:55,144 [DEBUG] taskcoachlib.domain.base.object: CompositeObject.subject : retourne le sujet de Task id=27ccbecc-6084-11e5-9f59-f07bcb8b1707 : Travailler sur mon Livre sur Ma Façon de Mixer.
2026-02-19 18:29:55,144 [DEBUG] taskcoachlib.domain.base.object: CompositeObject.subject : retourne le sujet de Task id=27ccbecc-6084-11e5-9f59-f07bcb8b1707 : Travailler sur mon Livre sur Ma Façon de Mixer.
2026-02-19 18:29:55,145 [DEBUG] taskcoachlib.domain.base.object: CompositeObject.subject : retourne le sujet de Task id=27ccbecc-6084-11e5-9f59-f07bcb8b1707 : Travailler sur mon Livre sur Ma Façon de Mixer.
2026-02-19 18:29:55,146 [DEBUG] taskcoachlib.domain.base.object: CompositeObject.subject : retourne le sujet de Task id=27ccbecc-6084-11e5-9f59-f07bcb8b1707 : Travailler sur mon Livre sur Ma Façon de Mixer.
2026-02-19 18:29:56,136 [DEBUG] taskcoachlib.domain.task.task: Task.__setattr__ : utilise la méthode super avec name=_Task__computed_status et value=inactive.
2026-02-19 18:29:56,137 [DEBUG] taskcoachlib.domain.task.task: Task.__setattr__ : utilise la méthode super avec name=_Task__status_text et value=Inactive.
2026-02-19 18:29:56,137 [DEBUG] taskcoachlib.domain.task.task: Task.__setattr__ : utilise la méthode super avec name=_Task__status_icon et value=led_grey_icon.
2026-02-19 18:29:56,137 [DEBUG] taskcoachlib.domain.task.task: Task.__setattr__ : utilise la méthode super avec name=_Task__status_source et value=No actual start date.
2026-02-19 18:29:56,140 [DEBUG] taskcoachlib.domain.task.task: Task.__setattr__ : utilise la méthode super avec name=_Task__status et value=inactive.
2026-02-19 18:29:56,141 [INFO] taskcoachlib.gui.viewer.container: ViewerContainer.__getattr__ retourne l'attribut <bound method Viewer.curselection of <taskcoachlib.gui.viewer.task.TaskViewer object at 0x7f260a5c62a0>> avec l'ancienne méthode !
2026-02-19 18:29:56,141 [INFO] taskcoachlib.gui.viewer.container: ViewerContainer.__getattr__ retourne l'attribut <bound method Viewer.curselection of <taskcoachlib.gui.viewer.task.TaskViewer object at 0x7f260a5c62a0>> avec l'ancienne méthode !
2026-02-19 18:29:56,141 [INFO] taskcoachlib.gui.viewer.container: ViewerContainer.__getattr__ retourne l'attribut <bound method Viewer.curselection of <taskcoachlib.gui.viewer.task.TaskViewer object at 0x7f260a5c62a0>> avec l'ancienne méthode !
2026-02-19 18:29:56,141 [DEBUG] taskcoachlib.domain.base.object: CompositeObject.subject : retourne le sujet de Task id=27ccbecc-6084-11e5-9f59-f07bcb8b1707 : Travailler sur mon Livre sur Ma Façon de Mixer.
2026-02-19 18:29:56,143 [DEBUG] taskcoachlib.domain.base.object: CompositeObject.subject : retourne le sujet de Task id=27ccbecc-6084-11e5-9f59-f07bcb8b1707 : Travailler sur mon Livre sur Ma Façon de Mixer.
2026-02-19 18:29:56,144 [DEBUG] taskcoachlib.domain.base.object: CompositeObject.subject : retourne le sujet de Task id=27ccbecc-6084-11e5-9f59-f07bcb8b1707 : Travailler sur mon Livre sur Ma Façon de Mixer.
2026-02-19 18:29:56,145 [DEBUG] taskcoachlib.domain.base.object: CompositeObject.subject : retourne le sujet de Task id=27ccbecc-6084-11e5-9f59-f07bcb8b1707 : Travailler sur mon Livre sur Ma Façon de Mixer.
2026-02-19 18:29:56,146 [DEBUG] taskcoachlib.domain.base.object: CompositeObject.subject : retourne le sujet de Task id=27ccbecc-6084-11e5-9f59-f07bcb8b1707 : Travailler sur mon Livre sur Ma Façon de Mixer.
2026-02-19 18:29:57,137 [DEBUG] taskcoachlib.domain.task.task: Task.__setattr__ : utilise la méthode super avec name=_Task__computed_status et value=inactive.
2026-02-19 18:29:57,137 [DEBUG] taskcoachlib.domain.task.task: Task.__setattr__ : utilise la méthode super avec name=_Task__status_text et value=Inactive.
2026-02-19 18:29:57,137 [DEBUG] taskcoachlib.domain.task.task: Task.__setattr__ : utilise la méthode super avec name=_Task__status_icon et value=led_grey_icon.
2026-02-19 18:29:57,137 [DEBUG] taskcoachlib.domain.task.task: Task.__setattr__ : utilise la méthode super avec name=_Task__status_source et value=No actual start date.
2026-02-19 18:29:57,142 [DEBUG] taskcoachlib.domain.task.task: Task.__setattr__ : utilise la méthode super avec name=_Task__status et value=inactive.
2026-02-19 18:29:57,143 [INFO] taskcoachlib.gui.viewer.container: ViewerContainer.__getattr__ retourne l'attribut <bound method Viewer.curselection of <taskcoachlib.gui.viewer.task.TaskViewer object at 0x7f260a5c62a0>> avec l'ancienne méthode !
2026-02-19 18:29:57,143 [INFO] taskcoachlib.gui.viewer.container: ViewerContainer.__getattr__ retourne l'attribut <bound method Viewer.curselection of <taskcoachlib.gui.viewer.task.TaskViewer object at 0x7f260a5c62a0>> avec l'ancienne méthode !
2026-02-19 18:29:57,143 [INFO] taskcoachlib.gui.viewer.container: ViewerContainer.__getattr__ retourne l'attribut <bound method Viewer.curselection of <taskcoachlib.gui.viewer.task.TaskViewer object at 0x7f260a5c62a0>> avec l'ancienne méthode !
2026-02-19 18:29:57,144 [DEBUG] taskcoachlib.domain.base.object: CompositeObject.subject : retourne le sujet de Task id=27ccbecc-6084-11e5-9f59-f07bcb8b1707 : Travailler sur mon Livre sur Ma Façon de Mixer.
2026-02-19 18:29:57,145 [DEBUG] taskcoachlib.domain.base.object: CompositeObject.subject : retourne le sujet de Task id=27ccbecc-6084-11e5-9f59-f07bcb8b1707 : Travailler sur mon Livre sur Ma Façon de Mixer.
2026-02-19 18:29:57,147 [DEBUG] taskcoachlib.domain.base.object: CompositeObject.subject : retourne le sujet de Task id=27ccbecc-6084-11e5-9f59-f07bcb8b1707 : Travailler sur mon Livre sur Ma Façon de Mixer.
2026-02-19 18:29:57,148 [DEBUG] taskcoachlib.domain.base.object: CompositeObject.subject : retourne le sujet de Task id=27ccbecc-6084-11e5-9f59-f07bcb8b1707 : Travailler sur mon Livre sur Ma Façon de Mixer.
2026-02-19 18:29:57,149 [DEBUG] taskcoachlib.domain.base.object: CompositeObject.subject : retourne le sujet de Task id=27ccbecc-6084-11e5-9f59-f07bcb8b1707 : Travailler sur mon Livre sur Ma Façon de Mixer.
2026-02-19 18:29:58,137 [DEBUG] taskcoachlib.domain.task.task: Task.__setattr__ : utilise la méthode super avec name=_Task__computed_status et value=inactive.
2026-02-19 18:29:58,137 [DEBUG] taskcoachlib.domain.task.task: Task.__setattr__ : utilise la méthode super avec name=_Task__status_text et value=Inactive.
2026-02-19 18:29:58,138 [DEBUG] taskcoachlib.domain.task.task: Task.__setattr__ : utilise la méthode super avec name=_Task__status_icon et value=led_grey_icon.
2026-02-19 18:29:58,138 [DEBUG] taskcoachlib.domain.task.task: Task.__setattr__ : utilise la méthode super avec name=_Task__status_source et value=No actual start date.
2026-02-19 18:29:58,143 [DEBUG] taskcoachlib.domain.task.task: Task.__setattr__ : utilise la méthode super avec name=_Task__status et value=inactive.
2026-02-19 18:29:58,143 [INFO] taskcoachlib.gui.viewer.container: ViewerContainer.__getattr__ retourne l'attribut <bound method Viewer.curselection of <taskcoachlib.gui.viewer.task.TaskViewer object at 0x7f260a5c62a0>> avec l'ancienne méthode !
2026-02-19 18:29:58,143 [INFO] taskcoachlib.gui.viewer.container: ViewerContainer.__getattr__ retourne l'attribut <bound method Viewer.curselection of <taskcoachlib.gui.viewer.task.TaskViewer object at 0x7f260a5c62a0>> avec l'ancienne méthode !
2026-02-19 18:29:58,144 [INFO] taskcoachlib.gui.viewer.container: ViewerContainer.__getattr__ retourne l'attribut <bound method Viewer.curselection of <taskcoachlib.gui.viewer.task.TaskViewer object at 0x7f260a5c62a0>> avec l'ancienne méthode !
2026-02-19 18:29:58,144 [DEBUG] taskcoachlib.domain.base.object: CompositeObject.subject : retourne le sujet de Task id=27ccbecc-6084-11e5-9f59-f07bcb8b1707 : Travailler sur mon Livre sur Ma Façon de Mixer.
2026-02-19 18:29:58,145 [DEBUG] taskcoachlib.domain.base.object: CompositeObject.subject : retourne le sujet de Task id=27ccbecc-6084-11e5-9f59-f07bcb8b1707 : Travailler sur mon Livre sur Ma Façon de Mixer.
2026-02-19 18:29:58,147 [DEBUG] taskcoachlib.domain.base.object: CompositeObject.subject : retourne le sujet de Task id=27ccbecc-6084-11e5-9f59-f07bcb8b1707 : Travailler sur mon Livre sur Ma Façon de Mixer.
2026-02-19 18:29:58,148 [DEBUG] taskcoachlib.domain.base.object: CompositeObject.subject : retourne le sujet de Task id=27ccbecc-6084-11e5-9f59-f07bcb8b1707 : Travailler sur mon Livre sur Ma Façon de Mixer.
2026-02-19 18:29:58,149 [DEBUG] taskcoachlib.domain.base.object: CompositeObject.subject : retourne le sujet de Task id=27ccbecc-6084-11e5-9f59-f07bcb8b1707 : Travailler sur mon Livre sur Ma Façon de Mixer.
2026-02-19 18:29:59,137 [DEBUG] taskcoachlib.domain.task.task: Task.__setattr__ : utilise la méthode super avec name=_Task__computed_status et value=inactive.
2026-02-19 18:29:59,137 [DEBUG] taskcoachlib.domain.task.task: Task.__setattr__ : utilise la méthode super avec name=_Task__status_text et value=Inactive.
2026-02-19 18:29:59,137 [DEBUG] taskcoachlib.domain.task.task: Task.__setattr__ : utilise la méthode super avec name=_Task__status_icon et value=led_grey_icon.
2026-02-19 18:29:59,138 [DEBUG] taskcoachlib.domain.task.task: Task.__setattr__ : utilise la méthode super avec name=_Task__status_source et value=No actual start date.
2026-02-19 18:29:59,142 [DEBUG] taskcoachlib.domain.task.task: Task.__setattr__ : utilise la méthode super avec name=_Task__status et value=inactive.
2026-02-19 18:29:59,142 [INFO] taskcoachlib.gui.viewer.container: ViewerContainer.__getattr__ retourne l'attribut <bound method Viewer.curselection of <taskcoachlib.gui.viewer.task.TaskViewer object at 0x7f260a5c62a0>> avec l'ancienne méthode !
2026-02-19 18:29:59,142 [INFO] taskcoachlib.gui.viewer.container: ViewerContainer.__getattr__ retourne l'attribut <bound method Viewer.curselection of <taskcoachlib.gui.viewer.task.TaskViewer object at 0x7f260a5c62a0>> avec l'ancienne méthode !
2026-02-19 18:29:59,143 [INFO] taskcoachlib.gui.viewer.container: ViewerContainer.__getattr__ retourne l'attribut <bound method Viewer.curselection of <taskcoachlib.gui.viewer.task.TaskViewer object at 0x7f260a5c62a0>> avec l'ancienne méthode !
2026-02-19 18:29:59,143 [DEBUG] taskcoachlib.domain.base.object: CompositeObject.subject : retourne le sujet de Task id=27ccbecc-6084-11e5-9f59-f07bcb8b1707 : Travailler sur mon Livre sur Ma Façon de Mixer.
2026-02-19 18:29:59,144 [DEBUG] taskcoachlib.domain.base.object: CompositeObject.subject : retourne le sujet de Task id=27ccbecc-6084-11e5-9f59-f07bcb8b1707 : Travailler sur mon Livre sur Ma Façon de Mixer.
2026-02-19 18:29:59,145 [DEBUG] taskcoachlib.domain.base.object: CompositeObject.subject : retourne le sujet de Task id=27ccbecc-6084-11e5-9f59-f07bcb8b1707 : Travailler sur mon Livre sur Ma Façon de Mixer.
2026-02-19 18:29:59,147 [DEBUG] taskcoachlib.domain.base.object: CompositeObject.subject : retourne le sujet de Task id=27ccbecc-6084-11e5-9f59-f07bcb8b1707 : Travailler sur mon Livre sur Ma Façon de Mixer.
2026-02-19 18:29:59,148 [DEBUG] taskcoachlib.domain.base.object: CompositeObject.subject : retourne le sujet de Task id=27ccbecc-6084-11e5-9f59-f07bcb8b1707 : Travailler sur mon Livre sur Ma Façon de Mixer.
2026-02-19 18:30:00,137 [DEBUG] taskcoachlib.domain.task.task: Task.__setattr__ : utilise la méthode super avec name=_Task__computed_status et value=inactive.
2026-02-19 18:30:00,138 [DEBUG] taskcoachlib.domain.task.task: Task.__setattr__ : utilise la méthode super avec name=_Task__status_text et value=Inactive.
2026-02-19 18:30:00,138 [DEBUG] taskcoachlib.domain.task.task: Task.__setattr__ : utilise la méthode super avec name=_Task__status_icon et value=led_grey_icon.
2026-02-19 18:30:00,138 [DEBUG] taskcoachlib.domain.task.task: Task.__setattr__ : utilise la méthode super avec name=_Task__status_source et value=No actual start date.
2026-02-19 18:30:00,141 [DEBUG] taskcoachlib.domain.task.task: Task.__setattr__ : utilise la méthode super avec name=_Task__status et value=inactive.
2026-02-19 18:30:00,141 [INFO] taskcoachlib.gui.viewer.container: ViewerContainer.__getattr__ retourne l'attribut <bound method Viewer.curselection of <taskcoachlib.gui.viewer.task.TaskViewer object at 0x7f260a5c62a0>> avec l'ancienne méthode !
2026-02-19 18:30:00,142 [INFO] taskcoachlib.gui.viewer.container: ViewerContainer.__getattr__ retourne l'attribut <bound method Viewer.curselection of <taskcoachlib.gui.viewer.task.TaskViewer object at 0x7f260a5c62a0>> avec l'ancienne méthode !
2026-02-19 18:30:00,142 [INFO] taskcoachlib.gui.viewer.container: ViewerContainer.__getattr__ retourne l'attribut <bound method Viewer.curselection of <taskcoachlib.gui.viewer.task.TaskViewer object at 0x7f260a5c62a0>> avec l'ancienne méthode !
2026-02-19 18:30:00,142 [DEBUG] taskcoachlib.domain.base.object: CompositeObject.subject : retourne le sujet de Task id=27ccbecc-6084-11e5-9f59-f07bcb8b1707 : Travailler sur mon Livre sur Ma Façon de Mixer.
2026-02-19 18:30:00,142 [DEBUG] taskcoachlib.domain.base.object: CompositeObject.subject : retourne le sujet de Task id=27ccbecc-6084-11e5-9f59-f07bcb8b1707 : Travailler sur mon Livre sur Ma Façon de Mixer.
2026-02-19 18:30:00,143 [DEBUG] taskcoachlib.domain.base.object: CompositeObject.subject : retourne le sujet de Task id=27ccbecc-6084-11e5-9f59-f07bcb8b1707 : Travailler sur mon Livre sur Ma Façon de Mixer.
2026-02-19 18:30:00,144 [DEBUG] taskcoachlib.domain.base.object: CompositeObject.subject : retourne le sujet de Task id=27ccbecc-6084-11e5-9f59-f07bcb8b1707 : Travailler sur mon Livre sur Ma Façon de Mixer.
2026-02-19 18:30:00,144 [DEBUG] taskcoachlib.domain.base.object: CompositeObject.subject : retourne le sujet de Task id=27ccbecc-6084-11e5-9f59-f07bcb8b1707 : Travailler sur mon Livre sur Ma Façon de Mixer.
2026-02-19 18:30:01,138 [DEBUG] taskcoachlib.domain.task.task: Task.__setattr__ : utilise la méthode super avec name=_Task__computed_status et value=inactive.
2026-02-19 18:30:01,138 [DEBUG] taskcoachlib.domain.task.task: Task.__setattr__ : utilise la méthode super avec name=_Task__status_text et value=Inactive.
2026-02-19 18:30:01,138 [DEBUG] taskcoachlib.domain.task.task: Task.__setattr__ : utilise la méthode super avec name=_Task__status_icon et value=led_grey_icon.
2026-02-19 18:30:01,138 [DEBUG] taskcoachlib.domain.task.task: Task.__setattr__ : utilise la méthode super avec name=_Task__status_source et value=No actual start date.
2026-02-19 18:30:01,141 [DEBUG] taskcoachlib.domain.task.task: Task.__setattr__ : utilise la méthode super avec name=_Task__status et value=inactive.
2026-02-19 18:30:01,141 [INFO] taskcoachlib.gui.viewer.container: ViewerContainer.__getattr__ retourne l'attribut <bound method Viewer.curselection of <taskcoachlib.gui.viewer.task.TaskViewer object at 0x7f260a5c62a0>> avec l'ancienne méthode !
2026-02-19 18:30:01,141 [INFO] taskcoachlib.gui.viewer.container: ViewerContainer.__getattr__ retourne l'attribut <bound method Viewer.curselection of <taskcoachlib.gui.viewer.task.TaskViewer object at 0x7f260a5c62a0>> avec l'ancienne méthode !
2026-02-19 18:30:01,141 [INFO] taskcoachlib.gui.viewer.container: ViewerContainer.__getattr__ retourne l'attribut <bound method Viewer.curselection of <taskcoachlib.gui.viewer.task.TaskViewer object at 0x7f260a5c62a0>> avec l'ancienne méthode !
2026-02-19 18:30:01,141 [DEBUG] taskcoachlib.domain.base.object: CompositeObject.subject : retourne le sujet de Task id=27ccbecc-6084-11e5-9f59-f07bcb8b1707 : Travailler sur mon Livre sur Ma Façon de Mixer.
2026-02-19 18:30:01,142 [DEBUG] taskcoachlib.domain.base.object: CompositeObject.subject : retourne le sujet de Task id=27ccbecc-6084-11e5-9f59-f07bcb8b1707 : Travailler sur mon Livre sur Ma Façon de Mixer.
2026-02-19 18:30:01,143 [DEBUG] taskcoachlib.domain.base.object: CompositeObject.subject : retourne le sujet de Task id=27ccbecc-6084-11e5-9f59-f07bcb8b1707 : Travailler sur mon Livre sur Ma Façon de Mixer.
2026-02-19 18:30:01,143 [DEBUG] taskcoachlib.domain.base.object: CompositeObject.subject : retourne le sujet de Task id=27ccbecc-6084-11e5-9f59-f07bcb8b1707 : Travailler sur mon Livre sur Ma Façon de Mixer.
2026-02-19 18:30:01,144 [DEBUG] taskcoachlib.domain.base.object: CompositeObject.subject : retourne le sujet de Task id=27ccbecc-6084-11e5-9f59-f07bcb8b1707 : Travailler sur mon Livre sur Ma Façon de Mixer.
2026-02-19 18:30:02,138 [DEBUG] taskcoachlib.domain.task.task: Task.__setattr__ : utilise la méthode super avec name=_Task__computed_status et value=inactive.
2026-02-19 18:30:02,138 [DEBUG] taskcoachlib.domain.task.task: Task.__setattr__ : utilise la méthode super avec name=_Task__status_text et value=Inactive.
2026-02-19 18:30:02,138 [DEBUG] taskcoachlib.domain.task.task: Task.__setattr__ : utilise la méthode super avec name=_Task__status_icon et value=led_grey_icon.
2026-02-19 18:30:02,138 [DEBUG] taskcoachlib.domain.task.task: Task.__setattr__ : utilise la méthode super avec name=_Task__status_source et value=No actual start date.
2026-02-19 18:30:02,143 [DEBUG] taskcoachlib.domain.task.task: Task.__setattr__ : utilise la méthode super avec name=_Task__status et value=inactive.
2026-02-19 18:30:02,143 [INFO] taskcoachlib.gui.viewer.container: ViewerContainer.__getattr__ retourne l'attribut <bound method Viewer.curselection of <taskcoachlib.gui.viewer.task.TaskViewer object at 0x7f260a5c62a0>> avec l'ancienne méthode !
2026-02-19 18:30:02,143 [INFO] taskcoachlib.gui.viewer.container: ViewerContainer.__getattr__ retourne l'attribut <bound method Viewer.curselection of <taskcoachlib.gui.viewer.task.TaskViewer object at 0x7f260a5c62a0>> avec l'ancienne méthode !
2026-02-19 18:30:02,144 [INFO] taskcoachlib.gui.viewer.container: ViewerContainer.__getattr__ retourne l'attribut <bound method Viewer.curselection of <taskcoachlib.gui.viewer.task.TaskViewer object at 0x7f260a5c62a0>> avec l'ancienne méthode !
2026-02-19 18:30:02,144 [DEBUG] taskcoachlib.domain.base.object: CompositeObject.subject : retourne le sujet de Task id=27ccbecc-6084-11e5-9f59-f07bcb8b1707 : Travailler sur mon Livre sur Ma Façon de Mixer.
2026-02-19 18:30:02,145 [DEBUG] taskcoachlib.domain.base.object: CompositeObject.subject : retourne le sujet de Task id=27ccbecc-6084-11e5-9f59-f07bcb8b1707 : Travailler sur mon Livre sur Ma Façon de Mixer.
2026-02-19 18:30:02,146 [DEBUG] taskcoachlib.domain.base.object: CompositeObject.subject : retourne le sujet de Task id=27ccbecc-6084-11e5-9f59-f07bcb8b1707 : Travailler sur mon Livre sur Ma Façon de Mixer.
2026-02-19 18:30:02,148 [DEBUG] taskcoachlib.domain.base.object: CompositeObject.subject : retourne le sujet de Task id=27ccbecc-6084-11e5-9f59-f07bcb8b1707 : Travailler sur mon Livre sur Ma Façon de Mixer.
2026-02-19 18:30:02,149 [DEBUG] taskcoachlib.domain.base.object: CompositeObject.subject : retourne le sujet de Task id=27ccbecc-6084-11e5-9f59-f07bcb8b1707 : Travailler sur mon Livre sur Ma Façon de Mixer.
2026-02-19 18:30:03,138 [DEBUG] taskcoachlib.domain.task.task: Task.__setattr__ : utilise la méthode super avec name=_Task__computed_status et value=inactive.
2026-02-19 18:30:03,140 [DEBUG] taskcoachlib.domain.task.task: Task.__setattr__ : utilise la méthode super avec name=_Task__status_text et value=Inactive.
2026-02-19 18:30:03,140 [DEBUG] taskcoachlib.domain.task.task: Task.__setattr__ : utilise la méthode super avec name=_Task__status_icon et value=led_grey_icon.
2026-02-19 18:30:03,141 [DEBUG] taskcoachlib.domain.task.task: Task.__setattr__ : utilise la méthode super avec name=_Task__status_source et value=No actual start date.
2026-02-19 18:30:03,148 [DEBUG] taskcoachlib.domain.task.task: Task.__setattr__ : utilise la méthode super avec name=_Task__status et value=inactive.
2026-02-19 18:30:03,148 [INFO] taskcoachlib.gui.viewer.container: ViewerContainer.__getattr__ retourne l'attribut <bound method Viewer.curselection of <taskcoachlib.gui.viewer.task.TaskViewer object at 0x7f260a5c62a0>> avec l'ancienne méthode !
2026-02-19 18:30:03,150 [INFO] taskcoachlib.gui.viewer.container: ViewerContainer.__getattr__ retourne l'attribut <bound method Viewer.curselection of <taskcoachlib.gui.viewer.task.TaskViewer object at 0x7f260a5c62a0>> avec l'ancienne méthode !
2026-02-19 18:30:03,150 [INFO] taskcoachlib.gui.viewer.container: ViewerContainer.__getattr__ retourne l'attribut <bound method Viewer.curselection of <taskcoachlib.gui.viewer.task.TaskViewer object at 0x7f260a5c62a0>> avec l'ancienne méthode !
2026-02-19 18:30:03,150 [DEBUG] taskcoachlib.domain.base.object: CompositeObject.subject : retourne le sujet de Task id=27ccbecc-6084-11e5-9f59-f07bcb8b1707 : Travailler sur mon Livre sur Ma Façon de Mixer.
2026-02-19 18:30:03,154 [DEBUG] taskcoachlib.domain.base.object: CompositeObject.subject : retourne le sujet de Task id=27ccbecc-6084-11e5-9f59-f07bcb8b1707 : Travailler sur mon Livre sur Ma Façon de Mixer.
2026-02-19 18:30:03,156 [DEBUG] taskcoachlib.domain.base.object: CompositeObject.subject : retourne le sujet de Task id=27ccbecc-6084-11e5-9f59-f07bcb8b1707 : Travailler sur mon Livre sur Ma Façon de Mixer.
2026-02-19 18:30:03,158 [DEBUG] taskcoachlib.domain.base.object: CompositeObject.subject : retourne le sujet de Task id=27ccbecc-6084-11e5-9f59-f07bcb8b1707 : Travailler sur mon Livre sur Ma Façon de Mixer.
2026-02-19 18:30:03,160 [DEBUG] taskcoachlib.domain.base.object: CompositeObject.subject : retourne le sujet de Task id=27ccbecc-6084-11e5-9f59-f07bcb8b1707 : Travailler sur mon Livre sur Ma Façon de Mixer.
2026-02-19 18:30:04,139 [DEBUG] taskcoachlib.domain.task.task: Task.__setattr__ : utilise la méthode super avec name=_Task__computed_status et value=inactive.
2026-02-19 18:30:04,139 [DEBUG] taskcoachlib.domain.task.task: Task.__setattr__ : utilise la méthode super avec name=_Task__status_text et value=Inactive.
2026-02-19 18:30:04,139 [DEBUG] taskcoachlib.domain.task.task: Task.__setattr__ : utilise la méthode super avec name=_Task__status_icon et value=led_grey_icon.
2026-02-19 18:30:04,139 [DEBUG] taskcoachlib.domain.task.task: Task.__setattr__ : utilise la méthode super avec name=_Task__status_source et value=No actual start date.
2026-02-19 18:30:04,144 [DEBUG] taskcoachlib.domain.task.task: Task.__setattr__ : utilise la méthode super avec name=_Task__status et value=inactive.
2026-02-19 18:30:04,144 [INFO] taskcoachlib.gui.viewer.container: ViewerContainer.__getattr__ retourne l'attribut <bound method Viewer.curselection of <taskcoachlib.gui.viewer.task.TaskViewer object at 0x7f260a5c62a0>> avec l'ancienne méthode !
2026-02-19 18:30:04,145 [INFO] taskcoachlib.gui.viewer.container: ViewerContainer.__getattr__ retourne l'attribut <bound method Viewer.curselection of <taskcoachlib.gui.viewer.task.TaskViewer object at 0x7f260a5c62a0>> avec l'ancienne méthode !
2026-02-19 18:30:04,145 [INFO] taskcoachlib.gui.viewer.container: ViewerContainer.__getattr__ retourne l'attribut <bound method Viewer.curselection of <taskcoachlib.gui.viewer.task.TaskViewer object at 0x7f260a5c62a0>> avec l'ancienne méthode !
2026-02-19 18:30:04,145 [DEBUG] taskcoachlib.domain.base.object: CompositeObject.subject : retourne le sujet de Task id=27ccbecc-6084-11e5-9f59-f07bcb8b1707 : Travailler sur mon Livre sur Ma Façon de Mixer.
2026-02-19 18:30:04,146 [DEBUG] taskcoachlib.domain.base.object: CompositeObject.subject : retourne le sujet de Task id=27ccbecc-6084-11e5-9f59-f07bcb8b1707 : Travailler sur mon Livre sur Ma Façon de Mixer.
2026-02-19 18:30:04,148 [DEBUG] taskcoachlib.domain.base.object: CompositeObject.subject : retourne le sujet de Task id=27ccbecc-6084-11e5-9f59-f07bcb8b1707 : Travailler sur mon Livre sur Ma Façon de Mixer.
2026-02-19 18:30:04,149 [DEBUG] taskcoachlib.domain.base.object: CompositeObject.subject : retourne le sujet de Task id=27ccbecc-6084-11e5-9f59-f07bcb8b1707 : Travailler sur mon Livre sur Ma Façon de Mixer.
2026-02-19 18:30:04,151 [DEBUG] taskcoachlib.domain.base.object: CompositeObject.subject : retourne le sujet de Task id=27ccbecc-6084-11e5-9f59-f07bcb8b1707 : Travailler sur mon Livre sur Ma Façon de Mixer.
2026-02-19 18:30:05,139 [DEBUG] taskcoachlib.domain.task.task: Task.__setattr__ : utilise la méthode super avec name=_Task__computed_status et value=inactive.
2026-02-19 18:30:05,139 [DEBUG] taskcoachlib.domain.task.task: Task.__setattr__ : utilise la méthode super avec name=_Task__status_text et value=Inactive.
2026-02-19 18:30:05,140 [DEBUG] taskcoachlib.domain.task.task: Task.__setattr__ : utilise la méthode super avec name=_Task__status_icon et value=led_grey_icon.
2026-02-19 18:30:05,140 [DEBUG] taskcoachlib.domain.task.task: Task.__setattr__ : utilise la méthode super avec name=_Task__status_source et value=No actual start date.
2026-02-19 18:30:05,145 [DEBUG] taskcoachlib.domain.task.task: Task.__setattr__ : utilise la méthode super avec name=_Task__status et value=inactive.
2026-02-19 18:30:05,145 [INFO] taskcoachlib.gui.viewer.container: ViewerContainer.__getattr__ retourne l'attribut <bound method Viewer.curselection of <taskcoachlib.gui.viewer.task.TaskViewer object at 0x7f260a5c62a0>> avec l'ancienne méthode !
2026-02-19 18:30:05,146 [INFO] taskcoachlib.gui.viewer.container: ViewerContainer.__getattr__ retourne l'attribut <bound method Viewer.curselection of <taskcoachlib.gui.viewer.task.TaskViewer object at 0x7f260a5c62a0>> avec l'ancienne méthode !
2026-02-19 18:30:05,146 [INFO] taskcoachlib.gui.viewer.container: ViewerContainer.__getattr__ retourne l'attribut <bound method Viewer.curselection of <taskcoachlib.gui.viewer.task.TaskViewer object at 0x7f260a5c62a0>> avec l'ancienne méthode !
2026-02-19 18:30:05,146 [DEBUG] taskcoachlib.domain.base.object: CompositeObject.subject : retourne le sujet de Task id=27ccbecc-6084-11e5-9f59-f07bcb8b1707 : Travailler sur mon Livre sur Ma Façon de Mixer.
2026-02-19 18:30:05,148 [DEBUG] taskcoachlib.domain.base.object: CompositeObject.subject : retourne le sujet de Task id=27ccbecc-6084-11e5-9f59-f07bcb8b1707 : Travailler sur mon Livre sur Ma Façon de Mixer.
2026-02-19 18:30:05,149 [DEBUG] taskcoachlib.domain.base.object: CompositeObject.subject : retourne le sujet de Task id=27ccbecc-6084-11e5-9f59-f07bcb8b1707 : Travailler sur mon Livre sur Ma Façon de Mixer.
2026-02-19 18:30:05,151 [DEBUG] taskcoachlib.domain.base.object: CompositeObject.subject : retourne le sujet de Task id=27ccbecc-6084-11e5-9f59-f07bcb8b1707 : Travailler sur mon Livre sur Ma Façon de Mixer.
2026-02-19 18:30:05,152 [DEBUG] taskcoachlib.domain.base.object: CompositeObject.subject : retourne le sujet de Task id=27ccbecc-6084-11e5-9f59-f07bcb8b1707 : Travailler sur mon Livre sur Ma Façon de Mixer.
2026-02-19 18:30:06,140 [DEBUG] taskcoachlib.domain.task.task: Task.__setattr__ : utilise la méthode super avec name=_Task__computed_status et value=inactive.
2026-02-19 18:30:06,140 [DEBUG] taskcoachlib.domain.task.task: Task.__setattr__ : utilise la méthode super avec name=_Task__status_text et value=Inactive.
2026-02-19 18:30:06,140 [DEBUG] taskcoachlib.domain.task.task: Task.__setattr__ : utilise la méthode super avec name=_Task__status_icon et value=led_grey_icon.
2026-02-19 18:30:06,140 [DEBUG] taskcoachlib.domain.task.task: Task.__setattr__ : utilise la méthode super avec name=_Task__status_source et value=No actual start date.
2026-02-19 18:30:06,145 [DEBUG] taskcoachlib.domain.task.task: Task.__setattr__ : utilise la méthode super avec name=_Task__status et value=inactive.
2026-02-19 18:30:06,145 [INFO] taskcoachlib.gui.viewer.container: ViewerContainer.__getattr__ retourne l'attribut <bound method Viewer.curselection of <taskcoachlib.gui.viewer.task.TaskViewer object at 0x7f260a5c62a0>> avec l'ancienne méthode !
2026-02-19 18:30:06,146 [INFO] taskcoachlib.gui.viewer.container: ViewerContainer.__getattr__ retourne l'attribut <bound method Viewer.curselection of <taskcoachlib.gui.viewer.task.TaskViewer object at 0x7f260a5c62a0>> avec l'ancienne méthode !
2026-02-19 18:30:06,146 [INFO] taskcoachlib.gui.viewer.container: ViewerContainer.__getattr__ retourne l'attribut <bound method Viewer.curselection of <taskcoachlib.gui.viewer.task.TaskViewer object at 0x7f260a5c62a0>> avec l'ancienne méthode !
2026-02-19 18:30:06,146 [DEBUG] taskcoachlib.domain.base.object: CompositeObject.subject : retourne le sujet de Task id=27ccbecc-6084-11e5-9f59-f07bcb8b1707 : Travailler sur mon Livre sur Ma Façon de Mixer.
2026-02-19 18:30:06,147 [DEBUG] taskcoachlib.domain.base.object: CompositeObject.subject : retourne le sujet de Task id=27ccbecc-6084-11e5-9f59-f07bcb8b1707 : Travailler sur mon Livre sur Ma Façon de Mixer.
2026-02-19 18:30:06,149 [DEBUG] taskcoachlib.domain.base.object: CompositeObject.subject : retourne le sujet de Task id=27ccbecc-6084-11e5-9f59-f07bcb8b1707 : Travailler sur mon Livre sur Ma Façon de Mixer.
2026-02-19 18:30:06,150 [DEBUG] taskcoachlib.domain.base.object: CompositeObject.subject : retourne le sujet de Task id=27ccbecc-6084-11e5-9f59-f07bcb8b1707 : Travailler sur mon Livre sur Ma Façon de Mixer.
2026-02-19 18:30:06,151 [DEBUG] taskcoachlib.domain.base.object: CompositeObject.subject : retourne le sujet de Task id=27ccbecc-6084-11e5-9f59-f07bcb8b1707 : Travailler sur mon Livre sur Ma Façon de Mixer.
2026-02-19 18:30:07,140 [DEBUG] taskcoachlib.domain.task.task: Task.__setattr__ : utilise la méthode super avec name=_Task__computed_status et value=inactive.
2026-02-19 18:30:07,140 [DEBUG] taskcoachlib.domain.task.task: Task.__setattr__ : utilise la méthode super avec name=_Task__status_text et value=Inactive.
2026-02-19 18:30:07,140 [DEBUG] taskcoachlib.domain.task.task: Task.__setattr__ : utilise la méthode super avec name=_Task__status_icon et value=led_grey_icon.
2026-02-19 18:30:07,140 [DEBUG] taskcoachlib.domain.task.task: Task.__setattr__ : utilise la méthode super avec name=_Task__status_source et value=No actual start date.
2026-02-19 18:30:07,145 [DEBUG] taskcoachlib.domain.task.task: Task.__setattr__ : utilise la méthode super avec name=_Task__status et value=inactive.
2026-02-19 18:30:07,145 [INFO] taskcoachlib.gui.viewer.container: ViewerContainer.__getattr__ retourne l'attribut <bound method Viewer.curselection of <taskcoachlib.gui.viewer.task.TaskViewer object at 0x7f260a5c62a0>> avec l'ancienne méthode !
2026-02-19 18:30:07,145 [INFO] taskcoachlib.gui.viewer.container: ViewerContainer.__getattr__ retourne l'attribut <bound method Viewer.curselection of <taskcoachlib.gui.viewer.task.TaskViewer object at 0x7f260a5c62a0>> avec l'ancienne méthode !
2026-02-19 18:30:07,146 [INFO] taskcoachlib.gui.viewer.container: ViewerContainer.__getattr__ retourne l'attribut <bound method Viewer.curselection of <taskcoachlib.gui.viewer.task.TaskViewer object at 0x7f260a5c62a0>> avec l'ancienne méthode !
2026-02-19 18:30:07,146 [DEBUG] taskcoachlib.domain.base.object: CompositeObject.subject : retourne le sujet de Task id=27ccbecc-6084-11e5-9f59-f07bcb8b1707 : Travailler sur mon Livre sur Ma Façon de Mixer.
2026-02-19 18:30:07,147 [DEBUG] taskcoachlib.domain.base.object: CompositeObject.subject : retourne le sujet de Task id=27ccbecc-6084-11e5-9f59-f07bcb8b1707 : Travailler sur mon Livre sur Ma Façon de Mixer.
2026-02-19 18:30:07,148 [DEBUG] taskcoachlib.domain.base.object: CompositeObject.subject : retourne le sujet de Task id=27ccbecc-6084-11e5-9f59-f07bcb8b1707 : Travailler sur mon Livre sur Ma Façon de Mixer.
2026-02-19 18:30:07,150 [DEBUG] taskcoachlib.domain.base.object: CompositeObject.subject : retourne le sujet de Task id=27ccbecc-6084-11e5-9f59-f07bcb8b1707 : Travailler sur mon Livre sur Ma Façon de Mixer.
2026-02-19 18:30:07,151 [DEBUG] taskcoachlib.domain.base.object: CompositeObject.subject : retourne le sujet de Task id=27ccbecc-6084-11e5-9f59-f07bcb8b1707 : Travailler sur mon Livre sur Ma Façon de Mixer.
2026-02-19 18:30:08,140 [DEBUG] taskcoachlib.domain.task.task: Task.__setattr__ : utilise la méthode super avec name=_Task__computed_status et value=inactive.
2026-02-19 18:30:08,141 [DEBUG] taskcoachlib.domain.task.task: Task.__setattr__ : utilise la méthode super avec name=_Task__status_text et value=Inactive.
2026-02-19 18:30:08,141 [DEBUG] taskcoachlib.domain.task.task: Task.__setattr__ : utilise la méthode super avec name=_Task__status_icon et value=led_grey_icon.
2026-02-19 18:30:08,141 [DEBUG] taskcoachlib.domain.task.task: Task.__setattr__ : utilise la méthode super avec name=_Task__status_source et value=No actual start date.
2026-02-19 18:30:08,147 [DEBUG] taskcoachlib.domain.task.task: Task.__setattr__ : utilise la méthode super avec name=_Task__status et value=inactive.
2026-02-19 18:30:08,147 [INFO] taskcoachlib.gui.viewer.container: ViewerContainer.__getattr__ retourne l'attribut <bound method Viewer.curselection of <taskcoachlib.gui.viewer.task.TaskViewer object at 0x7f260a5c62a0>> avec l'ancienne méthode !
2026-02-19 18:30:08,148 [INFO] taskcoachlib.gui.viewer.container: ViewerContainer.__getattr__ retourne l'attribut <bound method Viewer.curselection of <taskcoachlib.gui.viewer.task.TaskViewer object at 0x7f260a5c62a0>> avec l'ancienne méthode !
2026-02-19 18:30:08,148 [INFO] taskcoachlib.gui.viewer.container: ViewerContainer.__getattr__ retourne l'attribut <bound method Viewer.curselection of <taskcoachlib.gui.viewer.task.TaskViewer object at 0x7f260a5c62a0>> avec l'ancienne méthode !
2026-02-19 18:30:08,148 [DEBUG] taskcoachlib.domain.base.object: CompositeObject.subject : retourne le sujet de Task id=27ccbecc-6084-11e5-9f59-f07bcb8b1707 : Travailler sur mon Livre sur Ma Façon de Mixer.
2026-02-19 18:30:08,150 [DEBUG] taskcoachlib.domain.base.object: CompositeObject.subject : retourne le sujet de Task id=27ccbecc-6084-11e5-9f59-f07bcb8b1707 : Travailler sur mon Livre sur Ma Façon de Mixer.
2026-02-19 18:30:08,151 [DEBUG] taskcoachlib.domain.base.object: CompositeObject.subject : retourne le sujet de Task id=27ccbecc-6084-11e5-9f59-f07bcb8b1707 : Travailler sur mon Livre sur Ma Façon de Mixer.
2026-02-19 18:30:08,153 [DEBUG] taskcoachlib.domain.base.object: CompositeObject.subject : retourne le sujet de Task id=27ccbecc-6084-11e5-9f59-f07bcb8b1707 : Travailler sur mon Livre sur Ma Façon de Mixer.
2026-02-19 18:30:08,154 [DEBUG] taskcoachlib.domain.base.object: CompositeObject.subject : retourne le sujet de Task id=27ccbecc-6084-11e5-9f59-f07bcb8b1707 : Travailler sur mon Livre sur Ma Façon de Mixer.
2026-02-19 18:30:09,140 [DEBUG] taskcoachlib.domain.task.task: Task.__setattr__ : utilise la méthode super avec name=_Task__computed_status et value=inactive.
2026-02-19 18:30:09,141 [DEBUG] taskcoachlib.domain.task.task: Task.__setattr__ : utilise la méthode super avec name=_Task__status_text et value=Inactive.
2026-02-19 18:30:09,141 [DEBUG] taskcoachlib.domain.task.task: Task.__setattr__ : utilise la méthode super avec name=_Task__status_icon et value=led_grey_icon.
2026-02-19 18:30:09,141 [DEBUG] taskcoachlib.domain.task.task: Task.__setattr__ : utilise la méthode super avec name=_Task__status_source et value=No actual start date.
2026-02-19 18:30:09,146 [DEBUG] taskcoachlib.domain.task.task: Task.__setattr__ : utilise la méthode super avec name=_Task__status et value=inactive.
2026-02-19 18:30:09,146 [INFO] taskcoachlib.gui.viewer.container: ViewerContainer.__getattr__ retourne l'attribut <bound method Viewer.curselection of <taskcoachlib.gui.viewer.task.TaskViewer object at 0x7f260a5c62a0>> avec l'ancienne méthode !
2026-02-19 18:30:09,146 [INFO] taskcoachlib.gui.viewer.container: ViewerContainer.__getattr__ retourne l'attribut <bound method Viewer.curselection of <taskcoachlib.gui.viewer.task.TaskViewer object at 0x7f260a5c62a0>> avec l'ancienne méthode !
2026-02-19 18:30:09,147 [INFO] taskcoachlib.gui.viewer.container: ViewerContainer.__getattr__ retourne l'attribut <bound method Viewer.curselection of <taskcoachlib.gui.viewer.task.TaskViewer object at 0x7f260a5c62a0>> avec l'ancienne méthode !
2026-02-19 18:30:09,147 [DEBUG] taskcoachlib.domain.base.object: CompositeObject.subject : retourne le sujet de Task id=27ccbecc-6084-11e5-9f59-f07bcb8b1707 : Travailler sur mon Livre sur Ma Façon de Mixer.
2026-02-19 18:30:09,148 [DEBUG] taskcoachlib.domain.base.object: CompositeObject.subject : retourne le sujet de Task id=27ccbecc-6084-11e5-9f59-f07bcb8b1707 : Travailler sur mon Livre sur Ma Façon de Mixer.
2026-02-19 18:30:09,150 [DEBUG] taskcoachlib.domain.base.object: CompositeObject.subject : retourne le sujet de Task id=27ccbecc-6084-11e5-9f59-f07bcb8b1707 : Travailler sur mon Livre sur Ma Façon de Mixer.
2026-02-19 18:30:09,151 [DEBUG] taskcoachlib.domain.base.object: CompositeObject.subject : retourne le sujet de Task id=27ccbecc-6084-11e5-9f59-f07bcb8b1707 : Travailler sur mon Livre sur Ma Façon de Mixer.
2026-02-19 18:30:09,152 [DEBUG] taskcoachlib.domain.base.object: CompositeObject.subject : retourne le sujet de Task id=27ccbecc-6084-11e5-9f59-f07bcb8b1707 : Travailler sur mon Livre sur Ma Façon de Mixer.
2026-02-19 18:30:10,140 [DEBUG] taskcoachlib.domain.task.task: Task.__setattr__ : utilise la méthode super avec name=_Task__computed_status et value=inactive.
2026-02-19 18:30:10,141 [DEBUG] taskcoachlib.domain.task.task: Task.__setattr__ : utilise la méthode super avec name=_Task__status_text et value=Inactive.
2026-02-19 18:30:10,141 [DEBUG] taskcoachlib.domain.task.task: Task.__setattr__ : utilise la méthode super avec name=_Task__status_icon et value=led_grey_icon.
2026-02-19 18:30:10,141 [DEBUG] taskcoachlib.domain.task.task: Task.__setattr__ : utilise la méthode super avec name=_Task__status_source et value=No actual start date.
2026-02-19 18:30:10,143 [DEBUG] taskcoachlib.domain.task.task: Task.__setattr__ : utilise la méthode super avec name=_Task__status et value=inactive.
2026-02-19 18:30:10,144 [INFO] taskcoachlib.gui.viewer.container: ViewerContainer.__getattr__ retourne l'attribut <bound method Viewer.curselection of <taskcoachlib.gui.viewer.task.TaskViewer object at 0x7f260a5c62a0>> avec l'ancienne méthode !
2026-02-19 18:30:10,144 [INFO] taskcoachlib.gui.viewer.container: ViewerContainer.__getattr__ retourne l'attribut <bound method Viewer.curselection of <taskcoachlib.gui.viewer.task.TaskViewer object at 0x7f260a5c62a0>> avec l'ancienne méthode !
2026-02-19 18:30:10,144 [INFO] taskcoachlib.gui.viewer.container: ViewerContainer.__getattr__ retourne l'attribut <bound method Viewer.curselection of <taskcoachlib.gui.viewer.task.TaskViewer object at 0x7f260a5c62a0>> avec l'ancienne méthode !
2026-02-19 18:30:10,144 [DEBUG] taskcoachlib.domain.base.object: CompositeObject.subject : retourne le sujet de Task id=27ccbecc-6084-11e5-9f59-f07bcb8b1707 : Travailler sur mon Livre sur Ma Façon de Mixer.
2026-02-19 18:30:10,145 [DEBUG] taskcoachlib.domain.base.object: CompositeObject.subject : retourne le sujet de Task id=27ccbecc-6084-11e5-9f59-f07bcb8b1707 : Travailler sur mon Livre sur Ma Façon de Mixer.
2026-02-19 18:30:10,146 [DEBUG] taskcoachlib.domain.base.object: CompositeObject.subject : retourne le sujet de Task id=27ccbecc-6084-11e5-9f59-f07bcb8b1707 : Travailler sur mon Livre sur Ma Façon de Mixer.
2026-02-19 18:30:10,146 [DEBUG] taskcoachlib.domain.base.object: CompositeObject.subject : retourne le sujet de Task id=27ccbecc-6084-11e5-9f59-f07bcb8b1707 : Travailler sur mon Livre sur Ma Façon de Mixer.
2026-02-19 18:30:10,147 [DEBUG] taskcoachlib.domain.base.object: CompositeObject.subject : retourne le sujet de Task id=27ccbecc-6084-11e5-9f59-f07bcb8b1707 : Travailler sur mon Livre sur Ma Façon de Mixer.
2026-02-19 18:30:11,141 [DEBUG] taskcoachlib.domain.task.task: Task.__setattr__ : utilise la méthode super avec name=_Task__computed_status et value=inactive.
2026-02-19 18:30:11,141 [DEBUG] taskcoachlib.domain.task.task: Task.__setattr__ : utilise la méthode super avec name=_Task__status_text et value=Inactive.
2026-02-19 18:30:11,141 [DEBUG] taskcoachlib.domain.task.task: Task.__setattr__ : utilise la méthode super avec name=_Task__status_icon et value=led_grey_icon.
2026-02-19 18:30:11,142 [DEBUG] taskcoachlib.domain.task.task: Task.__setattr__ : utilise la méthode super avec name=_Task__status_source et value=No actual start date.
2026-02-19 18:30:11,146 [DEBUG] taskcoachlib.domain.task.task: Task.__setattr__ : utilise la méthode super avec name=_Task__status et value=inactive.
2026-02-19 18:30:11,146 [INFO] taskcoachlib.gui.viewer.container: ViewerContainer.__getattr__ retourne l'attribut <bound method Viewer.curselection of <taskcoachlib.gui.viewer.task.TaskViewer object at 0x7f260a5c62a0>> avec l'ancienne méthode !
2026-02-19 18:30:11,147 [INFO] taskcoachlib.gui.viewer.container: ViewerContainer.__getattr__ retourne l'attribut <bound method Viewer.curselection of <taskcoachlib.gui.viewer.task.TaskViewer object at 0x7f260a5c62a0>> avec l'ancienne méthode !
2026-02-19 18:30:11,147 [INFO] taskcoachlib.gui.viewer.container: ViewerContainer.__getattr__ retourne l'attribut <bound method Viewer.curselection of <taskcoachlib.gui.viewer.task.TaskViewer object at 0x7f260a5c62a0>> avec l'ancienne méthode !
2026-02-19 18:30:11,147 [DEBUG] taskcoachlib.domain.base.object: CompositeObject.subject : retourne le sujet de Task id=27ccbecc-6084-11e5-9f59-f07bcb8b1707 : Travailler sur mon Livre sur Ma Façon de Mixer.
2026-02-19 18:30:11,149 [DEBUG] taskcoachlib.domain.base.object: CompositeObject.subject : retourne le sujet de Task id=27ccbecc-6084-11e5-9f59-f07bcb8b1707 : Travailler sur mon Livre sur Ma Façon de Mixer.
2026-02-19 18:30:11,150 [DEBUG] taskcoachlib.domain.base.object: CompositeObject.subject : retourne le sujet de Task id=27ccbecc-6084-11e5-9f59-f07bcb8b1707 : Travailler sur mon Livre sur Ma Façon de Mixer.
2026-02-19 18:30:11,151 [DEBUG] taskcoachlib.domain.base.object: CompositeObject.subject : retourne le sujet de Task id=27ccbecc-6084-11e5-9f59-f07bcb8b1707 : Travailler sur mon Livre sur Ma Façon de Mixer.
2026-02-19 18:30:11,153 [DEBUG] taskcoachlib.domain.base.object: CompositeObject.subject : retourne le sujet de Task id=27ccbecc-6084-11e5-9f59-f07bcb8b1707 : Travailler sur mon Livre sur Ma Façon de Mixer.
2026-02-19 18:30:12,141 [DEBUG] taskcoachlib.domain.task.task: Task.__setattr__ : utilise la méthode super avec name=_Task__computed_status et value=inactive.
2026-02-19 18:30:12,141 [DEBUG] taskcoachlib.domain.task.task: Task.__setattr__ : utilise la méthode super avec name=_Task__status_text et value=Inactive.
2026-02-19 18:30:12,141 [DEBUG] taskcoachlib.domain.task.task: Task.__setattr__ : utilise la méthode super avec name=_Task__status_icon et value=led_grey_icon.
2026-02-19 18:30:12,142 [DEBUG] taskcoachlib.domain.task.task: Task.__setattr__ : utilise la méthode super avec name=_Task__status_source et value=No actual start date.
2026-02-19 18:30:12,146 [DEBUG] taskcoachlib.domain.task.task: Task.__setattr__ : utilise la méthode super avec name=_Task__status et value=inactive.
2026-02-19 18:30:12,146 [INFO] taskcoachlib.gui.viewer.container: ViewerContainer.__getattr__ retourne l'attribut <bound method Viewer.curselection of <taskcoachlib.gui.viewer.task.TaskViewer object at 0x7f260a5c62a0>> avec l'ancienne méthode !
2026-02-19 18:30:12,147 [INFO] taskcoachlib.gui.viewer.container: ViewerContainer.__getattr__ retourne l'attribut <bound method Viewer.curselection of <taskcoachlib.gui.viewer.task.TaskViewer object at 0x7f260a5c62a0>> avec l'ancienne méthode !
2026-02-19 18:30:12,147 [INFO] taskcoachlib.gui.viewer.container: ViewerContainer.__getattr__ retourne l'attribut <bound method Viewer.curselection of <taskcoachlib.gui.viewer.task.TaskViewer object at 0x7f260a5c62a0>> avec l'ancienne méthode !
2026-02-19 18:30:12,147 [DEBUG] taskcoachlib.domain.base.object: CompositeObject.subject : retourne le sujet de Task id=27ccbecc-6084-11e5-9f59-f07bcb8b1707 : Travailler sur mon Livre sur Ma Façon de Mixer.
2026-02-19 18:30:12,148 [DEBUG] taskcoachlib.domain.base.object: CompositeObject.subject : retourne le sujet de Task id=27ccbecc-6084-11e5-9f59-f07bcb8b1707 : Travailler sur mon Livre sur Ma Façon de Mixer.
2026-02-19 18:30:12,150 [DEBUG] taskcoachlib.domain.base.object: CompositeObject.subject : retourne le sujet de Task id=27ccbecc-6084-11e5-9f59-f07bcb8b1707 : Travailler sur mon Livre sur Ma Façon de Mixer.
2026-02-19 18:30:12,151 [DEBUG] taskcoachlib.domain.base.object: CompositeObject.subject : retourne le sujet de Task id=27ccbecc-6084-11e5-9f59-f07bcb8b1707 : Travailler sur mon Livre sur Ma Façon de Mixer.
2026-02-19 18:30:12,152 [DEBUG] taskcoachlib.domain.base.object: CompositeObject.subject : retourne le sujet de Task id=27ccbecc-6084-11e5-9f59-f07bcb8b1707 : Travailler sur mon Livre sur Ma Façon de Mixer.
2026-02-19 18:30:13,141 [DEBUG] taskcoachlib.domain.task.task: Task.__setattr__ : utilise la méthode super avec name=_Task__computed_status et value=inactive.
2026-02-19 18:30:13,142 [DEBUG] taskcoachlib.domain.task.task: Task.__setattr__ : utilise la méthode super avec name=_Task__status_text et value=Inactive.
2026-02-19 18:30:13,142 [DEBUG] taskcoachlib.domain.task.task: Task.__setattr__ : utilise la méthode super avec name=_Task__status_icon et value=led_grey_icon.
2026-02-19 18:30:13,142 [DEBUG] taskcoachlib.domain.task.task: Task.__setattr__ : utilise la méthode super avec name=_Task__status_source et value=No actual start date.
2026-02-19 18:30:13,146 [DEBUG] taskcoachlib.domain.task.task: Task.__setattr__ : utilise la méthode super avec name=_Task__status et value=inactive.
2026-02-19 18:30:13,147 [INFO] taskcoachlib.gui.viewer.container: ViewerContainer.__getattr__ retourne l'attribut <bound method Viewer.curselection of <taskcoachlib.gui.viewer.task.TaskViewer object at 0x7f260a5c62a0>> avec l'ancienne méthode !
2026-02-19 18:30:13,147 [INFO] taskcoachlib.gui.viewer.container: ViewerContainer.__getattr__ retourne l'attribut <bound method Viewer.curselection of <taskcoachlib.gui.viewer.task.TaskViewer object at 0x7f260a5c62a0>> avec l'ancienne méthode !
2026-02-19 18:30:13,147 [INFO] taskcoachlib.gui.viewer.container: ViewerContainer.__getattr__ retourne l'attribut <bound method Viewer.curselection of <taskcoachlib.gui.viewer.task.TaskViewer object at 0x7f260a5c62a0>> avec l'ancienne méthode !
2026-02-19 18:30:13,148 [DEBUG] taskcoachlib.domain.base.object: CompositeObject.subject : retourne le sujet de Task id=27ccbecc-6084-11e5-9f59-f07bcb8b1707 : Travailler sur mon Livre sur Ma Façon de Mixer.
2026-02-19 18:30:13,149 [DEBUG] taskcoachlib.domain.base.object: CompositeObject.subject : retourne le sujet de Task id=27ccbecc-6084-11e5-9f59-f07bcb8b1707 : Travailler sur mon Livre sur Ma Façon de Mixer.
2026-02-19 18:30:13,150 [DEBUG] taskcoachlib.domain.base.object: CompositeObject.subject : retourne le sujet de Task id=27ccbecc-6084-11e5-9f59-f07bcb8b1707 : Travailler sur mon Livre sur Ma Façon de Mixer.
2026-02-19 18:30:13,151 [DEBUG] taskcoachlib.domain.base.object: CompositeObject.subject : retourne le sujet de Task id=27ccbecc-6084-11e5-9f59-f07bcb8b1707 : Travailler sur mon Livre sur Ma Façon de Mixer.
2026-02-19 18:30:13,153 [DEBUG] taskcoachlib.domain.base.object: CompositeObject.subject : retourne le sujet de Task id=27ccbecc-6084-11e5-9f59-f07bcb8b1707 : Travailler sur mon Livre sur Ma Façon de Mixer.
2026-02-19 18:30:14,142 [DEBUG] taskcoachlib.domain.task.task: Task.__setattr__ : utilise la méthode super avec name=_Task__computed_status et value=inactive.
2026-02-19 18:30:14,142 [DEBUG] taskcoachlib.domain.task.task: Task.__setattr__ : utilise la méthode super avec name=_Task__status_text et value=Inactive.
2026-02-19 18:30:14,142 [DEBUG] taskcoachlib.domain.task.task: Task.__setattr__ : utilise la méthode super avec name=_Task__status_icon et value=led_grey_icon.
2026-02-19 18:30:14,143 [DEBUG] taskcoachlib.domain.task.task: Task.__setattr__ : utilise la méthode super avec name=_Task__status_source et value=No actual start date.
2026-02-19 18:30:14,148 [DEBUG] taskcoachlib.domain.task.task: Task.__setattr__ : utilise la méthode super avec name=_Task__status et value=inactive.
2026-02-19 18:30:14,149 [INFO] taskcoachlib.gui.viewer.container: ViewerContainer.__getattr__ retourne l'attribut <bound method Viewer.curselection of <taskcoachlib.gui.viewer.task.TaskViewer object at 0x7f260a5c62a0>> avec l'ancienne méthode !
2026-02-19 18:30:14,149 [INFO] taskcoachlib.gui.viewer.container: ViewerContainer.__getattr__ retourne l'attribut <bound method Viewer.curselection of <taskcoachlib.gui.viewer.task.TaskViewer object at 0x7f260a5c62a0>> avec l'ancienne méthode !
2026-02-19 18:30:14,150 [INFO] taskcoachlib.gui.viewer.container: ViewerContainer.__getattr__ retourne l'attribut <bound method Viewer.curselection of <taskcoachlib.gui.viewer.task.TaskViewer object at 0x7f260a5c62a0>> avec l'ancienne méthode !
2026-02-19 18:30:14,150 [DEBUG] taskcoachlib.domain.base.object: CompositeObject.subject : retourne le sujet de Task id=27ccbecc-6084-11e5-9f59-f07bcb8b1707 : Travailler sur mon Livre sur Ma Façon de Mixer.
2026-02-19 18:30:14,152 [DEBUG] taskcoachlib.domain.base.object: CompositeObject.subject : retourne le sujet de Task id=27ccbecc-6084-11e5-9f59-f07bcb8b1707 : Travailler sur mon Livre sur Ma Façon de Mixer.
2026-02-19 18:30:14,153 [DEBUG] taskcoachlib.domain.base.object: CompositeObject.subject : retourne le sujet de Task id=27ccbecc-6084-11e5-9f59-f07bcb8b1707 : Travailler sur mon Livre sur Ma Façon de Mixer.
2026-02-19 18:30:14,155 [DEBUG] taskcoachlib.domain.base.object: CompositeObject.subject : retourne le sujet de Task id=27ccbecc-6084-11e5-9f59-f07bcb8b1707 : Travailler sur mon Livre sur Ma Façon de Mixer.
2026-02-19 18:30:14,158 [DEBUG] taskcoachlib.domain.base.object: CompositeObject.subject : retourne le sujet de Task id=27ccbecc-6084-11e5-9f59-f07bcb8b1707 : Travailler sur mon Livre sur Ma Façon de Mixer.
2026-02-19 18:30:15,146 [DEBUG] taskcoachlib.domain.task.task: Task.__setattr__ : utilise la méthode super avec name=_Task__computed_status et value=inactive.
2026-02-19 18:30:15,147 [DEBUG] taskcoachlib.domain.task.task: Task.__setattr__ : utilise la méthode super avec name=_Task__status_text et value=Inactive.
2026-02-19 18:30:15,147 [DEBUG] taskcoachlib.domain.task.task: Task.__setattr__ : utilise la méthode super avec name=_Task__status_icon et value=led_grey_icon.
2026-02-19 18:30:15,147 [DEBUG] taskcoachlib.domain.task.task: Task.__setattr__ : utilise la méthode super avec name=_Task__status_source et value=No actual start date.
2026-02-19 18:30:15,171 [DEBUG] taskcoachlib.domain.task.task: Task.__setattr__ : utilise la méthode super avec name=_Task__status et value=inactive.
2026-02-19 18:30:15,171 [INFO] taskcoachlib.gui.viewer.container: ViewerContainer.__getattr__ retourne l'attribut <bound method Viewer.curselection of <taskcoachlib.gui.viewer.task.TaskViewer object at 0x7f260a5c62a0>> avec l'ancienne méthode !
2026-02-19 18:30:15,172 [INFO] taskcoachlib.gui.viewer.container: ViewerContainer.__getattr__ retourne l'attribut <bound method Viewer.curselection of <taskcoachlib.gui.viewer.task.TaskViewer object at 0x7f260a5c62a0>> avec l'ancienne méthode !
2026-02-19 18:30:15,176 [INFO] taskcoachlib.gui.viewer.container: ViewerContainer.__getattr__ retourne l'attribut <bound method Viewer.curselection of <taskcoachlib.gui.viewer.task.TaskViewer object at 0x7f260a5c62a0>> avec l'ancienne méthode !
2026-02-19 18:30:15,180 [DEBUG] taskcoachlib.domain.base.object: CompositeObject.subject : retourne le sujet de Task id=27ccbecc-6084-11e5-9f59-f07bcb8b1707 : Travailler sur mon Livre sur Ma Façon de Mixer.
2026-02-19 18:30:15,182 [DEBUG] taskcoachlib.domain.base.object: CompositeObject.subject : retourne le sujet de Task id=27ccbecc-6084-11e5-9f59-f07bcb8b1707 : Travailler sur mon Livre sur Ma Façon de Mixer.
2026-02-19 18:30:15,184 [DEBUG] taskcoachlib.domain.base.object: CompositeObject.subject : retourne le sujet de Task id=27ccbecc-6084-11e5-9f59-f07bcb8b1707 : Travailler sur mon Livre sur Ma Façon de Mixer.
2026-02-19 18:30:15,188 [DEBUG] taskcoachlib.domain.base.object: CompositeObject.subject : retourne le sujet de Task id=27ccbecc-6084-11e5-9f59-f07bcb8b1707 : Travailler sur mon Livre sur Ma Façon de Mixer.
2026-02-19 18:30:15,190 [DEBUG] taskcoachlib.domain.base.object: CompositeObject.subject : retourne le sujet de Task id=27ccbecc-6084-11e5-9f59-f07bcb8b1707 : Travailler sur mon Livre sur Ma Façon de Mixer.
2026-02-19 18:30:16,146 [DEBUG] taskcoachlib.domain.task.task: Task.__setattr__ : utilise la méthode super avec name=_Task__computed_status et value=inactive.
2026-02-19 18:30:16,147 [DEBUG] taskcoachlib.domain.task.task: Task.__setattr__ : utilise la méthode super avec name=_Task__status_text et value=Inactive.
2026-02-19 18:30:16,147 [DEBUG] taskcoachlib.domain.task.task: Task.__setattr__ : utilise la méthode super avec name=_Task__status_icon et value=led_grey_icon.
2026-02-19 18:30:16,147 [DEBUG] taskcoachlib.domain.task.task: Task.__setattr__ : utilise la méthode super avec name=_Task__status_source et value=No actual start date.
2026-02-19 18:30:16,151 [DEBUG] taskcoachlib.domain.task.task: Task.__setattr__ : utilise la méthode super avec name=_Task__status et value=inactive.
2026-02-19 18:30:16,152 [INFO] taskcoachlib.gui.viewer.container: ViewerContainer.__getattr__ retourne l'attribut <bound method Viewer.curselection of <taskcoachlib.gui.viewer.task.TaskViewer object at 0x7f260a5c62a0>> avec l'ancienne méthode !
2026-02-19 18:30:16,152 [INFO] taskcoachlib.gui.viewer.container: ViewerContainer.__getattr__ retourne l'attribut <bound method Viewer.curselection of <taskcoachlib.gui.viewer.task.TaskViewer object at 0x7f260a5c62a0>> avec l'ancienne méthode !
2026-02-19 18:30:16,152 [INFO] taskcoachlib.gui.viewer.container: ViewerContainer.__getattr__ retourne l'attribut <bound method Viewer.curselection of <taskcoachlib.gui.viewer.task.TaskViewer object at 0x7f260a5c62a0>> avec l'ancienne méthode !
2026-02-19 18:30:16,153 [DEBUG] taskcoachlib.domain.base.object: CompositeObject.subject : retourne le sujet de Task id=27ccbecc-6084-11e5-9f59-f07bcb8b1707 : Travailler sur mon Livre sur Ma Façon de Mixer.
2026-02-19 18:30:16,154 [DEBUG] taskcoachlib.domain.base.object: CompositeObject.subject : retourne le sujet de Task id=27ccbecc-6084-11e5-9f59-f07bcb8b1707 : Travailler sur mon Livre sur Ma Façon de Mixer.
2026-02-19 18:30:16,155 [DEBUG] taskcoachlib.domain.base.object: CompositeObject.subject : retourne le sujet de Task id=27ccbecc-6084-11e5-9f59-f07bcb8b1707 : Travailler sur mon Livre sur Ma Façon de Mixer.
2026-02-19 18:30:16,157 [DEBUG] taskcoachlib.domain.base.object: CompositeObject.subject : retourne le sujet de Task id=27ccbecc-6084-11e5-9f59-f07bcb8b1707 : Travailler sur mon Livre sur Ma Façon de Mixer.
2026-02-19 18:30:16,158 [DEBUG] taskcoachlib.domain.base.object: CompositeObject.subject : retourne le sujet de Task id=27ccbecc-6084-11e5-9f59-f07bcb8b1707 : Travailler sur mon Livre sur Ma Façon de Mixer.
2026-02-19 18:30:17,147 [DEBUG] taskcoachlib.domain.task.task: Task.__setattr__ : utilise la méthode super avec name=_Task__computed_status et value=inactive.
2026-02-19 18:30:17,147 [DEBUG] taskcoachlib.domain.task.task: Task.__setattr__ : utilise la méthode super avec name=_Task__status_text et value=Inactive.
2026-02-19 18:30:17,147 [DEBUG] taskcoachlib.domain.task.task: Task.__setattr__ : utilise la méthode super avec name=_Task__status_icon et value=led_grey_icon.
2026-02-19 18:30:17,147 [DEBUG] taskcoachlib.domain.task.task: Task.__setattr__ : utilise la méthode super avec name=_Task__status_source et value=No actual start date.
2026-02-19 18:30:17,152 [DEBUG] taskcoachlib.domain.task.task: Task.__setattr__ : utilise la méthode super avec name=_Task__status et value=inactive.
2026-02-19 18:30:17,152 [INFO] taskcoachlib.gui.viewer.container: ViewerContainer.__getattr__ retourne l'attribut <bound method Viewer.curselection of <taskcoachlib.gui.viewer.task.TaskViewer object at 0x7f260a5c62a0>> avec l'ancienne méthode !
2026-02-19 18:30:17,153 [INFO] taskcoachlib.gui.viewer.container: ViewerContainer.__getattr__ retourne l'attribut <bound method Viewer.curselection of <taskcoachlib.gui.viewer.task.TaskViewer object at 0x7f260a5c62a0>> avec l'ancienne méthode !
2026-02-19 18:30:17,153 [INFO] taskcoachlib.gui.viewer.container: ViewerContainer.__getattr__ retourne l'attribut <bound method Viewer.curselection of <taskcoachlib.gui.viewer.task.TaskViewer object at 0x7f260a5c62a0>> avec l'ancienne méthode !
2026-02-19 18:30:17,153 [DEBUG] taskcoachlib.domain.base.object: CompositeObject.subject : retourne le sujet de Task id=27ccbecc-6084-11e5-9f59-f07bcb8b1707 : Travailler sur mon Livre sur Ma Façon de Mixer.
2026-02-19 18:30:17,154 [DEBUG] taskcoachlib.domain.base.object: CompositeObject.subject : retourne le sujet de Task id=27ccbecc-6084-11e5-9f59-f07bcb8b1707 : Travailler sur mon Livre sur Ma Façon de Mixer.
2026-02-19 18:30:17,155 [DEBUG] taskcoachlib.domain.base.object: CompositeObject.subject : retourne le sujet de Task id=27ccbecc-6084-11e5-9f59-f07bcb8b1707 : Travailler sur mon Livre sur Ma Façon de Mixer.
2026-02-19 18:30:17,156 [DEBUG] taskcoachlib.domain.base.object: CompositeObject.subject : retourne le sujet de Task id=27ccbecc-6084-11e5-9f59-f07bcb8b1707 : Travailler sur mon Livre sur Ma Façon de Mixer.
2026-02-19 18:30:17,158 [DEBUG] taskcoachlib.domain.base.object: CompositeObject.subject : retourne le sujet de Task id=27ccbecc-6084-11e5-9f59-f07bcb8b1707 : Travailler sur mon Livre sur Ma Façon de Mixer.
2026-02-19 18:30:18,147 [DEBUG] taskcoachlib.domain.task.task: Task.__setattr__ : utilise la méthode super avec name=_Task__computed_status et value=inactive.
2026-02-19 18:30:18,148 [DEBUG] taskcoachlib.domain.task.task: Task.__setattr__ : utilise la méthode super avec name=_Task__status_text et value=Inactive.
2026-02-19 18:30:18,148 [DEBUG] taskcoachlib.domain.task.task: Task.__setattr__ : utilise la méthode super avec name=_Task__status_icon et value=led_grey_icon.
2026-02-19 18:30:18,148 [DEBUG] taskcoachlib.domain.task.task: Task.__setattr__ : utilise la méthode super avec name=_Task__status_source et value=No actual start date.
2026-02-19 18:30:18,152 [DEBUG] taskcoachlib.domain.task.task: Task.__setattr__ : utilise la méthode super avec name=_Task__status et value=inactive.
2026-02-19 18:30:18,152 [INFO] taskcoachlib.gui.viewer.container: ViewerContainer.__getattr__ retourne l'attribut <bound method Viewer.curselection of <taskcoachlib.gui.viewer.task.TaskViewer object at 0x7f260a5c62a0>> avec l'ancienne méthode !
2026-02-19 18:30:18,153 [INFO] taskcoachlib.gui.viewer.container: ViewerContainer.__getattr__ retourne l'attribut <bound method Viewer.curselection of <taskcoachlib.gui.viewer.task.TaskViewer object at 0x7f260a5c62a0>> avec l'ancienne méthode !
2026-02-19 18:30:18,153 [INFO] taskcoachlib.gui.viewer.container: ViewerContainer.__getattr__ retourne l'attribut <bound method Viewer.curselection of <taskcoachlib.gui.viewer.task.TaskViewer object at 0x7f260a5c62a0>> avec l'ancienne méthode !
2026-02-19 18:30:18,153 [DEBUG] taskcoachlib.domain.base.object: CompositeObject.subject : retourne le sujet de Task id=27ccbecc-6084-11e5-9f59-f07bcb8b1707 : Travailler sur mon Livre sur Ma Façon de Mixer.
2026-02-19 18:30:18,154 [DEBUG] taskcoachlib.domain.base.object: CompositeObject.subject : retourne le sujet de Task id=27ccbecc-6084-11e5-9f59-f07bcb8b1707 : Travailler sur mon Livre sur Ma Façon de Mixer.
2026-02-19 18:30:18,156 [DEBUG] taskcoachlib.domain.base.object: CompositeObject.subject : retourne le sujet de Task id=27ccbecc-6084-11e5-9f59-f07bcb8b1707 : Travailler sur mon Livre sur Ma Façon de Mixer.
2026-02-19 18:30:18,157 [DEBUG] taskcoachlib.domain.base.object: CompositeObject.subject : retourne le sujet de Task id=27ccbecc-6084-11e5-9f59-f07bcb8b1707 : Travailler sur mon Livre sur Ma Façon de Mixer.
2026-02-19 18:30:18,158 [DEBUG] taskcoachlib.domain.base.object: CompositeObject.subject : retourne le sujet de Task id=27ccbecc-6084-11e5-9f59-f07bcb8b1707 : Travailler sur mon Livre sur Ma Façon de Mixer.
2026-02-19 18:30:19,148 [DEBUG] taskcoachlib.domain.task.task: Task.__setattr__ : utilise la méthode super avec name=_Task__computed_status et value=inactive.
2026-02-19 18:30:19,148 [DEBUG] taskcoachlib.domain.task.task: Task.__setattr__ : utilise la méthode super avec name=_Task__status_text et value=Inactive.
2026-02-19 18:30:19,148 [DEBUG] taskcoachlib.domain.task.task: Task.__setattr__ : utilise la méthode super avec name=_Task__status_icon et value=led_grey_icon.
2026-02-19 18:30:19,148 [DEBUG] taskcoachlib.domain.task.task: Task.__setattr__ : utilise la méthode super avec name=_Task__status_source et value=No actual start date.
2026-02-19 18:30:19,153 [DEBUG] taskcoachlib.domain.task.task: Task.__setattr__ : utilise la méthode super avec name=_Task__status et value=inactive.
2026-02-19 18:30:19,153 [INFO] taskcoachlib.gui.viewer.container: ViewerContainer.__getattr__ retourne l'attribut <bound method Viewer.curselection of <taskcoachlib.gui.viewer.task.TaskViewer object at 0x7f260a5c62a0>> avec l'ancienne méthode !
2026-02-19 18:30:19,153 [INFO] taskcoachlib.gui.viewer.container: ViewerContainer.__getattr__ retourne l'attribut <bound method Viewer.curselection of <taskcoachlib.gui.viewer.task.TaskViewer object at 0x7f260a5c62a0>> avec l'ancienne méthode !
2026-02-19 18:30:19,153 [INFO] taskcoachlib.gui.viewer.container: ViewerContainer.__getattr__ retourne l'attribut <bound method Viewer.curselection of <taskcoachlib.gui.viewer.task.TaskViewer object at 0x7f260a5c62a0>> avec l'ancienne méthode !
2026-02-19 18:30:19,154 [DEBUG] taskcoachlib.domain.base.object: CompositeObject.subject : retourne le sujet de Task id=27ccbecc-6084-11e5-9f59-f07bcb8b1707 : Travailler sur mon Livre sur Ma Façon de Mixer.
2026-02-19 18:30:19,155 [DEBUG] taskcoachlib.domain.base.object: CompositeObject.subject : retourne le sujet de Task id=27ccbecc-6084-11e5-9f59-f07bcb8b1707 : Travailler sur mon Livre sur Ma Façon de Mixer.
2026-02-19 18:30:19,156 [DEBUG] taskcoachlib.domain.base.object: CompositeObject.subject : retourne le sujet de Task id=27ccbecc-6084-11e5-9f59-f07bcb8b1707 : Travailler sur mon Livre sur Ma Façon de Mixer.
2026-02-19 18:30:19,157 [DEBUG] taskcoachlib.domain.base.object: CompositeObject.subject : retourne le sujet de Task id=27ccbecc-6084-11e5-9f59-f07bcb8b1707 : Travailler sur mon Livre sur Ma Façon de Mixer.
2026-02-19 18:30:19,158 [DEBUG] taskcoachlib.domain.base.object: CompositeObject.subject : retourne le sujet de Task id=27ccbecc-6084-11e5-9f59-f07bcb8b1707 : Travailler sur mon Livre sur Ma Façon de Mixer.
2026-02-19 18:30:20,148 [DEBUG] taskcoachlib.domain.task.task: Task.__setattr__ : utilise la méthode super avec name=_Task__computed_status et value=inactive.
2026-02-19 18:30:20,148 [DEBUG] taskcoachlib.domain.task.task: Task.__setattr__ : utilise la méthode super avec name=_Task__status_text et value=Inactive.
2026-02-19 18:30:20,148 [DEBUG] taskcoachlib.domain.task.task: Task.__setattr__ : utilise la méthode super avec name=_Task__status_icon et value=led_grey_icon.
2026-02-19 18:30:20,149 [DEBUG] taskcoachlib.domain.task.task: Task.__setattr__ : utilise la méthode super avec name=_Task__status_source et value=No actual start date.
2026-02-19 18:30:20,153 [DEBUG] taskcoachlib.domain.task.task: Task.__setattr__ : utilise la méthode super avec name=_Task__status et value=inactive.
2026-02-19 18:30:20,154 [INFO] taskcoachlib.gui.viewer.container: ViewerContainer.__getattr__ retourne l'attribut <bound method Viewer.curselection of <taskcoachlib.gui.viewer.task.TaskViewer object at 0x7f260a5c62a0>> avec l'ancienne méthode !
2026-02-19 18:30:20,154 [INFO] taskcoachlib.gui.viewer.container: ViewerContainer.__getattr__ retourne l'attribut <bound method Viewer.curselection of <taskcoachlib.gui.viewer.task.TaskViewer object at 0x7f260a5c62a0>> avec l'ancienne méthode !
2026-02-19 18:30:20,154 [INFO] taskcoachlib.gui.viewer.container: ViewerContainer.__getattr__ retourne l'attribut <bound method Viewer.curselection of <taskcoachlib.gui.viewer.task.TaskViewer object at 0x7f260a5c62a0>> avec l'ancienne méthode !
2026-02-19 18:30:20,155 [DEBUG] taskcoachlib.domain.base.object: CompositeObject.subject : retourne le sujet de Task id=27ccbecc-6084-11e5-9f59-f07bcb8b1707 : Travailler sur mon Livre sur Ma Façon de Mixer.
2026-02-19 18:30:20,156 [DEBUG] taskcoachlib.domain.base.object: CompositeObject.subject : retourne le sujet de Task id=27ccbecc-6084-11e5-9f59-f07bcb8b1707 : Travailler sur mon Livre sur Ma Façon de Mixer.
2026-02-19 18:30:20,157 [DEBUG] taskcoachlib.domain.base.object: CompositeObject.subject : retourne le sujet de Task id=27ccbecc-6084-11e5-9f59-f07bcb8b1707 : Travailler sur mon Livre sur Ma Façon de Mixer.
2026-02-19 18:30:20,159 [DEBUG] taskcoachlib.domain.base.object: CompositeObject.subject : retourne le sujet de Task id=27ccbecc-6084-11e5-9f59-f07bcb8b1707 : Travailler sur mon Livre sur Ma Façon de Mixer.
2026-02-19 18:30:20,160 [DEBUG] taskcoachlib.domain.base.object: CompositeObject.subject : retourne le sujet de Task id=27ccbecc-6084-11e5-9f59-f07bcb8b1707 : Travailler sur mon Livre sur Ma Façon de Mixer.
2026-02-19 18:30:21,148 [DEBUG] taskcoachlib.domain.task.task: Task.__setattr__ : utilise la méthode super avec name=_Task__computed_status et value=inactive.
2026-02-19 18:30:21,148 [DEBUG] taskcoachlib.domain.task.task: Task.__setattr__ : utilise la méthode super avec name=_Task__status_text et value=Inactive.
2026-02-19 18:30:21,149 [DEBUG] taskcoachlib.domain.task.task: Task.__setattr__ : utilise la méthode super avec name=_Task__status_icon et value=led_grey_icon.
2026-02-19 18:30:21,149 [DEBUG] taskcoachlib.domain.task.task: Task.__setattr__ : utilise la méthode super avec name=_Task__status_source et value=No actual start date.
2026-02-19 18:30:21,153 [DEBUG] taskcoachlib.domain.task.task: Task.__setattr__ : utilise la méthode super avec name=_Task__status et value=inactive.
2026-02-19 18:30:21,153 [INFO] taskcoachlib.gui.viewer.container: ViewerContainer.__getattr__ retourne l'attribut <bound method Viewer.curselection of <taskcoachlib.gui.viewer.task.TaskViewer object at 0x7f260a5c62a0>> avec l'ancienne méthode !
2026-02-19 18:30:21,154 [INFO] taskcoachlib.gui.viewer.container: ViewerContainer.__getattr__ retourne l'attribut <bound method Viewer.curselection of <taskcoachlib.gui.viewer.task.TaskViewer object at 0x7f260a5c62a0>> avec l'ancienne méthode !
2026-02-19 18:30:21,154 [INFO] taskcoachlib.gui.viewer.container: ViewerContainer.__getattr__ retourne l'attribut <bound method Viewer.curselection of <taskcoachlib.gui.viewer.task.TaskViewer object at 0x7f260a5c62a0>> avec l'ancienne méthode !
2026-02-19 18:30:21,154 [DEBUG] taskcoachlib.domain.base.object: CompositeObject.subject : retourne le sujet de Task id=27ccbecc-6084-11e5-9f59-f07bcb8b1707 : Travailler sur mon Livre sur Ma Façon de Mixer.
2026-02-19 18:30:21,155 [DEBUG] taskcoachlib.domain.base.object: CompositeObject.subject : retourne le sujet de Task id=27ccbecc-6084-11e5-9f59-f07bcb8b1707 : Travailler sur mon Livre sur Ma Façon de Mixer.
2026-02-19 18:30:21,157 [DEBUG] taskcoachlib.domain.base.object: CompositeObject.subject : retourne le sujet de Task id=27ccbecc-6084-11e5-9f59-f07bcb8b1707 : Travailler sur mon Livre sur Ma Façon de Mixer.
2026-02-19 18:30:21,158 [DEBUG] taskcoachlib.domain.base.object: CompositeObject.subject : retourne le sujet de Task id=27ccbecc-6084-11e5-9f59-f07bcb8b1707 : Travailler sur mon Livre sur Ma Façon de Mixer.
2026-02-19 18:30:21,159 [DEBUG] taskcoachlib.domain.base.object: CompositeObject.subject : retourne le sujet de Task id=27ccbecc-6084-11e5-9f59-f07bcb8b1707 : Travailler sur mon Livre sur Ma Façon de Mixer.
2026-02-19 18:30:22,148 [DEBUG] taskcoachlib.domain.task.task: Task.__setattr__ : utilise la méthode super avec name=_Task__computed_status et value=inactive.
2026-02-19 18:30:22,149 [DEBUG] taskcoachlib.domain.task.task: Task.__setattr__ : utilise la méthode super avec name=_Task__status_text et value=Inactive.
2026-02-19 18:30:22,149 [DEBUG] taskcoachlib.domain.task.task: Task.__setattr__ : utilise la méthode super avec name=_Task__status_icon et value=led_grey_icon.
2026-02-19 18:30:22,149 [DEBUG] taskcoachlib.domain.task.task: Task.__setattr__ : utilise la méthode super avec name=_Task__status_source et value=No actual start date.
2026-02-19 18:30:22,154 [DEBUG] taskcoachlib.domain.task.task: Task.__setattr__ : utilise la méthode super avec name=_Task__status et value=inactive.
2026-02-19 18:30:22,154 [INFO] taskcoachlib.gui.viewer.container: ViewerContainer.__getattr__ retourne l'attribut <bound method Viewer.curselection of <taskcoachlib.gui.viewer.task.TaskViewer object at 0x7f260a5c62a0>> avec l'ancienne méthode !
2026-02-19 18:30:22,154 [INFO] taskcoachlib.gui.viewer.container: ViewerContainer.__getattr__ retourne l'attribut <bound method Viewer.curselection of <taskcoachlib.gui.viewer.task.TaskViewer object at 0x7f260a5c62a0>> avec l'ancienne méthode !
2026-02-19 18:30:22,155 [INFO] taskcoachlib.gui.viewer.container: ViewerContainer.__getattr__ retourne l'attribut <bound method Viewer.curselection of <taskcoachlib.gui.viewer.task.TaskViewer object at 0x7f260a5c62a0>> avec l'ancienne méthode !
2026-02-19 18:30:22,155 [DEBUG] taskcoachlib.domain.base.object: CompositeObject.subject : retourne le sujet de Task id=27ccbecc-6084-11e5-9f59-f07bcb8b1707 : Travailler sur mon Livre sur Ma Façon de Mixer.
2026-02-19 18:30:22,156 [DEBUG] taskcoachlib.domain.base.object: CompositeObject.subject : retourne le sujet de Task id=27ccbecc-6084-11e5-9f59-f07bcb8b1707 : Travailler sur mon Livre sur Ma Façon de Mixer.
2026-02-19 18:30:22,158 [DEBUG] taskcoachlib.domain.base.object: CompositeObject.subject : retourne le sujet de Task id=27ccbecc-6084-11e5-9f59-f07bcb8b1707 : Travailler sur mon Livre sur Ma Façon de Mixer.
2026-02-19 18:30:22,159 [DEBUG] taskcoachlib.domain.base.object: CompositeObject.subject : retourne le sujet de Task id=27ccbecc-6084-11e5-9f59-f07bcb8b1707 : Travailler sur mon Livre sur Ma Façon de Mixer.
2026-02-19 18:30:22,160 [DEBUG] taskcoachlib.domain.base.object: CompositeObject.subject : retourne le sujet de Task id=27ccbecc-6084-11e5-9f59-f07bcb8b1707 : Travailler sur mon Livre sur Ma Façon de Mixer.
2026-02-19 18:30:23,149 [DEBUG] taskcoachlib.domain.task.task: Task.__setattr__ : utilise la méthode super avec name=_Task__computed_status et value=inactive.
2026-02-19 18:30:23,149 [DEBUG] taskcoachlib.domain.task.task: Task.__setattr__ : utilise la méthode super avec name=_Task__status_text et value=Inactive.
2026-02-19 18:30:23,149 [DEBUG] taskcoachlib.domain.task.task: Task.__setattr__ : utilise la méthode super avec name=_Task__status_icon et value=led_grey_icon.
2026-02-19 18:30:23,149 [DEBUG] taskcoachlib.domain.task.task: Task.__setattr__ : utilise la méthode super avec name=_Task__status_source et value=No actual start date.
2026-02-19 18:30:23,153 [DEBUG] taskcoachlib.domain.task.task: Task.__setattr__ : utilise la méthode super avec name=_Task__status et value=inactive.
2026-02-19 18:30:23,153 [INFO] taskcoachlib.gui.viewer.container: ViewerContainer.__getattr__ retourne l'attribut <bound method Viewer.curselection of <taskcoachlib.gui.viewer.task.TaskViewer object at 0x7f260a5c62a0>> avec l'ancienne méthode !
2026-02-19 18:30:23,154 [INFO] taskcoachlib.gui.viewer.container: ViewerContainer.__getattr__ retourne l'attribut <bound method Viewer.curselection of <taskcoachlib.gui.viewer.task.TaskViewer object at 0x7f260a5c62a0>> avec l'ancienne méthode !
2026-02-19 18:30:23,154 [INFO] taskcoachlib.gui.viewer.container: ViewerContainer.__getattr__ retourne l'attribut <bound method Viewer.curselection of <taskcoachlib.gui.viewer.task.TaskViewer object at 0x7f260a5c62a0>> avec l'ancienne méthode !
2026-02-19 18:30:23,154 [DEBUG] taskcoachlib.domain.base.object: CompositeObject.subject : retourne le sujet de Task id=27ccbecc-6084-11e5-9f59-f07bcb8b1707 : Travailler sur mon Livre sur Ma Façon de Mixer.
2026-02-19 18:30:23,155 [DEBUG] taskcoachlib.domain.base.object: CompositeObject.subject : retourne le sujet de Task id=27ccbecc-6084-11e5-9f59-f07bcb8b1707 : Travailler sur mon Livre sur Ma Façon de Mixer.
2026-02-19 18:30:23,156 [DEBUG] taskcoachlib.domain.base.object: CompositeObject.subject : retourne le sujet de Task id=27ccbecc-6084-11e5-9f59-f07bcb8b1707 : Travailler sur mon Livre sur Ma Façon de Mixer.
2026-02-19 18:30:23,157 [DEBUG] taskcoachlib.domain.base.object: CompositeObject.subject : retourne le sujet de Task id=27ccbecc-6084-11e5-9f59-f07bcb8b1707 : Travailler sur mon Livre sur Ma Façon de Mixer.
2026-02-19 18:30:23,158 [DEBUG] taskcoachlib.domain.base.object: CompositeObject.subject : retourne le sujet de Task id=27ccbecc-6084-11e5-9f59-f07bcb8b1707 : Travailler sur mon Livre sur Ma Façon de Mixer.
2026-02-19 18:30:24,149 [DEBUG] taskcoachlib.domain.task.task: Task.__setattr__ : utilise la méthode super avec name=_Task__computed_status et value=inactive.
2026-02-19 18:30:24,149 [DEBUG] taskcoachlib.domain.task.task: Task.__setattr__ : utilise la méthode super avec name=_Task__status_text et value=Inactive.
2026-02-19 18:30:24,149 [DEBUG] taskcoachlib.domain.task.task: Task.__setattr__ : utilise la méthode super avec name=_Task__status_icon et value=led_grey_icon.
2026-02-19 18:30:24,150 [DEBUG] taskcoachlib.domain.task.task: Task.__setattr__ : utilise la méthode super avec name=_Task__status_source et value=No actual start date.
2026-02-19 18:30:24,152 [DEBUG] taskcoachlib.domain.task.task: Task.__setattr__ : utilise la méthode super avec name=_Task__status et value=inactive.
2026-02-19 18:30:24,152 [INFO] taskcoachlib.gui.viewer.container: ViewerContainer.__getattr__ retourne l'attribut <bound method Viewer.curselection of <taskcoachlib.gui.viewer.task.TaskViewer object at 0x7f260a5c62a0>> avec l'ancienne méthode !
2026-02-19 18:30:24,153 [INFO] taskcoachlib.gui.viewer.container: ViewerContainer.__getattr__ retourne l'attribut <bound method Viewer.curselection of <taskcoachlib.gui.viewer.task.TaskViewer object at 0x7f260a5c62a0>> avec l'ancienne méthode !
2026-02-19 18:30:24,153 [INFO] taskcoachlib.gui.viewer.container: ViewerContainer.__getattr__ retourne l'attribut <bound method Viewer.curselection of <taskcoachlib.gui.viewer.task.TaskViewer object at 0x7f260a5c62a0>> avec l'ancienne méthode !
2026-02-19 18:30:24,153 [DEBUG] taskcoachlib.domain.base.object: CompositeObject.subject : retourne le sujet de Task id=27ccbecc-6084-11e5-9f59-f07bcb8b1707 : Travailler sur mon Livre sur Ma Façon de Mixer.
2026-02-19 18:30:24,154 [DEBUG] taskcoachlib.domain.base.object: CompositeObject.subject : retourne le sujet de Task id=27ccbecc-6084-11e5-9f59-f07bcb8b1707 : Travailler sur mon Livre sur Ma Façon de Mixer.
2026-02-19 18:30:24,154 [DEBUG] taskcoachlib.domain.base.object: CompositeObject.subject : retourne le sujet de Task id=27ccbecc-6084-11e5-9f59-f07bcb8b1707 : Travailler sur mon Livre sur Ma Façon de Mixer.
2026-02-19 18:30:24,155 [DEBUG] taskcoachlib.domain.base.object: CompositeObject.subject : retourne le sujet de Task id=27ccbecc-6084-11e5-9f59-f07bcb8b1707 : Travailler sur mon Livre sur Ma Façon de Mixer.
2026-02-19 18:30:24,155 [DEBUG] taskcoachlib.domain.base.object: CompositeObject.subject : retourne le sujet de Task id=27ccbecc-6084-11e5-9f59-f07bcb8b1707 : Travailler sur mon Livre sur Ma Façon de Mixer.
2026-02-19 18:30:25,149 [DEBUG] taskcoachlib.domain.task.task: Task.__setattr__ : utilise la méthode super avec name=_Task__computed_status et value=inactive.
2026-02-19 18:30:25,149 [DEBUG] taskcoachlib.domain.task.task: Task.__setattr__ : utilise la méthode super avec name=_Task__status_text et value=Inactive.
2026-02-19 18:30:25,150 [DEBUG] taskcoachlib.domain.task.task: Task.__setattr__ : utilise la méthode super avec name=_Task__status_icon et value=led_grey_icon.
2026-02-19 18:30:25,150 [DEBUG] taskcoachlib.domain.task.task: Task.__setattr__ : utilise la méthode super avec name=_Task__status_source et value=No actual start date.
2026-02-19 18:30:25,154 [DEBUG] taskcoachlib.domain.task.task: Task.__setattr__ : utilise la méthode super avec name=_Task__status et value=inactive.
2026-02-19 18:30:25,154 [INFO] taskcoachlib.gui.viewer.container: ViewerContainer.__getattr__ retourne l'attribut <bound method Viewer.curselection of <taskcoachlib.gui.viewer.task.TaskViewer object at 0x7f260a5c62a0>> avec l'ancienne méthode !
2026-02-19 18:30:25,155 [INFO] taskcoachlib.gui.viewer.container: ViewerContainer.__getattr__ retourne l'attribut <bound method Viewer.curselection of <taskcoachlib.gui.viewer.task.TaskViewer object at 0x7f260a5c62a0>> avec l'ancienne méthode !
2026-02-19 18:30:25,155 [INFO] taskcoachlib.gui.viewer.container: ViewerContainer.__getattr__ retourne l'attribut <bound method Viewer.curselection of <taskcoachlib.gui.viewer.task.TaskViewer object at 0x7f260a5c62a0>> avec l'ancienne méthode !
2026-02-19 18:30:25,155 [DEBUG] taskcoachlib.domain.base.object: CompositeObject.subject : retourne le sujet de Task id=27ccbecc-6084-11e5-9f59-f07bcb8b1707 : Travailler sur mon Livre sur Ma Façon de Mixer.
2026-02-19 18:30:25,156 [DEBUG] taskcoachlib.domain.base.object: CompositeObject.subject : retourne le sujet de Task id=27ccbecc-6084-11e5-9f59-f07bcb8b1707 : Travailler sur mon Livre sur Ma Façon de Mixer.
2026-02-19 18:30:25,158 [DEBUG] taskcoachlib.domain.base.object: CompositeObject.subject : retourne le sujet de Task id=27ccbecc-6084-11e5-9f59-f07bcb8b1707 : Travailler sur mon Livre sur Ma Façon de Mixer.
2026-02-19 18:30:25,159 [DEBUG] taskcoachlib.domain.base.object: CompositeObject.subject : retourne le sujet de Task id=27ccbecc-6084-11e5-9f59-f07bcb8b1707 : Travailler sur mon Livre sur Ma Façon de Mixer.
2026-02-19 18:30:25,160 [DEBUG] taskcoachlib.domain.base.object: CompositeObject.subject : retourne le sujet de Task id=27ccbecc-6084-11e5-9f59-f07bcb8b1707 : Travailler sur mon Livre sur Ma Façon de Mixer.
2026-02-19 18:30:26,150 [DEBUG] taskcoachlib.domain.task.task: Task.__setattr__ : utilise la méthode super avec name=_Task__computed_status et value=inactive.
2026-02-19 18:30:26,150 [DEBUG] taskcoachlib.domain.task.task: Task.__setattr__ : utilise la méthode super avec name=_Task__status_text et value=Inactive.
2026-02-19 18:30:26,150 [DEBUG] taskcoachlib.domain.task.task: Task.__setattr__ : utilise la méthode super avec name=_Task__status_icon et value=led_grey_icon.
2026-02-19 18:30:26,150 [DEBUG] taskcoachlib.domain.task.task: Task.__setattr__ : utilise la méthode super avec name=_Task__status_source et value=No actual start date.
2026-02-19 18:30:26,155 [DEBUG] taskcoachlib.domain.task.task: Task.__setattr__ : utilise la méthode super avec name=_Task__status et value=inactive.
2026-02-19 18:30:26,155 [INFO] taskcoachlib.gui.viewer.container: ViewerContainer.__getattr__ retourne l'attribut <bound method Viewer.curselection of <taskcoachlib.gui.viewer.task.TaskViewer object at 0x7f260a5c62a0>> avec l'ancienne méthode !
2026-02-19 18:30:26,155 [INFO] taskcoachlib.gui.viewer.container: ViewerContainer.__getattr__ retourne l'attribut <bound method Viewer.curselection of <taskcoachlib.gui.viewer.task.TaskViewer object at 0x7f260a5c62a0>> avec l'ancienne méthode !
2026-02-19 18:30:26,155 [INFO] taskcoachlib.gui.viewer.container: ViewerContainer.__getattr__ retourne l'attribut <bound method Viewer.curselection of <taskcoachlib.gui.viewer.task.TaskViewer object at 0x7f260a5c62a0>> avec l'ancienne méthode !
2026-02-19 18:30:26,156 [DEBUG] taskcoachlib.domain.base.object: CompositeObject.subject : retourne le sujet de Task id=27ccbecc-6084-11e5-9f59-f07bcb8b1707 : Travailler sur mon Livre sur Ma Façon de Mixer.
2026-02-19 18:30:26,157 [DEBUG] taskcoachlib.domain.base.object: CompositeObject.subject : retourne le sujet de Task id=27ccbecc-6084-11e5-9f59-f07bcb8b1707 : Travailler sur mon Livre sur Ma Façon de Mixer.
2026-02-19 18:30:26,158 [DEBUG] taskcoachlib.domain.base.object: CompositeObject.subject : retourne le sujet de Task id=27ccbecc-6084-11e5-9f59-f07bcb8b1707 : Travailler sur mon Livre sur Ma Façon de Mixer.
2026-02-19 18:30:26,159 [DEBUG] taskcoachlib.domain.base.object: CompositeObject.subject : retourne le sujet de Task id=27ccbecc-6084-11e5-9f59-f07bcb8b1707 : Travailler sur mon Livre sur Ma Façon de Mixer.
2026-02-19 18:30:26,161 [DEBUG] taskcoachlib.domain.base.object: CompositeObject.subject : retourne le sujet de Task id=27ccbecc-6084-11e5-9f59-f07bcb8b1707 : Travailler sur mon Livre sur Ma Façon de Mixer.
2026-02-19 18:30:27,150 [DEBUG] taskcoachlib.domain.task.task: Task.__setattr__ : utilise la méthode super avec name=_Task__computed_status et value=inactive.
2026-02-19 18:30:27,150 [DEBUG] taskcoachlib.domain.task.task: Task.__setattr__ : utilise la méthode super avec name=_Task__status_text et value=Inactive.
2026-02-19 18:30:27,151 [DEBUG] taskcoachlib.domain.task.task: Task.__setattr__ : utilise la méthode super avec name=_Task__status_icon et value=led_grey_icon.
2026-02-19 18:30:27,151 [DEBUG] taskcoachlib.domain.task.task: Task.__setattr__ : utilise la méthode super avec name=_Task__status_source et value=No actual start date.
2026-02-19 18:30:27,154 [DEBUG] taskcoachlib.domain.task.task: Task.__setattr__ : utilise la méthode super avec name=_Task__status et value=inactive.
2026-02-19 18:30:27,155 [INFO] taskcoachlib.gui.viewer.container: ViewerContainer.__getattr__ retourne l'attribut <bound method Viewer.curselection of <taskcoachlib.gui.viewer.task.TaskViewer object at 0x7f260a5c62a0>> avec l'ancienne méthode !
2026-02-19 18:30:27,155 [INFO] taskcoachlib.gui.viewer.container: ViewerContainer.__getattr__ retourne l'attribut <bound method Viewer.curselection of <taskcoachlib.gui.viewer.task.TaskViewer object at 0x7f260a5c62a0>> avec l'ancienne méthode !
2026-02-19 18:30:27,155 [INFO] taskcoachlib.gui.viewer.container: ViewerContainer.__getattr__ retourne l'attribut <bound method Viewer.curselection of <taskcoachlib.gui.viewer.task.TaskViewer object at 0x7f260a5c62a0>> avec l'ancienne méthode !
2026-02-19 18:30:27,155 [DEBUG] taskcoachlib.domain.base.object: CompositeObject.subject : retourne le sujet de Task id=27ccbecc-6084-11e5-9f59-f07bcb8b1707 : Travailler sur mon Livre sur Ma Façon de Mixer.
2026-02-19 18:30:27,156 [DEBUG] taskcoachlib.domain.base.object: CompositeObject.subject : retourne le sujet de Task id=27ccbecc-6084-11e5-9f59-f07bcb8b1707 : Travailler sur mon Livre sur Ma Façon de Mixer.
2026-02-19 18:30:27,156 [DEBUG] taskcoachlib.domain.base.object: CompositeObject.subject : retourne le sujet de Task id=27ccbecc-6084-11e5-9f59-f07bcb8b1707 : Travailler sur mon Livre sur Ma Façon de Mixer.
2026-02-19 18:30:27,157 [DEBUG] taskcoachlib.domain.base.object: CompositeObject.subject : retourne le sujet de Task id=27ccbecc-6084-11e5-9f59-f07bcb8b1707 : Travailler sur mon Livre sur Ma Façon de Mixer.
2026-02-19 18:30:27,157 [DEBUG] taskcoachlib.domain.base.object: CompositeObject.subject : retourne le sujet de Task id=27ccbecc-6084-11e5-9f59-f07bcb8b1707 : Travailler sur mon Livre sur Ma Façon de Mixer.
2026-02-19 18:30:28,150 [DEBUG] taskcoachlib.domain.task.task: Task.__setattr__ : utilise la méthode super avec name=_Task__computed_status et value=inactive.
2026-02-19 18:30:28,150 [DEBUG] taskcoachlib.domain.task.task: Task.__setattr__ : utilise la méthode super avec name=_Task__status_text et value=Inactive.
2026-02-19 18:30:28,150 [DEBUG] taskcoachlib.domain.task.task: Task.__setattr__ : utilise la méthode super avec name=_Task__status_icon et value=led_grey_icon.
2026-02-19 18:30:28,151 [DEBUG] taskcoachlib.domain.task.task: Task.__setattr__ : utilise la méthode super avec name=_Task__status_source et value=No actual start date.
2026-02-19 18:30:28,155 [DEBUG] taskcoachlib.domain.task.task: Task.__setattr__ : utilise la méthode super avec name=_Task__status et value=inactive.
2026-02-19 18:30:28,155 [INFO] taskcoachlib.gui.viewer.container: ViewerContainer.__getattr__ retourne l'attribut <bound method Viewer.curselection of <taskcoachlib.gui.viewer.task.TaskViewer object at 0x7f260a5c62a0>> avec l'ancienne méthode !
2026-02-19 18:30:28,156 [INFO] taskcoachlib.gui.viewer.container: ViewerContainer.__getattr__ retourne l'attribut <bound method Viewer.curselection of <taskcoachlib.gui.viewer.task.TaskViewer object at 0x7f260a5c62a0>> avec l'ancienne méthode !
2026-02-19 18:30:28,156 [INFO] taskcoachlib.gui.viewer.container: ViewerContainer.__getattr__ retourne l'attribut <bound method Viewer.curselection of <taskcoachlib.gui.viewer.task.TaskViewer object at 0x7f260a5c62a0>> avec l'ancienne méthode !
2026-02-19 18:30:28,156 [DEBUG] taskcoachlib.domain.base.object: CompositeObject.subject : retourne le sujet de Task id=27ccbecc-6084-11e5-9f59-f07bcb8b1707 : Travailler sur mon Livre sur Ma Façon de Mixer.
2026-02-19 18:30:28,157 [DEBUG] taskcoachlib.domain.base.object: CompositeObject.subject : retourne le sujet de Task id=27ccbecc-6084-11e5-9f59-f07bcb8b1707 : Travailler sur mon Livre sur Ma Façon de Mixer.
2026-02-19 18:30:28,159 [DEBUG] taskcoachlib.domain.base.object: CompositeObject.subject : retourne le sujet de Task id=27ccbecc-6084-11e5-9f59-f07bcb8b1707 : Travailler sur mon Livre sur Ma Façon de Mixer.
2026-02-19 18:30:28,160 [DEBUG] taskcoachlib.domain.base.object: CompositeObject.subject : retourne le sujet de Task id=27ccbecc-6084-11e5-9f59-f07bcb8b1707 : Travailler sur mon Livre sur Ma Façon de Mixer.
2026-02-19 18:30:28,161 [DEBUG] taskcoachlib.domain.base.object: CompositeObject.subject : retourne le sujet de Task id=27ccbecc-6084-11e5-9f59-f07bcb8b1707 : Travailler sur mon Livre sur Ma Façon de Mixer.
2026-02-19 18:30:29,150 [DEBUG] taskcoachlib.domain.task.task: Task.__setattr__ : utilise la méthode super avec name=_Task__computed_status et value=inactive.
2026-02-19 18:30:29,151 [DEBUG] taskcoachlib.domain.task.task: Task.__setattr__ : utilise la méthode super avec name=_Task__status_text et value=Inactive.
2026-02-19 18:30:29,151 [DEBUG] taskcoachlib.domain.task.task: Task.__setattr__ : utilise la méthode super avec name=_Task__status_icon et value=led_grey_icon.
2026-02-19 18:30:29,151 [DEBUG] taskcoachlib.domain.task.task: Task.__setattr__ : utilise la méthode super avec name=_Task__status_source et value=No actual start date.
2026-02-19 18:30:29,155 [DEBUG] taskcoachlib.domain.task.task: Task.__setattr__ : utilise la méthode super avec name=_Task__status et value=inactive.
2026-02-19 18:30:29,156 [INFO] taskcoachlib.gui.viewer.container: ViewerContainer.__getattr__ retourne l'attribut <bound method Viewer.curselection of <taskcoachlib.gui.viewer.task.TaskViewer object at 0x7f260a5c62a0>> avec l'ancienne méthode !
2026-02-19 18:30:29,156 [INFO] taskcoachlib.gui.viewer.container: ViewerContainer.__getattr__ retourne l'attribut <bound method Viewer.curselection of <taskcoachlib.gui.viewer.task.TaskViewer object at 0x7f260a5c62a0>> avec l'ancienne méthode !
2026-02-19 18:30:29,156 [INFO] taskcoachlib.gui.viewer.container: ViewerContainer.__getattr__ retourne l'attribut <bound method Viewer.curselection of <taskcoachlib.gui.viewer.task.TaskViewer object at 0x7f260a5c62a0>> avec l'ancienne méthode !
2026-02-19 18:30:29,157 [DEBUG] taskcoachlib.domain.base.object: CompositeObject.subject : retourne le sujet de Task id=27ccbecc-6084-11e5-9f59-f07bcb8b1707 : Travailler sur mon Livre sur Ma Façon de Mixer.
2026-02-19 18:30:29,158 [DEBUG] taskcoachlib.domain.base.object: CompositeObject.subject : retourne le sujet de Task id=27ccbecc-6084-11e5-9f59-f07bcb8b1707 : Travailler sur mon Livre sur Ma Façon de Mixer.
2026-02-19 18:30:29,159 [DEBUG] taskcoachlib.domain.base.object: CompositeObject.subject : retourne le sujet de Task id=27ccbecc-6084-11e5-9f59-f07bcb8b1707 : Travailler sur mon Livre sur Ma Façon de Mixer.
2026-02-19 18:30:29,161 [DEBUG] taskcoachlib.domain.base.object: CompositeObject.subject : retourne le sujet de Task id=27ccbecc-6084-11e5-9f59-f07bcb8b1707 : Travailler sur mon Livre sur Ma Façon de Mixer.
2026-02-19 18:30:29,162 [DEBUG] taskcoachlib.domain.base.object: CompositeObject.subject : retourne le sujet de Task id=27ccbecc-6084-11e5-9f59-f07bcb8b1707 : Travailler sur mon Livre sur Ma Façon de Mixer.
2026-02-19 18:30:30,151 [DEBUG] taskcoachlib.domain.task.task: Task.__setattr__ : utilise la méthode super avec name=_Task__computed_status et value=inactive.
2026-02-19 18:30:30,151 [DEBUG] taskcoachlib.domain.task.task: Task.__setattr__ : utilise la méthode super avec name=_Task__status_text et value=Inactive.
2026-02-19 18:30:30,151 [DEBUG] taskcoachlib.domain.task.task: Task.__setattr__ : utilise la méthode super avec name=_Task__status_icon et value=led_grey_icon.
2026-02-19 18:30:30,152 [DEBUG] taskcoachlib.domain.task.task: Task.__setattr__ : utilise la méthode super avec name=_Task__status_source et value=No actual start date.
2026-02-19 18:30:30,156 [DEBUG] taskcoachlib.domain.task.task: Task.__setattr__ : utilise la méthode super avec name=_Task__status et value=inactive.
2026-02-19 18:30:30,156 [INFO] taskcoachlib.gui.viewer.container: ViewerContainer.__getattr__ retourne l'attribut <bound method Viewer.curselection of <taskcoachlib.gui.viewer.task.TaskViewer object at 0x7f260a5c62a0>> avec l'ancienne méthode !
2026-02-19 18:30:30,157 [INFO] taskcoachlib.gui.viewer.container: ViewerContainer.__getattr__ retourne l'attribut <bound method Viewer.curselection of <taskcoachlib.gui.viewer.task.TaskViewer object at 0x7f260a5c62a0>> avec l'ancienne méthode !
2026-02-19 18:30:30,157 [INFO] taskcoachlib.gui.viewer.container: ViewerContainer.__getattr__ retourne l'attribut <bound method Viewer.curselection of <taskcoachlib.gui.viewer.task.TaskViewer object at 0x7f260a5c62a0>> avec l'ancienne méthode !
2026-02-19 18:30:30,157 [DEBUG] taskcoachlib.domain.base.object: CompositeObject.subject : retourne le sujet de Task id=27ccbecc-6084-11e5-9f59-f07bcb8b1707 : Travailler sur mon Livre sur Ma Façon de Mixer.
2026-02-19 18:30:30,158 [DEBUG] taskcoachlib.domain.base.object: CompositeObject.subject : retourne le sujet de Task id=27ccbecc-6084-11e5-9f59-f07bcb8b1707 : Travailler sur mon Livre sur Ma Façon de Mixer.
2026-02-19 18:30:30,160 [DEBUG] taskcoachlib.domain.base.object: CompositeObject.subject : retourne le sujet de Task id=27ccbecc-6084-11e5-9f59-f07bcb8b1707 : Travailler sur mon Livre sur Ma Façon de Mixer.
2026-02-19 18:30:30,161 [DEBUG] taskcoachlib.domain.base.object: CompositeObject.subject : retourne le sujet de Task id=27ccbecc-6084-11e5-9f59-f07bcb8b1707 : Travailler sur mon Livre sur Ma Façon de Mixer.
2026-02-19 18:30:30,162 [DEBUG] taskcoachlib.domain.base.object: CompositeObject.subject : retourne le sujet de Task id=27ccbecc-6084-11e5-9f59-f07bcb8b1707 : Travailler sur mon Livre sur Ma Façon de Mixer.
2026-02-19 18:30:31,151 [DEBUG] taskcoachlib.domain.task.task: Task.__setattr__ : utilise la méthode super avec name=_Task__computed_status et value=inactive.
2026-02-19 18:30:31,151 [DEBUG] taskcoachlib.domain.task.task: Task.__setattr__ : utilise la méthode super avec name=_Task__status_text et value=Inactive.
2026-02-19 18:30:31,152 [DEBUG] taskcoachlib.domain.task.task: Task.__setattr__ : utilise la méthode super avec name=_Task__status_icon et value=led_grey_icon.
2026-02-19 18:30:31,152 [DEBUG] taskcoachlib.domain.task.task: Task.__setattr__ : utilise la méthode super avec name=_Task__status_source et value=No actual start date.
2026-02-19 18:30:31,156 [DEBUG] taskcoachlib.domain.task.task: Task.__setattr__ : utilise la méthode super avec name=_Task__status et value=inactive.
2026-02-19 18:30:31,156 [INFO] taskcoachlib.gui.viewer.container: ViewerContainer.__getattr__ retourne l'attribut <bound method Viewer.curselection of <taskcoachlib.gui.viewer.task.TaskViewer object at 0x7f260a5c62a0>> avec l'ancienne méthode !
2026-02-19 18:30:31,158 [INFO] taskcoachlib.gui.viewer.container: ViewerContainer.__getattr__ retourne l'attribut <bound method Viewer.curselection of <taskcoachlib.gui.viewer.task.TaskViewer object at 0x7f260a5c62a0>> avec l'ancienne méthode !
2026-02-19 18:30:31,158 [INFO] taskcoachlib.gui.viewer.container: ViewerContainer.__getattr__ retourne l'attribut <bound method Viewer.curselection of <taskcoachlib.gui.viewer.task.TaskViewer object at 0x7f260a5c62a0>> avec l'ancienne méthode !
2026-02-19 18:30:31,158 [DEBUG] taskcoachlib.domain.base.object: CompositeObject.subject : retourne le sujet de Task id=27ccbecc-6084-11e5-9f59-f07bcb8b1707 : Travailler sur mon Livre sur Ma Façon de Mixer.
2026-02-19 18:30:31,159 [DEBUG] taskcoachlib.domain.base.object: CompositeObject.subject : retourne le sujet de Task id=27ccbecc-6084-11e5-9f59-f07bcb8b1707 : Travailler sur mon Livre sur Ma Façon de Mixer.
2026-02-19 18:30:31,160 [DEBUG] taskcoachlib.domain.base.object: CompositeObject.subject : retourne le sujet de Task id=27ccbecc-6084-11e5-9f59-f07bcb8b1707 : Travailler sur mon Livre sur Ma Façon de Mixer.
2026-02-19 18:30:31,162 [DEBUG] taskcoachlib.domain.base.object: CompositeObject.subject : retourne le sujet de Task id=27ccbecc-6084-11e5-9f59-f07bcb8b1707 : Travailler sur mon Livre sur Ma Façon de Mixer.
2026-02-19 18:30:31,163 [DEBUG] taskcoachlib.domain.base.object: CompositeObject.subject : retourne le sujet de Task id=27ccbecc-6084-11e5-9f59-f07bcb8b1707 : Travailler sur mon Livre sur Ma Façon de Mixer.
2026-02-19 18:30:32,151 [DEBUG] taskcoachlib.domain.task.task: Task.__setattr__ : utilise la méthode super avec name=_Task__computed_status et value=inactive.
2026-02-19 18:30:32,152 [DEBUG] taskcoachlib.domain.task.task: Task.__setattr__ : utilise la méthode super avec name=_Task__status_text et value=Inactive.
2026-02-19 18:30:32,152 [DEBUG] taskcoachlib.domain.task.task: Task.__setattr__ : utilise la méthode super avec name=_Task__status_icon et value=led_grey_icon.
2026-02-19 18:30:32,152 [DEBUG] taskcoachlib.domain.task.task: Task.__setattr__ : utilise la méthode super avec name=_Task__status_source et value=No actual start date.
2026-02-19 18:30:32,157 [DEBUG] taskcoachlib.domain.task.task: Task.__setattr__ : utilise la méthode super avec name=_Task__status et value=inactive.
2026-02-19 18:30:32,157 [INFO] taskcoachlib.gui.viewer.container: ViewerContainer.__getattr__ retourne l'attribut <bound method Viewer.curselection of <taskcoachlib.gui.viewer.task.TaskViewer object at 0x7f260a5c62a0>> avec l'ancienne méthode !
2026-02-19 18:30:32,157 [INFO] taskcoachlib.gui.viewer.container: ViewerContainer.__getattr__ retourne l'attribut <bound method Viewer.curselection of <taskcoachlib.gui.viewer.task.TaskViewer object at 0x7f260a5c62a0>> avec l'ancienne méthode !
2026-02-19 18:30:32,157 [INFO] taskcoachlib.gui.viewer.container: ViewerContainer.__getattr__ retourne l'attribut <bound method Viewer.curselection of <taskcoachlib.gui.viewer.task.TaskViewer object at 0x7f260a5c62a0>> avec l'ancienne méthode !
2026-02-19 18:30:32,158 [DEBUG] taskcoachlib.domain.base.object: CompositeObject.subject : retourne le sujet de Task id=27ccbecc-6084-11e5-9f59-f07bcb8b1707 : Travailler sur mon Livre sur Ma Façon de Mixer.
2026-02-19 18:30:32,159 [DEBUG] taskcoachlib.domain.base.object: CompositeObject.subject : retourne le sujet de Task id=27ccbecc-6084-11e5-9f59-f07bcb8b1707 : Travailler sur mon Livre sur Ma Façon de Mixer.
2026-02-19 18:30:32,160 [DEBUG] taskcoachlib.domain.base.object: CompositeObject.subject : retourne le sujet de Task id=27ccbecc-6084-11e5-9f59-f07bcb8b1707 : Travailler sur mon Livre sur Ma Façon de Mixer.
2026-02-19 18:30:32,162 [DEBUG] taskcoachlib.domain.base.object: CompositeObject.subject : retourne le sujet de Task id=27ccbecc-6084-11e5-9f59-f07bcb8b1707 : Travailler sur mon Livre sur Ma Façon de Mixer.
2026-02-19 18:30:32,163 [DEBUG] taskcoachlib.domain.base.object: CompositeObject.subject : retourne le sujet de Task id=27ccbecc-6084-11e5-9f59-f07bcb8b1707 : Travailler sur mon Livre sur Ma Façon de Mixer.
2026-02-19 18:30:33,152 [DEBUG] taskcoachlib.domain.task.task: Task.__setattr__ : utilise la méthode super avec name=_Task__computed_status et value=inactive.
2026-02-19 18:30:33,152 [DEBUG] taskcoachlib.domain.task.task: Task.__setattr__ : utilise la méthode super avec name=_Task__status_text et value=Inactive.
2026-02-19 18:30:33,152 [DEBUG] taskcoachlib.domain.task.task: Task.__setattr__ : utilise la méthode super avec name=_Task__status_icon et value=led_grey_icon.
2026-02-19 18:30:33,152 [DEBUG] taskcoachlib.domain.task.task: Task.__setattr__ : utilise la méthode super avec name=_Task__status_source et value=No actual start date.
2026-02-19 18:30:33,155 [DEBUG] taskcoachlib.domain.task.task: Task.__setattr__ : utilise la méthode super avec name=_Task__status et value=inactive.
2026-02-19 18:30:33,156 [INFO] taskcoachlib.gui.viewer.container: ViewerContainer.__getattr__ retourne l'attribut <bound method Viewer.curselection of <taskcoachlib.gui.viewer.task.TaskViewer object at 0x7f260a5c62a0>> avec l'ancienne méthode !
2026-02-19 18:30:33,156 [INFO] taskcoachlib.gui.viewer.container: ViewerContainer.__getattr__ retourne l'attribut <bound method Viewer.curselection of <taskcoachlib.gui.viewer.task.TaskViewer object at 0x7f260a5c62a0>> avec l'ancienne méthode !
2026-02-19 18:30:33,156 [INFO] taskcoachlib.gui.viewer.container: ViewerContainer.__getattr__ retourne l'attribut <bound method Viewer.curselection of <taskcoachlib.gui.viewer.task.TaskViewer object at 0x7f260a5c62a0>> avec l'ancienne méthode !
2026-02-19 18:30:33,157 [DEBUG] taskcoachlib.domain.base.object: CompositeObject.subject : retourne le sujet de Task id=27ccbecc-6084-11e5-9f59-f07bcb8b1707 : Travailler sur mon Livre sur Ma Façon de Mixer.
2026-02-19 18:30:33,158 [DEBUG] taskcoachlib.domain.base.object: CompositeObject.subject : retourne le sujet de Task id=27ccbecc-6084-11e5-9f59-f07bcb8b1707 : Travailler sur mon Livre sur Ma Façon de Mixer.
2026-02-19 18:30:33,159 [DEBUG] taskcoachlib.domain.base.object: CompositeObject.subject : retourne le sujet de Task id=27ccbecc-6084-11e5-9f59-f07bcb8b1707 : Travailler sur mon Livre sur Ma Façon de Mixer.
2026-02-19 18:30:33,161 [DEBUG] taskcoachlib.domain.base.object: CompositeObject.subject : retourne le sujet de Task id=27ccbecc-6084-11e5-9f59-f07bcb8b1707 : Travailler sur mon Livre sur Ma Façon de Mixer.
2026-02-19 18:30:33,162 [DEBUG] taskcoachlib.domain.base.object: CompositeObject.subject : retourne le sujet de Task id=27ccbecc-6084-11e5-9f59-f07bcb8b1707 : Travailler sur mon Livre sur Ma Façon de Mixer.
2026-02-19 18:30:34,152 [DEBUG] taskcoachlib.domain.task.task: Task.__setattr__ : utilise la méthode super avec name=_Task__computed_status et value=inactive.
2026-02-19 18:30:34,152 [DEBUG] taskcoachlib.domain.task.task: Task.__setattr__ : utilise la méthode super avec name=_Task__status_text et value=Inactive.
2026-02-19 18:30:34,152 [DEBUG] taskcoachlib.domain.task.task: Task.__setattr__ : utilise la méthode super avec name=_Task__status_icon et value=led_grey_icon.
2026-02-19 18:30:34,153 [DEBUG] taskcoachlib.domain.task.task: Task.__setattr__ : utilise la méthode super avec name=_Task__status_source et value=No actual start date.
2026-02-19 18:30:34,157 [DEBUG] taskcoachlib.domain.task.task: Task.__setattr__ : utilise la méthode super avec name=_Task__status et value=inactive.
2026-02-19 18:30:34,157 [INFO] taskcoachlib.gui.viewer.container: ViewerContainer.__getattr__ retourne l'attribut <bound method Viewer.curselection of <taskcoachlib.gui.viewer.task.TaskViewer object at 0x7f260a5c62a0>> avec l'ancienne méthode !
2026-02-19 18:30:34,158 [INFO] taskcoachlib.gui.viewer.container: ViewerContainer.__getattr__ retourne l'attribut <bound method Viewer.curselection of <taskcoachlib.gui.viewer.task.TaskViewer object at 0x7f260a5c62a0>> avec l'ancienne méthode !
2026-02-19 18:30:34,158 [INFO] taskcoachlib.gui.viewer.container: ViewerContainer.__getattr__ retourne l'attribut <bound method Viewer.curselection of <taskcoachlib.gui.viewer.task.TaskViewer object at 0x7f260a5c62a0>> avec l'ancienne méthode !
2026-02-19 18:30:34,158 [DEBUG] taskcoachlib.domain.base.object: CompositeObject.subject : retourne le sujet de Task id=27ccbecc-6084-11e5-9f59-f07bcb8b1707 : Travailler sur mon Livre sur Ma Façon de Mixer.
2026-02-19 18:30:34,159 [DEBUG] taskcoachlib.domain.base.object: CompositeObject.subject : retourne le sujet de Task id=27ccbecc-6084-11e5-9f59-f07bcb8b1707 : Travailler sur mon Livre sur Ma Façon de Mixer.
2026-02-19 18:30:34,161 [DEBUG] taskcoachlib.domain.base.object: CompositeObject.subject : retourne le sujet de Task id=27ccbecc-6084-11e5-9f59-f07bcb8b1707 : Travailler sur mon Livre sur Ma Façon de Mixer.
2026-02-19 18:30:34,162 [DEBUG] taskcoachlib.domain.base.object: CompositeObject.subject : retourne le sujet de Task id=27ccbecc-6084-11e5-9f59-f07bcb8b1707 : Travailler sur mon Livre sur Ma Façon de Mixer.
2026-02-19 18:30:34,163 [DEBUG] taskcoachlib.domain.base.object: CompositeObject.subject : retourne le sujet de Task id=27ccbecc-6084-11e5-9f59-f07bcb8b1707 : Travailler sur mon Livre sur Ma Façon de Mixer.
2026-02-19 18:30:35,152 [DEBUG] taskcoachlib.domain.task.task: Task.__setattr__ : utilise la méthode super avec name=_Task__computed_status et value=inactive.
2026-02-19 18:30:35,153 [DEBUG] taskcoachlib.domain.task.task: Task.__setattr__ : utilise la méthode super avec name=_Task__status_text et value=Inactive.
2026-02-19 18:30:35,153 [DEBUG] taskcoachlib.domain.task.task: Task.__setattr__ : utilise la méthode super avec name=_Task__status_icon et value=led_grey_icon.
2026-02-19 18:30:35,153 [DEBUG] taskcoachlib.domain.task.task: Task.__setattr__ : utilise la méthode super avec name=_Task__status_source et value=No actual start date.
2026-02-19 18:30:35,157 [DEBUG] taskcoachlib.domain.task.task: Task.__setattr__ : utilise la méthode super avec name=_Task__status et value=inactive.
2026-02-19 18:30:35,157 [INFO] taskcoachlib.gui.viewer.container: ViewerContainer.__getattr__ retourne l'attribut <bound method Viewer.curselection of <taskcoachlib.gui.viewer.task.TaskViewer object at 0x7f260a5c62a0>> avec l'ancienne méthode !
2026-02-19 18:30:35,158 [INFO] taskcoachlib.gui.viewer.container: ViewerContainer.__getattr__ retourne l'attribut <bound method Viewer.curselection of <taskcoachlib.gui.viewer.task.TaskViewer object at 0x7f260a5c62a0>> avec l'ancienne méthode !
2026-02-19 18:30:35,158 [INFO] taskcoachlib.gui.viewer.container: ViewerContainer.__getattr__ retourne l'attribut <bound method Viewer.curselection of <taskcoachlib.gui.viewer.task.TaskViewer object at 0x7f260a5c62a0>> avec l'ancienne méthode !
2026-02-19 18:30:35,158 [DEBUG] taskcoachlib.domain.base.object: CompositeObject.subject : retourne le sujet de Task id=27ccbecc-6084-11e5-9f59-f07bcb8b1707 : Travailler sur mon Livre sur Ma Façon de Mixer.
2026-02-19 18:30:35,159 [DEBUG] taskcoachlib.domain.base.object: CompositeObject.subject : retourne le sujet de Task id=27ccbecc-6084-11e5-9f59-f07bcb8b1707 : Travailler sur mon Livre sur Ma Façon de Mixer.
2026-02-19 18:30:35,161 [DEBUG] taskcoachlib.domain.base.object: CompositeObject.subject : retourne le sujet de Task id=27ccbecc-6084-11e5-9f59-f07bcb8b1707 : Travailler sur mon Livre sur Ma Façon de Mixer.
2026-02-19 18:30:35,162 [DEBUG] taskcoachlib.domain.base.object: CompositeObject.subject : retourne le sujet de Task id=27ccbecc-6084-11e5-9f59-f07bcb8b1707 : Travailler sur mon Livre sur Ma Façon de Mixer.
2026-02-19 18:30:35,163 [DEBUG] taskcoachlib.domain.base.object: CompositeObject.subject : retourne le sujet de Task id=27ccbecc-6084-11e5-9f59-f07bcb8b1707 : Travailler sur mon Livre sur Ma Façon de Mixer.
2026-02-19 18:30:36,153 [DEBUG] taskcoachlib.domain.task.task: Task.__setattr__ : utilise la méthode super avec name=_Task__computed_status et value=inactive.
2026-02-19 18:30:36,153 [DEBUG] taskcoachlib.domain.task.task: Task.__setattr__ : utilise la méthode super avec name=_Task__status_text et value=Inactive.
2026-02-19 18:30:36,153 [DEBUG] taskcoachlib.domain.task.task: Task.__setattr__ : utilise la méthode super avec name=_Task__status_icon et value=led_grey_icon.
2026-02-19 18:30:36,153 [DEBUG] taskcoachlib.domain.task.task: Task.__setattr__ : utilise la méthode super avec name=_Task__status_source et value=No actual start date.
2026-02-19 18:30:36,158 [DEBUG] taskcoachlib.domain.task.task: Task.__setattr__ : utilise la méthode super avec name=_Task__status et value=inactive.
2026-02-19 18:30:36,158 [INFO] taskcoachlib.gui.viewer.container: ViewerContainer.__getattr__ retourne l'attribut <bound method Viewer.curselection of <taskcoachlib.gui.viewer.task.TaskViewer object at 0x7f260a5c62a0>> avec l'ancienne méthode !
2026-02-19 18:30:36,159 [INFO] taskcoachlib.gui.viewer.container: ViewerContainer.__getattr__ retourne l'attribut <bound method Viewer.curselection of <taskcoachlib.gui.viewer.task.TaskViewer object at 0x7f260a5c62a0>> avec l'ancienne méthode !
2026-02-19 18:30:36,159 [INFO] taskcoachlib.gui.viewer.container: ViewerContainer.__getattr__ retourne l'attribut <bound method Viewer.curselection of <taskcoachlib.gui.viewer.task.TaskViewer object at 0x7f260a5c62a0>> avec l'ancienne méthode !
2026-02-19 18:30:36,159 [DEBUG] taskcoachlib.domain.base.object: CompositeObject.subject : retourne le sujet de Task id=27ccbecc-6084-11e5-9f59-f07bcb8b1707 : Travailler sur mon Livre sur Ma Façon de Mixer.
2026-02-19 18:30:36,160 [DEBUG] taskcoachlib.domain.base.object: CompositeObject.subject : retourne le sujet de Task id=27ccbecc-6084-11e5-9f59-f07bcb8b1707 : Travailler sur mon Livre sur Ma Façon de Mixer.
2026-02-19 18:30:36,162 [DEBUG] taskcoachlib.domain.base.object: CompositeObject.subject : retourne le sujet de Task id=27ccbecc-6084-11e5-9f59-f07bcb8b1707 : Travailler sur mon Livre sur Ma Façon de Mixer.
2026-02-19 18:30:36,163 [DEBUG] taskcoachlib.domain.base.object: CompositeObject.subject : retourne le sujet de Task id=27ccbecc-6084-11e5-9f59-f07bcb8b1707 : Travailler sur mon Livre sur Ma Façon de Mixer.
2026-02-19 18:30:36,165 [DEBUG] taskcoachlib.domain.base.object: CompositeObject.subject : retourne le sujet de Task id=27ccbecc-6084-11e5-9f59-f07bcb8b1707 : Travailler sur mon Livre sur Ma Façon de Mixer.
2026-02-19 18:30:37,153 [DEBUG] taskcoachlib.domain.task.task: Task.__setattr__ : utilise la méthode super avec name=_Task__computed_status et value=inactive.
2026-02-19 18:30:37,153 [DEBUG] taskcoachlib.domain.task.task: Task.__setattr__ : utilise la méthode super avec name=_Task__status_text et value=Inactive.
2026-02-19 18:30:37,153 [DEBUG] taskcoachlib.domain.task.task: Task.__setattr__ : utilise la méthode super avec name=_Task__status_icon et value=led_grey_icon.
2026-02-19 18:30:37,153 [DEBUG] taskcoachlib.domain.task.task: Task.__setattr__ : utilise la méthode super avec name=_Task__status_source et value=No actual start date.
2026-02-19 18:30:37,158 [DEBUG] taskcoachlib.domain.task.task: Task.__setattr__ : utilise la méthode super avec name=_Task__status et value=inactive.
2026-02-19 18:30:37,158 [INFO] taskcoachlib.gui.viewer.container: ViewerContainer.__getattr__ retourne l'attribut <bound method Viewer.curselection of <taskcoachlib.gui.viewer.task.TaskViewer object at 0x7f260a5c62a0>> avec l'ancienne méthode !
2026-02-19 18:30:37,158 [INFO] taskcoachlib.gui.viewer.container: ViewerContainer.__getattr__ retourne l'attribut <bound method Viewer.curselection of <taskcoachlib.gui.viewer.task.TaskViewer object at 0x7f260a5c62a0>> avec l'ancienne méthode !
2026-02-19 18:30:37,158 [INFO] taskcoachlib.gui.viewer.container: ViewerContainer.__getattr__ retourne l'attribut <bound method Viewer.curselection of <taskcoachlib.gui.viewer.task.TaskViewer object at 0x7f260a5c62a0>> avec l'ancienne méthode !
2026-02-19 18:30:37,159 [DEBUG] taskcoachlib.domain.base.object: CompositeObject.subject : retourne le sujet de Task id=27ccbecc-6084-11e5-9f59-f07bcb8b1707 : Travailler sur mon Livre sur Ma Façon de Mixer.
2026-02-19 18:30:37,160 [DEBUG] taskcoachlib.domain.base.object: CompositeObject.subject : retourne le sujet de Task id=27ccbecc-6084-11e5-9f59-f07bcb8b1707 : Travailler sur mon Livre sur Ma Façon de Mixer.
2026-02-19 18:30:37,161 [DEBUG] taskcoachlib.domain.base.object: CompositeObject.subject : retourne le sujet de Task id=27ccbecc-6084-11e5-9f59-f07bcb8b1707 : Travailler sur mon Livre sur Ma Façon de Mixer.
2026-02-19 18:30:37,162 [DEBUG] taskcoachlib.domain.base.object: CompositeObject.subject : retourne le sujet de Task id=27ccbecc-6084-11e5-9f59-f07bcb8b1707 : Travailler sur mon Livre sur Ma Façon de Mixer.
2026-02-19 18:30:37,164 [DEBUG] taskcoachlib.domain.base.object: CompositeObject.subject : retourne le sujet de Task id=27ccbecc-6084-11e5-9f59-f07bcb8b1707 : Travailler sur mon Livre sur Ma Façon de Mixer.
2026-02-19 18:30:38,153 [DEBUG] taskcoachlib.domain.task.task: Task.__setattr__ : utilise la méthode super avec name=_Task__computed_status et value=inactive.
2026-02-19 18:30:38,154 [DEBUG] taskcoachlib.domain.task.task: Task.__setattr__ : utilise la méthode super avec name=_Task__status_text et value=Inactive.
2026-02-19 18:30:38,154 [DEBUG] taskcoachlib.domain.task.task: Task.__setattr__ : utilise la méthode super avec name=_Task__status_icon et value=led_grey_icon.
2026-02-19 18:30:38,154 [DEBUG] taskcoachlib.domain.task.task: Task.__setattr__ : utilise la méthode super avec name=_Task__status_source et value=No actual start date.
2026-02-19 18:30:38,159 [DEBUG] taskcoachlib.domain.task.task: Task.__setattr__ : utilise la méthode super avec name=_Task__status et value=inactive.
2026-02-19 18:30:38,159 [INFO] taskcoachlib.gui.viewer.container: ViewerContainer.__getattr__ retourne l'attribut <bound method Viewer.curselection of <taskcoachlib.gui.viewer.task.TaskViewer object at 0x7f260a5c62a0>> avec l'ancienne méthode !
2026-02-19 18:30:38,160 [INFO] taskcoachlib.gui.viewer.container: ViewerContainer.__getattr__ retourne l'attribut <bound method Viewer.curselection of <taskcoachlib.gui.viewer.task.TaskViewer object at 0x7f260a5c62a0>> avec l'ancienne méthode !
2026-02-19 18:30:38,160 [INFO] taskcoachlib.gui.viewer.container: ViewerContainer.__getattr__ retourne l'attribut <bound method Viewer.curselection of <taskcoachlib.gui.viewer.task.TaskViewer object at 0x7f260a5c62a0>> avec l'ancienne méthode !
2026-02-19 18:30:38,160 [DEBUG] taskcoachlib.domain.base.object: CompositeObject.subject : retourne le sujet de Task id=27ccbecc-6084-11e5-9f59-f07bcb8b1707 : Travailler sur mon Livre sur Ma Façon de Mixer.
2026-02-19 18:30:38,161 [DEBUG] taskcoachlib.domain.base.object: CompositeObject.subject : retourne le sujet de Task id=27ccbecc-6084-11e5-9f59-f07bcb8b1707 : Travailler sur mon Livre sur Ma Façon de Mixer.
2026-02-19 18:30:38,163 [DEBUG] taskcoachlib.domain.base.object: CompositeObject.subject : retourne le sujet de Task id=27ccbecc-6084-11e5-9f59-f07bcb8b1707 : Travailler sur mon Livre sur Ma Façon de Mixer.
2026-02-19 18:30:38,164 [DEBUG] taskcoachlib.domain.base.object: CompositeObject.subject : retourne le sujet de Task id=27ccbecc-6084-11e5-9f59-f07bcb8b1707 : Travailler sur mon Livre sur Ma Façon de Mixer.
2026-02-19 18:30:38,166 [DEBUG] taskcoachlib.domain.base.object: CompositeObject.subject : retourne le sujet de Task id=27ccbecc-6084-11e5-9f59-f07bcb8b1707 : Travailler sur mon Livre sur Ma Façon de Mixer.
2026-02-19 18:30:39,154 [DEBUG] taskcoachlib.domain.task.task: Task.__setattr__ : utilise la méthode super avec name=_Task__computed_status et value=inactive.
2026-02-19 18:30:39,154 [DEBUG] taskcoachlib.domain.task.task: Task.__setattr__ : utilise la méthode super avec name=_Task__status_text et value=Inactive.
2026-02-19 18:30:39,154 [DEBUG] taskcoachlib.domain.task.task: Task.__setattr__ : utilise la méthode super avec name=_Task__status_icon et value=led_grey_icon.
2026-02-19 18:30:39,154 [DEBUG] taskcoachlib.domain.task.task: Task.__setattr__ : utilise la méthode super avec name=_Task__status_source et value=No actual start date.
2026-02-19 18:30:39,156 [DEBUG] taskcoachlib.domain.task.task: Task.__setattr__ : utilise la méthode super avec name=_Task__status et value=inactive.
2026-02-19 18:30:39,156 [INFO] taskcoachlib.gui.viewer.container: ViewerContainer.__getattr__ retourne l'attribut <bound method Viewer.curselection of <taskcoachlib.gui.viewer.task.TaskViewer object at 0x7f260a5c62a0>> avec l'ancienne méthode !
2026-02-19 18:30:39,157 [INFO] taskcoachlib.gui.viewer.container: ViewerContainer.__getattr__ retourne l'attribut <bound method Viewer.curselection of <taskcoachlib.gui.viewer.task.TaskViewer object at 0x7f260a5c62a0>> avec l'ancienne méthode !
2026-02-19 18:30:39,157 [INFO] taskcoachlib.gui.viewer.container: ViewerContainer.__getattr__ retourne l'attribut <bound method Viewer.curselection of <taskcoachlib.gui.viewer.task.TaskViewer object at 0x7f260a5c62a0>> avec l'ancienne méthode !
2026-02-19 18:30:39,157 [DEBUG] taskcoachlib.domain.base.object: CompositeObject.subject : retourne le sujet de Task id=27ccbecc-6084-11e5-9f59-f07bcb8b1707 : Travailler sur mon Livre sur Ma Façon de Mixer.
2026-02-19 18:30:39,157 [DEBUG] taskcoachlib.domain.base.object: CompositeObject.subject : retourne le sujet de Task id=27ccbecc-6084-11e5-9f59-f07bcb8b1707 : Travailler sur mon Livre sur Ma Façon de Mixer.
2026-02-19 18:30:39,159 [DEBUG] taskcoachlib.domain.base.object: CompositeObject.subject : retourne le sujet de Task id=27ccbecc-6084-11e5-9f59-f07bcb8b1707 : Travailler sur mon Livre sur Ma Façon de Mixer.
2026-02-19 18:30:39,160 [DEBUG] taskcoachlib.domain.base.object: CompositeObject.subject : retourne le sujet de Task id=27ccbecc-6084-11e5-9f59-f07bcb8b1707 : Travailler sur mon Livre sur Ma Façon de Mixer.
2026-02-19 18:30:39,162 [DEBUG] taskcoachlib.domain.base.object: CompositeObject.subject : retourne le sujet de Task id=27ccbecc-6084-11e5-9f59-f07bcb8b1707 : Travailler sur mon Livre sur Ma Façon de Mixer.
2026-02-19 18:30:40,154 [DEBUG] taskcoachlib.domain.task.task: Task.__setattr__ : utilise la méthode super avec name=_Task__computed_status et value=inactive.
2026-02-19 18:30:40,155 [DEBUG] taskcoachlib.domain.task.task: Task.__setattr__ : utilise la méthode super avec name=_Task__status_text et value=Inactive.
2026-02-19 18:30:40,155 [DEBUG] taskcoachlib.domain.task.task: Task.__setattr__ : utilise la méthode super avec name=_Task__status_icon et value=led_grey_icon.
2026-02-19 18:30:40,155 [DEBUG] taskcoachlib.domain.task.task: Task.__setattr__ : utilise la méthode super avec name=_Task__status_source et value=No actual start date.
2026-02-19 18:30:40,159 [DEBUG] taskcoachlib.domain.task.task: Task.__setattr__ : utilise la méthode super avec name=_Task__status et value=inactive.
2026-02-19 18:30:40,160 [INFO] taskcoachlib.gui.viewer.container: ViewerContainer.__getattr__ retourne l'attribut <bound method Viewer.curselection of <taskcoachlib.gui.viewer.task.TaskViewer object at 0x7f260a5c62a0>> avec l'ancienne méthode !
2026-02-19 18:30:40,160 [INFO] taskcoachlib.gui.viewer.container: ViewerContainer.__getattr__ retourne l'attribut <bound method Viewer.curselection of <taskcoachlib.gui.viewer.task.TaskViewer object at 0x7f260a5c62a0>> avec l'ancienne méthode !
2026-02-19 18:30:40,160 [INFO] taskcoachlib.gui.viewer.container: ViewerContainer.__getattr__ retourne l'attribut <bound method Viewer.curselection of <taskcoachlib.gui.viewer.task.TaskViewer object at 0x7f260a5c62a0>> avec l'ancienne méthode !
2026-02-19 18:30:40,161 [DEBUG] taskcoachlib.domain.base.object: CompositeObject.subject : retourne le sujet de Task id=27ccbecc-6084-11e5-9f59-f07bcb8b1707 : Travailler sur mon Livre sur Ma Façon de Mixer.
2026-02-19 18:30:40,162 [DEBUG] taskcoachlib.domain.base.object: CompositeObject.subject : retourne le sujet de Task id=27ccbecc-6084-11e5-9f59-f07bcb8b1707 : Travailler sur mon Livre sur Ma Façon de Mixer.
2026-02-19 18:30:40,163 [DEBUG] taskcoachlib.domain.base.object: CompositeObject.subject : retourne le sujet de Task id=27ccbecc-6084-11e5-9f59-f07bcb8b1707 : Travailler sur mon Livre sur Ma Façon de Mixer.
2026-02-19 18:30:40,165 [DEBUG] taskcoachlib.domain.base.object: CompositeObject.subject : retourne le sujet de Task id=27ccbecc-6084-11e5-9f59-f07bcb8b1707 : Travailler sur mon Livre sur Ma Façon de Mixer.
2026-02-19 18:30:40,166 [DEBUG] taskcoachlib.domain.base.object: CompositeObject.subject : retourne le sujet de Task id=27ccbecc-6084-11e5-9f59-f07bcb8b1707 : Travailler sur mon Livre sur Ma Façon de Mixer.
2026-02-19 18:30:41,155 [DEBUG] taskcoachlib.domain.task.task: Task.__setattr__ : utilise la méthode super avec name=_Task__computed_status et value=inactive.
2026-02-19 18:30:41,155 [DEBUG] taskcoachlib.domain.task.task: Task.__setattr__ : utilise la méthode super avec name=_Task__status_text et value=Inactive.
2026-02-19 18:30:41,155 [DEBUG] taskcoachlib.domain.task.task: Task.__setattr__ : utilise la méthode super avec name=_Task__status_icon et value=led_grey_icon.
2026-02-19 18:30:41,155 [DEBUG] taskcoachlib.domain.task.task: Task.__setattr__ : utilise la méthode super avec name=_Task__status_source et value=No actual start date.
2026-02-19 18:30:41,160 [DEBUG] taskcoachlib.domain.task.task: Task.__setattr__ : utilise la méthode super avec name=_Task__status et value=inactive.
2026-02-19 18:30:41,161 [INFO] taskcoachlib.gui.viewer.container: ViewerContainer.__getattr__ retourne l'attribut <bound method Viewer.curselection of <taskcoachlib.gui.viewer.task.TaskViewer object at 0x7f260a5c62a0>> avec l'ancienne méthode !
2026-02-19 18:30:41,162 [INFO] taskcoachlib.gui.viewer.container: ViewerContainer.__getattr__ retourne l'attribut <bound method Viewer.curselection of <taskcoachlib.gui.viewer.task.TaskViewer object at 0x7f260a5c62a0>> avec l'ancienne méthode !
2026-02-19 18:30:41,162 [INFO] taskcoachlib.gui.viewer.container: ViewerContainer.__getattr__ retourne l'attribut <bound method Viewer.curselection of <taskcoachlib.gui.viewer.task.TaskViewer object at 0x7f260a5c62a0>> avec l'ancienne méthode !
2026-02-19 18:30:41,162 [DEBUG] taskcoachlib.domain.base.object: CompositeObject.subject : retourne le sujet de Task id=27ccbecc-6084-11e5-9f59-f07bcb8b1707 : Travailler sur mon Livre sur Ma Façon de Mixer.
2026-02-19 18:30:41,163 [DEBUG] taskcoachlib.domain.base.object: CompositeObject.subject : retourne le sujet de Task id=27ccbecc-6084-11e5-9f59-f07bcb8b1707 : Travailler sur mon Livre sur Ma Façon de Mixer.
2026-02-19 18:30:41,164 [DEBUG] taskcoachlib.domain.base.object: CompositeObject.subject : retourne le sujet de Task id=27ccbecc-6084-11e5-9f59-f07bcb8b1707 : Travailler sur mon Livre sur Ma Façon de Mixer.
2026-02-19 18:30:41,165 [DEBUG] taskcoachlib.domain.base.object: CompositeObject.subject : retourne le sujet de Task id=27ccbecc-6084-11e5-9f59-f07bcb8b1707 : Travailler sur mon Livre sur Ma Façon de Mixer.
2026-02-19 18:30:41,165 [DEBUG] taskcoachlib.domain.base.object: CompositeObject.subject : retourne le sujet de Task id=27ccbecc-6084-11e5-9f59-f07bcb8b1707 : Travailler sur mon Livre sur Ma Façon de Mixer.
2026-02-19 18:30:42,155 [DEBUG] taskcoachlib.domain.task.task: Task.__setattr__ : utilise la méthode super avec name=_Task__computed_status et value=inactive.
2026-02-19 18:30:42,155 [DEBUG] taskcoachlib.domain.task.task: Task.__setattr__ : utilise la méthode super avec name=_Task__status_text et value=Inactive.
2026-02-19 18:30:42,155 [DEBUG] taskcoachlib.domain.task.task: Task.__setattr__ : utilise la méthode super avec name=_Task__status_icon et value=led_grey_icon.
2026-02-19 18:30:42,155 [DEBUG] taskcoachlib.domain.task.task: Task.__setattr__ : utilise la méthode super avec name=_Task__status_source et value=No actual start date.
2026-02-19 18:30:42,160 [DEBUG] taskcoachlib.domain.task.task: Task.__setattr__ : utilise la méthode super avec name=_Task__status et value=inactive.
2026-02-19 18:30:42,160 [INFO] taskcoachlib.gui.viewer.container: ViewerContainer.__getattr__ retourne l'attribut <bound method Viewer.curselection of <taskcoachlib.gui.viewer.task.TaskViewer object at 0x7f260a5c62a0>> avec l'ancienne méthode !
2026-02-19 18:30:42,160 [INFO] taskcoachlib.gui.viewer.container: ViewerContainer.__getattr__ retourne l'attribut <bound method Viewer.curselection of <taskcoachlib.gui.viewer.task.TaskViewer object at 0x7f260a5c62a0>> avec l'ancienne méthode !
2026-02-19 18:30:42,161 [INFO] taskcoachlib.gui.viewer.container: ViewerContainer.__getattr__ retourne l'attribut <bound method Viewer.curselection of <taskcoachlib.gui.viewer.task.TaskViewer object at 0x7f260a5c62a0>> avec l'ancienne méthode !
2026-02-19 18:30:42,161 [DEBUG] taskcoachlib.domain.base.object: CompositeObject.subject : retourne le sujet de Task id=27ccbecc-6084-11e5-9f59-f07bcb8b1707 : Travailler sur mon Livre sur Ma Façon de Mixer.
2026-02-19 18:30:42,162 [DEBUG] taskcoachlib.domain.base.object: CompositeObject.subject : retourne le sujet de Task id=27ccbecc-6084-11e5-9f59-f07bcb8b1707 : Travailler sur mon Livre sur Ma Façon de Mixer.
2026-02-19 18:30:42,164 [DEBUG] taskcoachlib.domain.base.object: CompositeObject.subject : retourne le sujet de Task id=27ccbecc-6084-11e5-9f59-f07bcb8b1707 : Travailler sur mon Livre sur Ma Façon de Mixer.
2026-02-19 18:30:42,165 [DEBUG] taskcoachlib.domain.base.object: CompositeObject.subject : retourne le sujet de Task id=27ccbecc-6084-11e5-9f59-f07bcb8b1707 : Travailler sur mon Livre sur Ma Façon de Mixer.
2026-02-19 18:30:42,166 [DEBUG] taskcoachlib.domain.base.object: CompositeObject.subject : retourne le sujet de Task id=27ccbecc-6084-11e5-9f59-f07bcb8b1707 : Travailler sur mon Livre sur Ma Façon de Mixer.
2026-02-19 18:30:43,155 [DEBUG] taskcoachlib.domain.task.task: Task.__setattr__ : utilise la méthode super avec name=_Task__computed_status et value=inactive.
2026-02-19 18:30:43,155 [DEBUG] taskcoachlib.domain.task.task: Task.__setattr__ : utilise la méthode super avec name=_Task__status_text et value=Inactive.
2026-02-19 18:30:43,155 [DEBUG] taskcoachlib.domain.task.task: Task.__setattr__ : utilise la méthode super avec name=_Task__status_icon et value=led_grey_icon.
2026-02-19 18:30:43,155 [DEBUG] taskcoachlib.domain.task.task: Task.__setattr__ : utilise la méthode super avec name=_Task__status_source et value=No actual start date.
2026-02-19 18:30:43,159 [DEBUG] taskcoachlib.domain.task.task: Task.__setattr__ : utilise la méthode super avec name=_Task__status et value=inactive.
2026-02-19 18:30:43,160 [INFO] taskcoachlib.gui.viewer.container: ViewerContainer.__getattr__ retourne l'attribut <bound method Viewer.curselection of <taskcoachlib.gui.viewer.task.TaskViewer object at 0x7f260a5c62a0>> avec l'ancienne méthode !
2026-02-19 18:30:43,160 [INFO] taskcoachlib.gui.viewer.container: ViewerContainer.__getattr__ retourne l'attribut <bound method Viewer.curselection of <taskcoachlib.gui.viewer.task.TaskViewer object at 0x7f260a5c62a0>> avec l'ancienne méthode !
2026-02-19 18:30:43,160 [INFO] taskcoachlib.gui.viewer.container: ViewerContainer.__getattr__ retourne l'attribut <bound method Viewer.curselection of <taskcoachlib.gui.viewer.task.TaskViewer object at 0x7f260a5c62a0>> avec l'ancienne méthode !
2026-02-19 18:30:43,160 [DEBUG] taskcoachlib.domain.base.object: CompositeObject.subject : retourne le sujet de Task id=27ccbecc-6084-11e5-9f59-f07bcb8b1707 : Travailler sur mon Livre sur Ma Façon de Mixer.
2026-02-19 18:30:43,161 [DEBUG] taskcoachlib.domain.base.object: CompositeObject.subject : retourne le sujet de Task id=27ccbecc-6084-11e5-9f59-f07bcb8b1707 : Travailler sur mon Livre sur Ma Façon de Mixer.
2026-02-19 18:30:43,162 [DEBUG] taskcoachlib.domain.base.object: CompositeObject.subject : retourne le sujet de Task id=27ccbecc-6084-11e5-9f59-f07bcb8b1707 : Travailler sur mon Livre sur Ma Façon de Mixer.
2026-02-19 18:30:43,163 [DEBUG] taskcoachlib.domain.base.object: CompositeObject.subject : retourne le sujet de Task id=27ccbecc-6084-11e5-9f59-f07bcb8b1707 : Travailler sur mon Livre sur Ma Façon de Mixer.
2026-02-19 18:30:43,164 [DEBUG] taskcoachlib.domain.base.object: CompositeObject.subject : retourne le sujet de Task id=27ccbecc-6084-11e5-9f59-f07bcb8b1707 : Travailler sur mon Livre sur Ma Façon de Mixer.
2026-02-19 18:30:44,155 [DEBUG] taskcoachlib.domain.task.task: Task.__setattr__ : utilise la méthode super avec name=_Task__computed_status et value=inactive.
2026-02-19 18:30:44,156 [DEBUG] taskcoachlib.domain.task.task: Task.__setattr__ : utilise la méthode super avec name=_Task__status_text et value=Inactive.
2026-02-19 18:30:44,156 [DEBUG] taskcoachlib.domain.task.task: Task.__setattr__ : utilise la méthode super avec name=_Task__status_icon et value=led_grey_icon.
2026-02-19 18:30:44,156 [DEBUG] taskcoachlib.domain.task.task: Task.__setattr__ : utilise la méthode super avec name=_Task__status_source et value=No actual start date.
2026-02-19 18:30:44,160 [DEBUG] taskcoachlib.domain.task.task: Task.__setattr__ : utilise la méthode super avec name=_Task__status et value=inactive.
2026-02-19 18:30:44,161 [INFO] taskcoachlib.gui.viewer.container: ViewerContainer.__getattr__ retourne l'attribut <bound method Viewer.curselection of <taskcoachlib.gui.viewer.task.TaskViewer object at 0x7f260a5c62a0>> avec l'ancienne méthode !
2026-02-19 18:30:44,161 [INFO] taskcoachlib.gui.viewer.container: ViewerContainer.__getattr__ retourne l'attribut <bound method Viewer.curselection of <taskcoachlib.gui.viewer.task.TaskViewer object at 0x7f260a5c62a0>> avec l'ancienne méthode !
2026-02-19 18:30:44,161 [INFO] taskcoachlib.gui.viewer.container: ViewerContainer.__getattr__ retourne l'attribut <bound method Viewer.curselection of <taskcoachlib.gui.viewer.task.TaskViewer object at 0x7f260a5c62a0>> avec l'ancienne méthode !
2026-02-19 18:30:44,162 [DEBUG] taskcoachlib.domain.base.object: CompositeObject.subject : retourne le sujet de Task id=27ccbecc-6084-11e5-9f59-f07bcb8b1707 : Travailler sur mon Livre sur Ma Façon de Mixer.
2026-02-19 18:30:44,163 [DEBUG] taskcoachlib.domain.base.object: CompositeObject.subject : retourne le sujet de Task id=27ccbecc-6084-11e5-9f59-f07bcb8b1707 : Travailler sur mon Livre sur Ma Façon de Mixer.
2026-02-19 18:30:44,164 [DEBUG] taskcoachlib.domain.base.object: CompositeObject.subject : retourne le sujet de Task id=27ccbecc-6084-11e5-9f59-f07bcb8b1707 : Travailler sur mon Livre sur Ma Façon de Mixer.
2026-02-19 18:30:44,165 [DEBUG] taskcoachlib.domain.base.object: CompositeObject.subject : retourne le sujet de Task id=27ccbecc-6084-11e5-9f59-f07bcb8b1707 : Travailler sur mon Livre sur Ma Façon de Mixer.
2026-02-19 18:30:44,166 [DEBUG] taskcoachlib.domain.base.object: CompositeObject.subject : retourne le sujet de Task id=27ccbecc-6084-11e5-9f59-f07bcb8b1707 : Travailler sur mon Livre sur Ma Façon de Mixer.
2026-02-19 18:30:45,156 [DEBUG] taskcoachlib.domain.task.task: Task.__setattr__ : utilise la méthode super avec name=_Task__computed_status et value=inactive.
2026-02-19 18:30:45,156 [DEBUG] taskcoachlib.domain.task.task: Task.__setattr__ : utilise la méthode super avec name=_Task__status_text et value=Inactive.
2026-02-19 18:30:45,156 [DEBUG] taskcoachlib.domain.task.task: Task.__setattr__ : utilise la méthode super avec name=_Task__status_icon et value=led_grey_icon.
2026-02-19 18:30:45,156 [DEBUG] taskcoachlib.domain.task.task: Task.__setattr__ : utilise la méthode super avec name=_Task__status_source et value=No actual start date.
2026-02-19 18:30:45,161 [DEBUG] taskcoachlib.domain.task.task: Task.__setattr__ : utilise la méthode super avec name=_Task__status et value=inactive.
2026-02-19 18:30:45,161 [INFO] taskcoachlib.gui.viewer.container: ViewerContainer.__getattr__ retourne l'attribut <bound method Viewer.curselection of <taskcoachlib.gui.viewer.task.TaskViewer object at 0x7f260a5c62a0>> avec l'ancienne méthode !
2026-02-19 18:30:45,162 [INFO] taskcoachlib.gui.viewer.container: ViewerContainer.__getattr__ retourne l'attribut <bound method Viewer.curselection of <taskcoachlib.gui.viewer.task.TaskViewer object at 0x7f260a5c62a0>> avec l'ancienne méthode !
2026-02-19 18:30:45,162 [INFO] taskcoachlib.gui.viewer.container: ViewerContainer.__getattr__ retourne l'attribut <bound method Viewer.curselection of <taskcoachlib.gui.viewer.task.TaskViewer object at 0x7f260a5c62a0>> avec l'ancienne méthode !
2026-02-19 18:30:45,162 [DEBUG] taskcoachlib.domain.base.object: CompositeObject.subject : retourne le sujet de Task id=27ccbecc-6084-11e5-9f59-f07bcb8b1707 : Travailler sur mon Livre sur Ma Façon de Mixer.
2026-02-19 18:30:45,163 [DEBUG] taskcoachlib.domain.base.object: CompositeObject.subject : retourne le sujet de Task id=27ccbecc-6084-11e5-9f59-f07bcb8b1707 : Travailler sur mon Livre sur Ma Façon de Mixer.
2026-02-19 18:30:45,164 [DEBUG] taskcoachlib.domain.base.object: CompositeObject.subject : retourne le sujet de Task id=27ccbecc-6084-11e5-9f59-f07bcb8b1707 : Travailler sur mon Livre sur Ma Façon de Mixer.
2026-02-19 18:30:45,166 [DEBUG] taskcoachlib.domain.base.object: CompositeObject.subject : retourne le sujet de Task id=27ccbecc-6084-11e5-9f59-f07bcb8b1707 : Travailler sur mon Livre sur Ma Façon de Mixer.
2026-02-19 18:30:45,167 [DEBUG] taskcoachlib.domain.base.object: CompositeObject.subject : retourne le sujet de Task id=27ccbecc-6084-11e5-9f59-f07bcb8b1707 : Travailler sur mon Livre sur Ma Façon de Mixer.
2026-02-19 18:30:46,156 [DEBUG] taskcoachlib.domain.task.task: Task.__setattr__ : utilise la méthode super avec name=_Task__computed_status et value=inactive.
2026-02-19 18:30:46,156 [DEBUG] taskcoachlib.domain.task.task: Task.__setattr__ : utilise la méthode super avec name=_Task__status_text et value=Inactive.
2026-02-19 18:30:46,157 [DEBUG] taskcoachlib.domain.task.task: Task.__setattr__ : utilise la méthode super avec name=_Task__status_icon et value=led_grey_icon.
2026-02-19 18:30:46,157 [DEBUG] taskcoachlib.domain.task.task: Task.__setattr__ : utilise la méthode super avec name=_Task__status_source et value=No actual start date.
2026-02-19 18:30:46,162 [DEBUG] taskcoachlib.domain.task.task: Task.__setattr__ : utilise la méthode super avec name=_Task__status et value=inactive.
2026-02-19 18:30:46,162 [INFO] taskcoachlib.gui.viewer.container: ViewerContainer.__getattr__ retourne l'attribut <bound method Viewer.curselection of <taskcoachlib.gui.viewer.task.TaskViewer object at 0x7f260a5c62a0>> avec l'ancienne méthode !
2026-02-19 18:30:46,163 [INFO] taskcoachlib.gui.viewer.container: ViewerContainer.__getattr__ retourne l'attribut <bound method Viewer.curselection of <taskcoachlib.gui.viewer.task.TaskViewer object at 0x7f260a5c62a0>> avec l'ancienne méthode !
2026-02-19 18:30:46,163 [INFO] taskcoachlib.gui.viewer.container: ViewerContainer.__getattr__ retourne l'attribut <bound method Viewer.curselection of <taskcoachlib.gui.viewer.task.TaskViewer object at 0x7f260a5c62a0>> avec l'ancienne méthode !
2026-02-19 18:30:46,163 [DEBUG] taskcoachlib.domain.base.object: CompositeObject.subject : retourne le sujet de Task id=27ccbecc-6084-11e5-9f59-f07bcb8b1707 : Travailler sur mon Livre sur Ma Façon de Mixer.
2026-02-19 18:30:46,165 [DEBUG] taskcoachlib.domain.base.object: CompositeObject.subject : retourne le sujet de Task id=27ccbecc-6084-11e5-9f59-f07bcb8b1707 : Travailler sur mon Livre sur Ma Façon de Mixer.
2026-02-19 18:30:46,166 [DEBUG] taskcoachlib.domain.base.object: CompositeObject.subject : retourne le sujet de Task id=27ccbecc-6084-11e5-9f59-f07bcb8b1707 : Travailler sur mon Livre sur Ma Façon de Mixer.
2026-02-19 18:30:46,168 [DEBUG] taskcoachlib.domain.base.object: CompositeObject.subject : retourne le sujet de Task id=27ccbecc-6084-11e5-9f59-f07bcb8b1707 : Travailler sur mon Livre sur Ma Façon de Mixer.
2026-02-19 18:30:46,170 [DEBUG] taskcoachlib.domain.base.object: CompositeObject.subject : retourne le sujet de Task id=27ccbecc-6084-11e5-9f59-f07bcb8b1707 : Travailler sur mon Livre sur Ma Façon de Mixer.
2026-02-19 18:30:47,156 [DEBUG] taskcoachlib.domain.task.task: Task.__setattr__ : utilise la méthode super avec name=_Task__computed_status et value=inactive.
2026-02-19 18:30:47,157 [DEBUG] taskcoachlib.domain.task.task: Task.__setattr__ : utilise la méthode super avec name=_Task__status_text et value=Inactive.
2026-02-19 18:30:47,157 [DEBUG] taskcoachlib.domain.task.task: Task.__setattr__ : utilise la méthode super avec name=_Task__status_icon et value=led_grey_icon.
2026-02-19 18:30:47,157 [DEBUG] taskcoachlib.domain.task.task: Task.__setattr__ : utilise la méthode super avec name=_Task__status_source et value=No actual start date.
2026-02-19 18:30:47,160 [DEBUG] taskcoachlib.domain.task.task: Task.__setattr__ : utilise la méthode super avec name=_Task__status et value=inactive.
2026-02-19 18:30:47,160 [INFO] taskcoachlib.gui.viewer.container: ViewerContainer.__getattr__ retourne l'attribut <bound method Viewer.curselection of <taskcoachlib.gui.viewer.task.TaskViewer object at 0x7f260a5c62a0>> avec l'ancienne méthode !
2026-02-19 18:30:47,160 [INFO] taskcoachlib.gui.viewer.container: ViewerContainer.__getattr__ retourne l'attribut <bound method Viewer.curselection of <taskcoachlib.gui.viewer.task.TaskViewer object at 0x7f260a5c62a0>> avec l'ancienne méthode !
2026-02-19 18:30:47,160 [INFO] taskcoachlib.gui.viewer.container: ViewerContainer.__getattr__ retourne l'attribut <bound method Viewer.curselection of <taskcoachlib.gui.viewer.task.TaskViewer object at 0x7f260a5c62a0>> avec l'ancienne méthode !
2026-02-19 18:30:47,160 [DEBUG] taskcoachlib.domain.base.object: CompositeObject.subject : retourne le sujet de Task id=27ccbecc-6084-11e5-9f59-f07bcb8b1707 : Travailler sur mon Livre sur Ma Façon de Mixer.
2026-02-19 18:30:47,161 [DEBUG] taskcoachlib.domain.base.object: CompositeObject.subject : retourne le sujet de Task id=27ccbecc-6084-11e5-9f59-f07bcb8b1707 : Travailler sur mon Livre sur Ma Façon de Mixer.
2026-02-19 18:30:47,162 [DEBUG] taskcoachlib.domain.base.object: CompositeObject.subject : retourne le sujet de Task id=27ccbecc-6084-11e5-9f59-f07bcb8b1707 : Travailler sur mon Livre sur Ma Façon de Mixer.
2026-02-19 18:30:47,162 [DEBUG] taskcoachlib.domain.base.object: CompositeObject.subject : retourne le sujet de Task id=27ccbecc-6084-11e5-9f59-f07bcb8b1707 : Travailler sur mon Livre sur Ma Façon de Mixer.
2026-02-19 18:30:47,163 [DEBUG] taskcoachlib.domain.base.object: CompositeObject.subject : retourne le sujet de Task id=27ccbecc-6084-11e5-9f59-f07bcb8b1707 : Travailler sur mon Livre sur Ma Façon de Mixer.
2026-02-19 18:30:48,157 [DEBUG] taskcoachlib.domain.task.task: Task.__setattr__ : utilise la méthode super avec name=_Task__computed_status et value=inactive.
2026-02-19 18:30:48,157 [DEBUG] taskcoachlib.domain.task.task: Task.__setattr__ : utilise la méthode super avec name=_Task__status_text et value=Inactive.
2026-02-19 18:30:48,157 [DEBUG] taskcoachlib.domain.task.task: Task.__setattr__ : utilise la méthode super avec name=_Task__status_icon et value=led_grey_icon.
2026-02-19 18:30:48,157 [DEBUG] taskcoachlib.domain.task.task: Task.__setattr__ : utilise la méthode super avec name=_Task__status_source et value=No actual start date.
2026-02-19 18:30:48,160 [DEBUG] taskcoachlib.domain.task.task: Task.__setattr__ : utilise la méthode super avec name=_Task__status et value=inactive.
2026-02-19 18:30:48,160 [INFO] taskcoachlib.gui.viewer.container: ViewerContainer.__getattr__ retourne l'attribut <bound method Viewer.curselection of <taskcoachlib.gui.viewer.task.TaskViewer object at 0x7f260a5c62a0>> avec l'ancienne méthode !
2026-02-19 18:30:48,161 [INFO] taskcoachlib.gui.viewer.container: ViewerContainer.__getattr__ retourne l'attribut <bound method Viewer.curselection of <taskcoachlib.gui.viewer.task.TaskViewer object at 0x7f260a5c62a0>> avec l'ancienne méthode !
2026-02-19 18:30:48,161 [INFO] taskcoachlib.gui.viewer.container: ViewerContainer.__getattr__ retourne l'attribut <bound method Viewer.curselection of <taskcoachlib.gui.viewer.task.TaskViewer object at 0x7f260a5c62a0>> avec l'ancienne méthode !
2026-02-19 18:30:48,161 [DEBUG] taskcoachlib.domain.base.object: CompositeObject.subject : retourne le sujet de Task id=27ccbecc-6084-11e5-9f59-f07bcb8b1707 : Travailler sur mon Livre sur Ma Façon de Mixer.
2026-02-19 18:30:48,161 [DEBUG] taskcoachlib.domain.base.object: CompositeObject.subject : retourne le sujet de Task id=27ccbecc-6084-11e5-9f59-f07bcb8b1707 : Travailler sur mon Livre sur Ma Façon de Mixer.
2026-02-19 18:30:48,162 [DEBUG] taskcoachlib.domain.base.object: CompositeObject.subject : retourne le sujet de Task id=27ccbecc-6084-11e5-9f59-f07bcb8b1707 : Travailler sur mon Livre sur Ma Façon de Mixer.
2026-02-19 18:30:48,163 [DEBUG] taskcoachlib.domain.base.object: CompositeObject.subject : retourne le sujet de Task id=27ccbecc-6084-11e5-9f59-f07bcb8b1707 : Travailler sur mon Livre sur Ma Façon de Mixer.
2026-02-19 18:30:48,163 [DEBUG] taskcoachlib.domain.base.object: CompositeObject.subject : retourne le sujet de Task id=27ccbecc-6084-11e5-9f59-f07bcb8b1707 : Travailler sur mon Livre sur Ma Façon de Mixer.
2026-02-19 18:30:49,157 [DEBUG] taskcoachlib.domain.task.task: Task.__setattr__ : utilise la méthode super avec name=_Task__computed_status et value=inactive.
2026-02-19 18:30:49,157 [DEBUG] taskcoachlib.domain.task.task: Task.__setattr__ : utilise la méthode super avec name=_Task__status_text et value=Inactive.
2026-02-19 18:30:49,157 [DEBUG] taskcoachlib.domain.task.task: Task.__setattr__ : utilise la méthode super avec name=_Task__status_icon et value=led_grey_icon.
2026-02-19 18:30:49,157 [DEBUG] taskcoachlib.domain.task.task: Task.__setattr__ : utilise la méthode super avec name=_Task__status_source et value=No actual start date.
2026-02-19 18:30:49,160 [DEBUG] taskcoachlib.domain.task.task: Task.__setattr__ : utilise la méthode super avec name=_Task__status et value=inactive.
2026-02-19 18:30:49,160 [INFO] taskcoachlib.gui.viewer.container: ViewerContainer.__getattr__ retourne l'attribut <bound method Viewer.curselection of <taskcoachlib.gui.viewer.task.TaskViewer object at 0x7f260a5c62a0>> avec l'ancienne méthode !
2026-02-19 18:30:49,160 [INFO] taskcoachlib.gui.viewer.container: ViewerContainer.__getattr__ retourne l'attribut <bound method Viewer.curselection of <taskcoachlib.gui.viewer.task.TaskViewer object at 0x7f260a5c62a0>> avec l'ancienne méthode !
2026-02-19 18:30:49,160 [INFO] taskcoachlib.gui.viewer.container: ViewerContainer.__getattr__ retourne l'attribut <bound method Viewer.curselection of <taskcoachlib.gui.viewer.task.TaskViewer object at 0x7f260a5c62a0>> avec l'ancienne méthode !
2026-02-19 18:30:49,160 [DEBUG] taskcoachlib.domain.base.object: CompositeObject.subject : retourne le sujet de Task id=27ccbecc-6084-11e5-9f59-f07bcb8b1707 : Travailler sur mon Livre sur Ma Façon de Mixer.
2026-02-19 18:30:49,161 [DEBUG] taskcoachlib.domain.base.object: CompositeObject.subject : retourne le sujet de Task id=27ccbecc-6084-11e5-9f59-f07bcb8b1707 : Travailler sur mon Livre sur Ma Façon de Mixer.
2026-02-19 18:30:49,162 [DEBUG] taskcoachlib.domain.base.object: CompositeObject.subject : retourne le sujet de Task id=27ccbecc-6084-11e5-9f59-f07bcb8b1707 : Travailler sur mon Livre sur Ma Façon de Mixer.
2026-02-19 18:30:49,162 [DEBUG] taskcoachlib.domain.base.object: CompositeObject.subject : retourne le sujet de Task id=27ccbecc-6084-11e5-9f59-f07bcb8b1707 : Travailler sur mon Livre sur Ma Façon de Mixer.
2026-02-19 18:30:49,163 [DEBUG] taskcoachlib.domain.base.object: CompositeObject.subject : retourne le sujet de Task id=27ccbecc-6084-11e5-9f59-f07bcb8b1707 : Travailler sur mon Livre sur Ma Façon de Mixer.
2026-02-19 18:30:50,157 [DEBUG] taskcoachlib.domain.task.task: Task.__setattr__ : utilise la méthode super avec name=_Task__computed_status et value=inactive.
2026-02-19 18:30:50,158 [DEBUG] taskcoachlib.domain.task.task: Task.__setattr__ : utilise la méthode super avec name=_Task__status_text et value=Inactive.
2026-02-19 18:30:50,158 [DEBUG] taskcoachlib.domain.task.task: Task.__setattr__ : utilise la méthode super avec name=_Task__status_icon et value=led_grey_icon.
2026-02-19 18:30:50,158 [DEBUG] taskcoachlib.domain.task.task: Task.__setattr__ : utilise la méthode super avec name=_Task__status_source et value=No actual start date.
2026-02-19 18:30:50,161 [DEBUG] taskcoachlib.domain.task.task: Task.__setattr__ : utilise la méthode super avec name=_Task__status et value=inactive.
2026-02-19 18:30:50,161 [INFO] taskcoachlib.gui.viewer.container: ViewerContainer.__getattr__ retourne l'attribut <bound method Viewer.curselection of <taskcoachlib.gui.viewer.task.TaskViewer object at 0x7f260a5c62a0>> avec l'ancienne méthode !
2026-02-19 18:30:50,161 [INFO] taskcoachlib.gui.viewer.container: ViewerContainer.__getattr__ retourne l'attribut <bound method Viewer.curselection of <taskcoachlib.gui.viewer.task.TaskViewer object at 0x7f260a5c62a0>> avec l'ancienne méthode !
2026-02-19 18:30:50,161 [INFO] taskcoachlib.gui.viewer.container: ViewerContainer.__getattr__ retourne l'attribut <bound method Viewer.curselection of <taskcoachlib.gui.viewer.task.TaskViewer object at 0x7f260a5c62a0>> avec l'ancienne méthode !
2026-02-19 18:30:50,161 [DEBUG] taskcoachlib.domain.base.object: CompositeObject.subject : retourne le sujet de Task id=27ccbecc-6084-11e5-9f59-f07bcb8b1707 : Travailler sur mon Livre sur Ma Façon de Mixer.
2026-02-19 18:30:50,162 [DEBUG] taskcoachlib.domain.base.object: CompositeObject.subject : retourne le sujet de Task id=27ccbecc-6084-11e5-9f59-f07bcb8b1707 : Travailler sur mon Livre sur Ma Façon de Mixer.
2026-02-19 18:30:50,163 [DEBUG] taskcoachlib.domain.base.object: CompositeObject.subject : retourne le sujet de Task id=27ccbecc-6084-11e5-9f59-f07bcb8b1707 : Travailler sur mon Livre sur Ma Façon de Mixer.
2026-02-19 18:30:50,163 [DEBUG] taskcoachlib.domain.base.object: CompositeObject.subject : retourne le sujet de Task id=27ccbecc-6084-11e5-9f59-f07bcb8b1707 : Travailler sur mon Livre sur Ma Façon de Mixer.
2026-02-19 18:30:50,164 [DEBUG] taskcoachlib.domain.base.object: CompositeObject.subject : retourne le sujet de Task id=27ccbecc-6084-11e5-9f59-f07bcb8b1707 : Travailler sur mon Livre sur Ma Façon de Mixer.
2026-02-19 18:30:51,158 [DEBUG] taskcoachlib.domain.task.task: Task.__setattr__ : utilise la méthode super avec name=_Task__computed_status et value=inactive.
2026-02-19 18:30:51,158 [DEBUG] taskcoachlib.domain.task.task: Task.__setattr__ : utilise la méthode super avec name=_Task__status_text et value=Inactive.
2026-02-19 18:30:51,158 [DEBUG] taskcoachlib.domain.task.task: Task.__setattr__ : utilise la méthode super avec name=_Task__status_icon et value=led_grey_icon.
2026-02-19 18:30:51,158 [DEBUG] taskcoachlib.domain.task.task: Task.__setattr__ : utilise la méthode super avec name=_Task__status_source et value=No actual start date.
2026-02-19 18:30:51,162 [DEBUG] taskcoachlib.domain.task.task: Task.__setattr__ : utilise la méthode super avec name=_Task__status et value=inactive.
2026-02-19 18:30:51,162 [INFO] taskcoachlib.gui.viewer.container: ViewerContainer.__getattr__ retourne l'attribut <bound method Viewer.curselection of <taskcoachlib.gui.viewer.task.TaskViewer object at 0x7f260a5c62a0>> avec l'ancienne méthode !
2026-02-19 18:30:51,163 [INFO] taskcoachlib.gui.viewer.container: ViewerContainer.__getattr__ retourne l'attribut <bound method Viewer.curselection of <taskcoachlib.gui.viewer.task.TaskViewer object at 0x7f260a5c62a0>> avec l'ancienne méthode !
2026-02-19 18:30:51,163 [INFO] taskcoachlib.gui.viewer.container: ViewerContainer.__getattr__ retourne l'attribut <bound method Viewer.curselection of <taskcoachlib.gui.viewer.task.TaskViewer object at 0x7f260a5c62a0>> avec l'ancienne méthode !
2026-02-19 18:30:51,163 [DEBUG] taskcoachlib.domain.base.object: CompositeObject.subject : retourne le sujet de Task id=27ccbecc-6084-11e5-9f59-f07bcb8b1707 : Travailler sur mon Livre sur Ma Façon de Mixer.
2026-02-19 18:30:51,165 [DEBUG] taskcoachlib.domain.base.object: CompositeObject.subject : retourne le sujet de Task id=27ccbecc-6084-11e5-9f59-f07bcb8b1707 : Travailler sur mon Livre sur Ma Façon de Mixer.
2026-02-19 18:30:51,166 [DEBUG] taskcoachlib.domain.base.object: CompositeObject.subject : retourne le sujet de Task id=27ccbecc-6084-11e5-9f59-f07bcb8b1707 : Travailler sur mon Livre sur Ma Façon de Mixer.
2026-02-19 18:30:51,167 [DEBUG] taskcoachlib.domain.base.object: CompositeObject.subject : retourne le sujet de Task id=27ccbecc-6084-11e5-9f59-f07bcb8b1707 : Travailler sur mon Livre sur Ma Façon de Mixer.
2026-02-19 18:30:51,168 [DEBUG] taskcoachlib.domain.base.object: CompositeObject.subject : retourne le sujet de Task id=27ccbecc-6084-11e5-9f59-f07bcb8b1707 : Travailler sur mon Livre sur Ma Façon de Mixer.
2026-02-19 18:30:52,158 [DEBUG] taskcoachlib.domain.task.task: Task.__setattr__ : utilise la méthode super avec name=_Task__computed_status et value=inactive.
2026-02-19 18:30:52,158 [DEBUG] taskcoachlib.domain.task.task: Task.__setattr__ : utilise la méthode super avec name=_Task__status_text et value=Inactive.
2026-02-19 18:30:52,159 [DEBUG] taskcoachlib.domain.task.task: Task.__setattr__ : utilise la méthode super avec name=_Task__status_icon et value=led_grey_icon.
2026-02-19 18:30:52,159 [DEBUG] taskcoachlib.domain.task.task: Task.__setattr__ : utilise la méthode super avec name=_Task__status_source et value=No actual start date.
2026-02-19 18:30:52,164 [DEBUG] taskcoachlib.domain.task.task: Task.__setattr__ : utilise la méthode super avec name=_Task__status et value=inactive.
2026-02-19 18:30:52,164 [INFO] taskcoachlib.gui.viewer.container: ViewerContainer.__getattr__ retourne l'attribut <bound method Viewer.curselection of <taskcoachlib.gui.viewer.task.TaskViewer object at 0x7f260a5c62a0>> avec l'ancienne méthode !
2026-02-19 18:30:52,165 [INFO] taskcoachlib.gui.viewer.container: ViewerContainer.__getattr__ retourne l'attribut <bound method Viewer.curselection of <taskcoachlib.gui.viewer.task.TaskViewer object at 0x7f260a5c62a0>> avec l'ancienne méthode !
2026-02-19 18:30:52,165 [INFO] taskcoachlib.gui.viewer.container: ViewerContainer.__getattr__ retourne l'attribut <bound method Viewer.curselection of <taskcoachlib.gui.viewer.task.TaskViewer object at 0x7f260a5c62a0>> avec l'ancienne méthode !
2026-02-19 18:30:52,165 [DEBUG] taskcoachlib.domain.base.object: CompositeObject.subject : retourne le sujet de Task id=27ccbecc-6084-11e5-9f59-f07bcb8b1707 : Travailler sur mon Livre sur Ma Façon de Mixer.
2026-02-19 18:30:52,166 [DEBUG] taskcoachlib.domain.base.object: CompositeObject.subject : retourne le sujet de Task id=27ccbecc-6084-11e5-9f59-f07bcb8b1707 : Travailler sur mon Livre sur Ma Façon de Mixer.
2026-02-19 18:30:52,168 [DEBUG] taskcoachlib.domain.base.object: CompositeObject.subject : retourne le sujet de Task id=27ccbecc-6084-11e5-9f59-f07bcb8b1707 : Travailler sur mon Livre sur Ma Façon de Mixer.
2026-02-19 18:30:52,169 [DEBUG] taskcoachlib.domain.base.object: CompositeObject.subject : retourne le sujet de Task id=27ccbecc-6084-11e5-9f59-f07bcb8b1707 : Travailler sur mon Livre sur Ma Façon de Mixer.
2026-02-19 18:30:52,172 [DEBUG] taskcoachlib.domain.base.object: CompositeObject.subject : retourne le sujet de Task id=27ccbecc-6084-11e5-9f59-f07bcb8b1707 : Travailler sur mon Livre sur Ma Façon de Mixer.
2026-02-19 18:30:53,159 [DEBUG] taskcoachlib.domain.task.task: Task.__setattr__ : utilise la méthode super avec name=_Task__computed_status et value=inactive.
2026-02-19 18:30:53,159 [DEBUG] taskcoachlib.domain.task.task: Task.__setattr__ : utilise la méthode super avec name=_Task__status_text et value=Inactive.
2026-02-19 18:30:53,159 [DEBUG] taskcoachlib.domain.task.task: Task.__setattr__ : utilise la méthode super avec name=_Task__status_icon et value=led_grey_icon.
2026-02-19 18:30:53,159 [DEBUG] taskcoachlib.domain.task.task: Task.__setattr__ : utilise la méthode super avec name=_Task__status_source et value=No actual start date.
2026-02-19 18:30:53,164 [DEBUG] taskcoachlib.domain.task.task: Task.__setattr__ : utilise la méthode super avec name=_Task__status et value=inactive.
2026-02-19 18:30:53,164 [INFO] taskcoachlib.gui.viewer.container: ViewerContainer.__getattr__ retourne l'attribut <bound method Viewer.curselection of <taskcoachlib.gui.viewer.task.TaskViewer object at 0x7f260a5c62a0>> avec l'ancienne méthode !
2026-02-19 18:30:53,165 [INFO] taskcoachlib.gui.viewer.container: ViewerContainer.__getattr__ retourne l'attribut <bound method Viewer.curselection of <taskcoachlib.gui.viewer.task.TaskViewer object at 0x7f260a5c62a0>> avec l'ancienne méthode !
2026-02-19 18:30:53,165 [INFO] taskcoachlib.gui.viewer.container: ViewerContainer.__getattr__ retourne l'attribut <bound method Viewer.curselection of <taskcoachlib.gui.viewer.task.TaskViewer object at 0x7f260a5c62a0>> avec l'ancienne méthode !
2026-02-19 18:30:53,165 [DEBUG] taskcoachlib.domain.base.object: CompositeObject.subject : retourne le sujet de Task id=27ccbecc-6084-11e5-9f59-f07bcb8b1707 : Travailler sur mon Livre sur Ma Façon de Mixer.
2026-02-19 18:30:53,166 [DEBUG] taskcoachlib.domain.base.object: CompositeObject.subject : retourne le sujet de Task id=27ccbecc-6084-11e5-9f59-f07bcb8b1707 : Travailler sur mon Livre sur Ma Façon de Mixer.
2026-02-19 18:30:53,168 [DEBUG] taskcoachlib.domain.base.object: CompositeObject.subject : retourne le sujet de Task id=27ccbecc-6084-11e5-9f59-f07bcb8b1707 : Travailler sur mon Livre sur Ma Façon de Mixer.
2026-02-19 18:30:53,169 [DEBUG] taskcoachlib.domain.base.object: CompositeObject.subject : retourne le sujet de Task id=27ccbecc-6084-11e5-9f59-f07bcb8b1707 : Travailler sur mon Livre sur Ma Façon de Mixer.
2026-02-19 18:30:53,170 [DEBUG] taskcoachlib.domain.base.object: CompositeObject.subject : retourne le sujet de Task id=27ccbecc-6084-11e5-9f59-f07bcb8b1707 : Travailler sur mon Livre sur Ma Façon de Mixer.
2026-02-19 18:30:54,159 [DEBUG] taskcoachlib.domain.task.task: Task.__setattr__ : utilise la méthode super avec name=_Task__computed_status et value=inactive.
2026-02-19 18:30:54,159 [DEBUG] taskcoachlib.domain.task.task: Task.__setattr__ : utilise la méthode super avec name=_Task__status_text et value=Inactive.
2026-02-19 18:30:54,159 [DEBUG] taskcoachlib.domain.task.task: Task.__setattr__ : utilise la méthode super avec name=_Task__status_icon et value=led_grey_icon.
2026-02-19 18:30:54,159 [DEBUG] taskcoachlib.domain.task.task: Task.__setattr__ : utilise la méthode super avec name=_Task__status_source et value=No actual start date.
2026-02-19 18:30:54,164 [DEBUG] taskcoachlib.domain.task.task: Task.__setattr__ : utilise la méthode super avec name=_Task__status et value=inactive.
2026-02-19 18:30:54,165 [INFO] taskcoachlib.gui.viewer.container: ViewerContainer.__getattr__ retourne l'attribut <bound method Viewer.curselection of <taskcoachlib.gui.viewer.task.TaskViewer object at 0x7f260a5c62a0>> avec l'ancienne méthode !
2026-02-19 18:30:54,165 [INFO] taskcoachlib.gui.viewer.container: ViewerContainer.__getattr__ retourne l'attribut <bound method Viewer.curselection of <taskcoachlib.gui.viewer.task.TaskViewer object at 0x7f260a5c62a0>> avec l'ancienne méthode !
2026-02-19 18:30:54,165 [INFO] taskcoachlib.gui.viewer.container: ViewerContainer.__getattr__ retourne l'attribut <bound method Viewer.curselection of <taskcoachlib.gui.viewer.task.TaskViewer object at 0x7f260a5c62a0>> avec l'ancienne méthode !
2026-02-19 18:30:54,166 [DEBUG] taskcoachlib.domain.base.object: CompositeObject.subject : retourne le sujet de Task id=27ccbecc-6084-11e5-9f59-f07bcb8b1707 : Travailler sur mon Livre sur Ma Façon de Mixer.
2026-02-19 18:30:54,167 [DEBUG] taskcoachlib.domain.base.object: CompositeObject.subject : retourne le sujet de Task id=27ccbecc-6084-11e5-9f59-f07bcb8b1707 : Travailler sur mon Livre sur Ma Façon de Mixer.
2026-02-19 18:30:54,168 [DEBUG] taskcoachlib.domain.base.object: CompositeObject.subject : retourne le sujet de Task id=27ccbecc-6084-11e5-9f59-f07bcb8b1707 : Travailler sur mon Livre sur Ma Façon de Mixer.
2026-02-19 18:30:54,170 [DEBUG] taskcoachlib.domain.base.object: CompositeObject.subject : retourne le sujet de Task id=27ccbecc-6084-11e5-9f59-f07bcb8b1707 : Travailler sur mon Livre sur Ma Façon de Mixer.
2026-02-19 18:30:54,171 [DEBUG] taskcoachlib.domain.base.object: CompositeObject.subject : retourne le sujet de Task id=27ccbecc-6084-11e5-9f59-f07bcb8b1707 : Travailler sur mon Livre sur Ma Façon de Mixer.
2026-02-19 18:30:55,159 [DEBUG] taskcoachlib.domain.task.task: Task.__setattr__ : utilise la méthode super avec name=_Task__computed_status et value=inactive.
2026-02-19 18:30:55,159 [DEBUG] taskcoachlib.domain.task.task: Task.__setattr__ : utilise la méthode super avec name=_Task__status_text et value=Inactive.
2026-02-19 18:30:55,160 [DEBUG] taskcoachlib.domain.task.task: Task.__setattr__ : utilise la méthode super avec name=_Task__status_icon et value=led_grey_icon.
2026-02-19 18:30:55,160 [DEBUG] taskcoachlib.domain.task.task: Task.__setattr__ : utilise la méthode super avec name=_Task__status_source et value=No actual start date.
2026-02-19 18:30:55,165 [DEBUG] taskcoachlib.domain.task.task: Task.__setattr__ : utilise la méthode super avec name=_Task__status et value=inactive.
2026-02-19 18:30:55,166 [INFO] taskcoachlib.gui.viewer.container: ViewerContainer.__getattr__ retourne l'attribut <bound method Viewer.curselection of <taskcoachlib.gui.viewer.task.TaskViewer object at 0x7f260a5c62a0>> avec l'ancienne méthode !
2026-02-19 18:30:55,166 [INFO] taskcoachlib.gui.viewer.container: ViewerContainer.__getattr__ retourne l'attribut <bound method Viewer.curselection of <taskcoachlib.gui.viewer.task.TaskViewer object at 0x7f260a5c62a0>> avec l'ancienne méthode !
2026-02-19 18:30:55,166 [INFO] taskcoachlib.gui.viewer.container: ViewerContainer.__getattr__ retourne l'attribut <bound method Viewer.curselection of <taskcoachlib.gui.viewer.task.TaskViewer object at 0x7f260a5c62a0>> avec l'ancienne méthode !
2026-02-19 18:30:55,167 [DEBUG] taskcoachlib.domain.base.object: CompositeObject.subject : retourne le sujet de Task id=27ccbecc-6084-11e5-9f59-f07bcb8b1707 : Travailler sur mon Livre sur Ma Façon de Mixer.
2026-02-19 18:30:55,168 [DEBUG] taskcoachlib.domain.base.object: CompositeObject.subject : retourne le sujet de Task id=27ccbecc-6084-11e5-9f59-f07bcb8b1707 : Travailler sur mon Livre sur Ma Façon de Mixer.
2026-02-19 18:30:55,170 [DEBUG] taskcoachlib.domain.base.object: CompositeObject.subject : retourne le sujet de Task id=27ccbecc-6084-11e5-9f59-f07bcb8b1707 : Travailler sur mon Livre sur Ma Façon de Mixer.
2026-02-19 18:30:55,171 [DEBUG] taskcoachlib.domain.base.object: CompositeObject.subject : retourne le sujet de Task id=27ccbecc-6084-11e5-9f59-f07bcb8b1707 : Travailler sur mon Livre sur Ma Façon de Mixer.
2026-02-19 18:30:55,174 [DEBUG] taskcoachlib.domain.base.object: CompositeObject.subject : retourne le sujet de Task id=27ccbecc-6084-11e5-9f59-f07bcb8b1707 : Travailler sur mon Livre sur Ma Façon de Mixer.
2026-02-19 18:30:56,159 [DEBUG] taskcoachlib.domain.task.task: Task.__setattr__ : utilise la méthode super avec name=_Task__computed_status et value=inactive.
2026-02-19 18:30:56,160 [DEBUG] taskcoachlib.domain.task.task: Task.__setattr__ : utilise la méthode super avec name=_Task__status_text et value=Inactive.
2026-02-19 18:30:56,160 [DEBUG] taskcoachlib.domain.task.task: Task.__setattr__ : utilise la méthode super avec name=_Task__status_icon et value=led_grey_icon.
2026-02-19 18:30:56,160 [DEBUG] taskcoachlib.domain.task.task: Task.__setattr__ : utilise la méthode super avec name=_Task__status_source et value=No actual start date.
2026-02-19 18:30:56,165 [DEBUG] taskcoachlib.domain.task.task: Task.__setattr__ : utilise la méthode super avec name=_Task__status et value=inactive.
2026-02-19 18:30:56,165 [INFO] taskcoachlib.gui.viewer.container: ViewerContainer.__getattr__ retourne l'attribut <bound method Viewer.curselection of <taskcoachlib.gui.viewer.task.TaskViewer object at 0x7f260a5c62a0>> avec l'ancienne méthode !
2026-02-19 18:30:56,166 [INFO] taskcoachlib.gui.viewer.container: ViewerContainer.__getattr__ retourne l'attribut <bound method Viewer.curselection of <taskcoachlib.gui.viewer.task.TaskViewer object at 0x7f260a5c62a0>> avec l'ancienne méthode !
2026-02-19 18:30:56,166 [INFO] taskcoachlib.gui.viewer.container: ViewerContainer.__getattr__ retourne l'attribut <bound method Viewer.curselection of <taskcoachlib.gui.viewer.task.TaskViewer object at 0x7f260a5c62a0>> avec l'ancienne méthode !
2026-02-19 18:30:56,166 [DEBUG] taskcoachlib.domain.base.object: CompositeObject.subject : retourne le sujet de Task id=27ccbecc-6084-11e5-9f59-f07bcb8b1707 : Travailler sur mon Livre sur Ma Façon de Mixer.
2026-02-19 18:30:56,167 [DEBUG] taskcoachlib.domain.base.object: CompositeObject.subject : retourne le sujet de Task id=27ccbecc-6084-11e5-9f59-f07bcb8b1707 : Travailler sur mon Livre sur Ma Façon de Mixer.
2026-02-19 18:30:56,169 [DEBUG] taskcoachlib.domain.base.object: CompositeObject.subject : retourne le sujet de Task id=27ccbecc-6084-11e5-9f59-f07bcb8b1707 : Travailler sur mon Livre sur Ma Façon de Mixer.
2026-02-19 18:30:56,170 [DEBUG] taskcoachlib.domain.base.object: CompositeObject.subject : retourne le sujet de Task id=27ccbecc-6084-11e5-9f59-f07bcb8b1707 : Travailler sur mon Livre sur Ma Façon de Mixer.
2026-02-19 18:30:56,172 [DEBUG] taskcoachlib.domain.base.object: CompositeObject.subject : retourne le sujet de Task id=27ccbecc-6084-11e5-9f59-f07bcb8b1707 : Travailler sur mon Livre sur Ma Façon de Mixer.
2026-02-19 18:30:57,160 [DEBUG] taskcoachlib.domain.task.task: Task.__setattr__ : utilise la méthode super avec name=_Task__computed_status et value=inactive.
2026-02-19 18:30:57,160 [DEBUG] taskcoachlib.domain.task.task: Task.__setattr__ : utilise la méthode super avec name=_Task__status_text et value=Inactive.
2026-02-19 18:30:57,160 [DEBUG] taskcoachlib.domain.task.task: Task.__setattr__ : utilise la méthode super avec name=_Task__status_icon et value=led_grey_icon.
2026-02-19 18:30:57,160 [DEBUG] taskcoachlib.domain.task.task: Task.__setattr__ : utilise la méthode super avec name=_Task__status_source et value=No actual start date.
2026-02-19 18:30:57,165 [DEBUG] taskcoachlib.domain.task.task: Task.__setattr__ : utilise la méthode super avec name=_Task__status et value=inactive.
2026-02-19 18:30:57,165 [INFO] taskcoachlib.gui.viewer.container: ViewerContainer.__getattr__ retourne l'attribut <bound method Viewer.curselection of <taskcoachlib.gui.viewer.task.TaskViewer object at 0x7f260a5c62a0>> avec l'ancienne méthode !
2026-02-19 18:30:57,166 [INFO] taskcoachlib.gui.viewer.container: ViewerContainer.__getattr__ retourne l'attribut <bound method Viewer.curselection of <taskcoachlib.gui.viewer.task.TaskViewer object at 0x7f260a5c62a0>> avec l'ancienne méthode !
2026-02-19 18:30:57,166 [INFO] taskcoachlib.gui.viewer.container: ViewerContainer.__getattr__ retourne l'attribut <bound method Viewer.curselection of <taskcoachlib.gui.viewer.task.TaskViewer object at 0x7f260a5c62a0>> avec l'ancienne méthode !
2026-02-19 18:30:57,166 [DEBUG] taskcoachlib.domain.base.object: CompositeObject.subject : retourne le sujet de Task id=27ccbecc-6084-11e5-9f59-f07bcb8b1707 : Travailler sur mon Livre sur Ma Façon de Mixer.
2026-02-19 18:30:57,167 [DEBUG] taskcoachlib.domain.base.object: CompositeObject.subject : retourne le sujet de Task id=27ccbecc-6084-11e5-9f59-f07bcb8b1707 : Travailler sur mon Livre sur Ma Façon de Mixer.
2026-02-19 18:30:57,169 [DEBUG] taskcoachlib.domain.base.object: CompositeObject.subject : retourne le sujet de Task id=27ccbecc-6084-11e5-9f59-f07bcb8b1707 : Travailler sur mon Livre sur Ma Façon de Mixer.
2026-02-19 18:30:57,170 [DEBUG] taskcoachlib.domain.base.object: CompositeObject.subject : retourne le sujet de Task id=27ccbecc-6084-11e5-9f59-f07bcb8b1707 : Travailler sur mon Livre sur Ma Façon de Mixer.
2026-02-19 18:30:57,171 [DEBUG] taskcoachlib.domain.base.object: CompositeObject.subject : retourne le sujet de Task id=27ccbecc-6084-11e5-9f59-f07bcb8b1707 : Travailler sur mon Livre sur Ma Façon de Mixer.
2026-02-19 18:30:58,160 [DEBUG] taskcoachlib.domain.task.task: Task.__setattr__ : utilise la méthode super avec name=_Task__computed_status et value=inactive.
2026-02-19 18:30:58,160 [DEBUG] taskcoachlib.domain.task.task: Task.__setattr__ : utilise la méthode super avec name=_Task__status_text et value=Inactive.
2026-02-19 18:30:58,161 [DEBUG] taskcoachlib.domain.task.task: Task.__setattr__ : utilise la méthode super avec name=_Task__status_icon et value=led_grey_icon.
2026-02-19 18:30:58,161 [DEBUG] taskcoachlib.domain.task.task: Task.__setattr__ : utilise la méthode super avec name=_Task__status_source et value=No actual start date.
2026-02-19 18:30:58,166 [DEBUG] taskcoachlib.domain.task.task: Task.__setattr__ : utilise la méthode super avec name=_Task__status et value=inactive.
2026-02-19 18:30:58,166 [INFO] taskcoachlib.gui.viewer.container: ViewerContainer.__getattr__ retourne l'attribut <bound method Viewer.curselection of <taskcoachlib.gui.viewer.task.TaskViewer object at 0x7f260a5c62a0>> avec l'ancienne méthode !
2026-02-19 18:30:58,167 [INFO] taskcoachlib.gui.viewer.container: ViewerContainer.__getattr__ retourne l'attribut <bound method Viewer.curselection of <taskcoachlib.gui.viewer.task.TaskViewer object at 0x7f260a5c62a0>> avec l'ancienne méthode !
2026-02-19 18:30:58,167 [INFO] taskcoachlib.gui.viewer.container: ViewerContainer.__getattr__ retourne l'attribut <bound method Viewer.curselection of <taskcoachlib.gui.viewer.task.TaskViewer object at 0x7f260a5c62a0>> avec l'ancienne méthode !
2026-02-19 18:30:58,167 [DEBUG] taskcoachlib.domain.base.object: CompositeObject.subject : retourne le sujet de Task id=27ccbecc-6084-11e5-9f59-f07bcb8b1707 : Travailler sur mon Livre sur Ma Façon de Mixer.
2026-02-19 18:30:58,168 [DEBUG] taskcoachlib.domain.base.object: CompositeObject.subject : retourne le sujet de Task id=27ccbecc-6084-11e5-9f59-f07bcb8b1707 : Travailler sur mon Livre sur Ma Façon de Mixer.
2026-02-19 18:30:58,170 [DEBUG] taskcoachlib.domain.base.object: CompositeObject.subject : retourne le sujet de Task id=27ccbecc-6084-11e5-9f59-f07bcb8b1707 : Travailler sur mon Livre sur Ma Façon de Mixer.
2026-02-19 18:30:58,171 [DEBUG] taskcoachlib.domain.base.object: CompositeObject.subject : retourne le sujet de Task id=27ccbecc-6084-11e5-9f59-f07bcb8b1707 : Travailler sur mon Livre sur Ma Façon de Mixer.
2026-02-19 18:30:58,173 [DEBUG] taskcoachlib.domain.base.object: CompositeObject.subject : retourne le sujet de Task id=27ccbecc-6084-11e5-9f59-f07bcb8b1707 : Travailler sur mon Livre sur Ma Façon de Mixer.
2026-02-19 18:30:59,160 [DEBUG] taskcoachlib.domain.task.task: Task.__setattr__ : utilise la méthode super avec name=_Task__computed_status et value=inactive.
2026-02-19 18:30:59,160 [DEBUG] taskcoachlib.domain.task.task: Task.__setattr__ : utilise la méthode super avec name=_Task__status_text et value=Inactive.
2026-02-19 18:30:59,160 [DEBUG] taskcoachlib.domain.task.task: Task.__setattr__ : utilise la méthode super avec name=_Task__status_icon et value=led_grey_icon.
2026-02-19 18:30:59,161 [DEBUG] taskcoachlib.domain.task.task: Task.__setattr__ : utilise la méthode super avec name=_Task__status_source et value=No actual start date.
2026-02-19 18:30:59,165 [DEBUG] taskcoachlib.domain.task.task: Task.__setattr__ : utilise la méthode super avec name=_Task__status et value=inactive.
2026-02-19 18:30:59,165 [INFO] taskcoachlib.gui.viewer.container: ViewerContainer.__getattr__ retourne l'attribut <bound method Viewer.curselection of <taskcoachlib.gui.viewer.task.TaskViewer object at 0x7f260a5c62a0>> avec l'ancienne méthode !
2026-02-19 18:30:59,166 [INFO] taskcoachlib.gui.viewer.container: ViewerContainer.__getattr__ retourne l'attribut <bound method Viewer.curselection of <taskcoachlib.gui.viewer.task.TaskViewer object at 0x7f260a5c62a0>> avec l'ancienne méthode !
2026-02-19 18:30:59,166 [INFO] taskcoachlib.gui.viewer.container: ViewerContainer.__getattr__ retourne l'attribut <bound method Viewer.curselection of <taskcoachlib.gui.viewer.task.TaskViewer object at 0x7f260a5c62a0>> avec l'ancienne méthode !
2026-02-19 18:30:59,166 [DEBUG] taskcoachlib.domain.base.object: CompositeObject.subject : retourne le sujet de Task id=27ccbecc-6084-11e5-9f59-f07bcb8b1707 : Travailler sur mon Livre sur Ma Façon de Mixer.
2026-02-19 18:30:59,168 [DEBUG] taskcoachlib.domain.base.object: CompositeObject.subject : retourne le sujet de Task id=27ccbecc-6084-11e5-9f59-f07bcb8b1707 : Travailler sur mon Livre sur Ma Façon de Mixer.
2026-02-19 18:30:59,169 [DEBUG] taskcoachlib.domain.base.object: CompositeObject.subject : retourne le sujet de Task id=27ccbecc-6084-11e5-9f59-f07bcb8b1707 : Travailler sur mon Livre sur Ma Façon de Mixer.
2026-02-19 18:30:59,170 [DEBUG] taskcoachlib.domain.base.object: CompositeObject.subject : retourne le sujet de Task id=27ccbecc-6084-11e5-9f59-f07bcb8b1707 : Travailler sur mon Livre sur Ma Façon de Mixer.
2026-02-19 18:30:59,171 [DEBUG] taskcoachlib.domain.base.object: CompositeObject.subject : retourne le sujet de Task id=27ccbecc-6084-11e5-9f59-f07bcb8b1707 : Travailler sur mon Livre sur Ma Façon de Mixer.
2026-02-19 18:31:00,160 [DEBUG] taskcoachlib.domain.task.task: Task.__setattr__ : utilise la méthode super avec name=_Task__computed_status et value=inactive.
2026-02-19 18:31:00,161 [DEBUG] taskcoachlib.domain.task.task: Task.__setattr__ : utilise la méthode super avec name=_Task__status_text et value=Inactive.
2026-02-19 18:31:00,161 [DEBUG] taskcoachlib.domain.task.task: Task.__setattr__ : utilise la méthode super avec name=_Task__status_icon et value=led_grey_icon.
2026-02-19 18:31:00,161 [DEBUG] taskcoachlib.domain.task.task: Task.__setattr__ : utilise la méthode super avec name=_Task__status_source et value=No actual start date.
2026-02-19 18:31:00,166 [DEBUG] taskcoachlib.domain.task.task: Task.__setattr__ : utilise la méthode super avec name=_Task__status et value=inactive.
2026-02-19 18:31:00,166 [INFO] taskcoachlib.gui.viewer.container: ViewerContainer.__getattr__ retourne l'attribut <bound method Viewer.curselection of <taskcoachlib.gui.viewer.task.TaskViewer object at 0x7f260a5c62a0>> avec l'ancienne méthode !
2026-02-19 18:31:00,166 [INFO] taskcoachlib.gui.viewer.container: ViewerContainer.__getattr__ retourne l'attribut <bound method Viewer.curselection of <taskcoachlib.gui.viewer.task.TaskViewer object at 0x7f260a5c62a0>> avec l'ancienne méthode !
2026-02-19 18:31:00,166 [INFO] taskcoachlib.gui.viewer.container: ViewerContainer.__getattr__ retourne l'attribut <bound method Viewer.curselection of <taskcoachlib.gui.viewer.task.TaskViewer object at 0x7f260a5c62a0>> avec l'ancienne méthode !
2026-02-19 18:31:00,167 [DEBUG] taskcoachlib.domain.base.object: CompositeObject.subject : retourne le sujet de Task id=27ccbecc-6084-11e5-9f59-f07bcb8b1707 : Travailler sur mon Livre sur Ma Façon de Mixer.
2026-02-19 18:31:00,168 [DEBUG] taskcoachlib.domain.base.object: CompositeObject.subject : retourne le sujet de Task id=27ccbecc-6084-11e5-9f59-f07bcb8b1707 : Travailler sur mon Livre sur Ma Façon de Mixer.
2026-02-19 18:31:00,169 [DEBUG] taskcoachlib.domain.base.object: CompositeObject.subject : retourne le sujet de Task id=27ccbecc-6084-11e5-9f59-f07bcb8b1707 : Travailler sur mon Livre sur Ma Façon de Mixer.
2026-02-19 18:31:00,171 [DEBUG] taskcoachlib.domain.base.object: CompositeObject.subject : retourne le sujet de Task id=27ccbecc-6084-11e5-9f59-f07bcb8b1707 : Travailler sur mon Livre sur Ma Façon de Mixer.
2026-02-19 18:31:00,172 [DEBUG] taskcoachlib.domain.base.object: CompositeObject.subject : retourne le sujet de Task id=27ccbecc-6084-11e5-9f59-f07bcb8b1707 : Travailler sur mon Livre sur Ma Façon de Mixer.
2026-02-19 18:31:01,161 [DEBUG] taskcoachlib.domain.task.task: Task.__setattr__ : utilise la méthode super avec name=_Task__computed_status et value=inactive.
2026-02-19 18:31:01,161 [DEBUG] taskcoachlib.domain.task.task: Task.__setattr__ : utilise la méthode super avec name=_Task__status_text et value=Inactive.
2026-02-19 18:31:01,161 [DEBUG] taskcoachlib.domain.task.task: Task.__setattr__ : utilise la méthode super avec name=_Task__status_icon et value=led_grey_icon.
2026-02-19 18:31:01,161 [DEBUG] taskcoachlib.domain.task.task: Task.__setattr__ : utilise la méthode super avec name=_Task__status_source et value=No actual start date.
2026-02-19 18:31:01,166 [DEBUG] taskcoachlib.domain.task.task: Task.__setattr__ : utilise la méthode super avec name=_Task__status et value=inactive.
2026-02-19 18:31:01,166 [INFO] taskcoachlib.gui.viewer.container: ViewerContainer.__getattr__ retourne l'attribut <bound method Viewer.curselection of <taskcoachlib.gui.viewer.task.TaskViewer object at 0x7f260a5c62a0>> avec l'ancienne méthode !
2026-02-19 18:31:01,167 [INFO] taskcoachlib.gui.viewer.container: ViewerContainer.__getattr__ retourne l'attribut <bound method Viewer.curselection of <taskcoachlib.gui.viewer.task.TaskViewer object at 0x7f260a5c62a0>> avec l'ancienne méthode !
2026-02-19 18:31:01,167 [INFO] taskcoachlib.gui.viewer.container: ViewerContainer.__getattr__ retourne l'attribut <bound method Viewer.curselection of <taskcoachlib.gui.viewer.task.TaskViewer object at 0x7f260a5c62a0>> avec l'ancienne méthode !
2026-02-19 18:31:01,167 [DEBUG] taskcoachlib.domain.base.object: CompositeObject.subject : retourne le sujet de Task id=27ccbecc-6084-11e5-9f59-f07bcb8b1707 : Travailler sur mon Livre sur Ma Façon de Mixer.
2026-02-19 18:31:01,169 [DEBUG] taskcoachlib.domain.base.object: CompositeObject.subject : retourne le sujet de Task id=27ccbecc-6084-11e5-9f59-f07bcb8b1707 : Travailler sur mon Livre sur Ma Façon de Mixer.
2026-02-19 18:31:01,170 [DEBUG] taskcoachlib.domain.base.object: CompositeObject.subject : retourne le sujet de Task id=27ccbecc-6084-11e5-9f59-f07bcb8b1707 : Travailler sur mon Livre sur Ma Façon de Mixer.
2026-02-19 18:31:01,172 [DEBUG] taskcoachlib.domain.base.object: CompositeObject.subject : retourne le sujet de Task id=27ccbecc-6084-11e5-9f59-f07bcb8b1707 : Travailler sur mon Livre sur Ma Façon de Mixer.
2026-02-19 18:31:01,173 [DEBUG] taskcoachlib.domain.base.object: CompositeObject.subject : retourne le sujet de Task id=27ccbecc-6084-11e5-9f59-f07bcb8b1707 : Travailler sur mon Livre sur Ma Façon de Mixer.
2026-02-19 18:31:02,161 [DEBUG] taskcoachlib.domain.task.task: Task.__setattr__ : utilise la méthode super avec name=_Task__computed_status et value=inactive.
2026-02-19 18:31:02,161 [DEBUG] taskcoachlib.domain.task.task: Task.__setattr__ : utilise la méthode super avec name=_Task__status_text et value=Inactive.
2026-02-19 18:31:02,161 [DEBUG] taskcoachlib.domain.task.task: Task.__setattr__ : utilise la méthode super avec name=_Task__status_icon et value=led_grey_icon.
2026-02-19 18:31:02,162 [DEBUG] taskcoachlib.domain.task.task: Task.__setattr__ : utilise la méthode super avec name=_Task__status_source et value=No actual start date.
2026-02-19 18:31:02,166 [DEBUG] taskcoachlib.domain.task.task: Task.__setattr__ : utilise la méthode super avec name=_Task__status et value=inactive.
2026-02-19 18:31:02,166 [INFO] taskcoachlib.gui.viewer.container: ViewerContainer.__getattr__ retourne l'attribut <bound method Viewer.curselection of <taskcoachlib.gui.viewer.task.TaskViewer object at 0x7f260a5c62a0>> avec l'ancienne méthode !
2026-02-19 18:31:02,167 [INFO] taskcoachlib.gui.viewer.container: ViewerContainer.__getattr__ retourne l'attribut <bound method Viewer.curselection of <taskcoachlib.gui.viewer.task.TaskViewer object at 0x7f260a5c62a0>> avec l'ancienne méthode !
2026-02-19 18:31:02,167 [INFO] taskcoachlib.gui.viewer.container: ViewerContainer.__getattr__ retourne l'attribut <bound method Viewer.curselection of <taskcoachlib.gui.viewer.task.TaskViewer object at 0x7f260a5c62a0>> avec l'ancienne méthode !
2026-02-19 18:31:02,167 [DEBUG] taskcoachlib.domain.base.object: CompositeObject.subject : retourne le sujet de Task id=27ccbecc-6084-11e5-9f59-f07bcb8b1707 : Travailler sur mon Livre sur Ma Façon de Mixer.
2026-02-19 18:31:02,169 [DEBUG] taskcoachlib.domain.base.object: CompositeObject.subject : retourne le sujet de Task id=27ccbecc-6084-11e5-9f59-f07bcb8b1707 : Travailler sur mon Livre sur Ma Façon de Mixer.
2026-02-19 18:31:02,170 [DEBUG] taskcoachlib.domain.base.object: CompositeObject.subject : retourne le sujet de Task id=27ccbecc-6084-11e5-9f59-f07bcb8b1707 : Travailler sur mon Livre sur Ma Façon de Mixer.
2026-02-19 18:31:02,171 [DEBUG] taskcoachlib.domain.base.object: CompositeObject.subject : retourne le sujet de Task id=27ccbecc-6084-11e5-9f59-f07bcb8b1707 : Travailler sur mon Livre sur Ma Façon de Mixer.
2026-02-19 18:31:02,173 [DEBUG] taskcoachlib.domain.base.object: CompositeObject.subject : retourne le sujet de Task id=27ccbecc-6084-11e5-9f59-f07bcb8b1707 : Travailler sur mon Livre sur Ma Façon de Mixer.
2026-02-19 18:31:03,161 [DEBUG] taskcoachlib.domain.task.task: Task.__setattr__ : utilise la méthode super avec name=_Task__computed_status et value=inactive.
2026-02-19 18:31:03,162 [DEBUG] taskcoachlib.domain.task.task: Task.__setattr__ : utilise la méthode super avec name=_Task__status_text et value=Inactive.
2026-02-19 18:31:03,162 [DEBUG] taskcoachlib.domain.task.task: Task.__setattr__ : utilise la méthode super avec name=_Task__status_icon et value=led_grey_icon.
2026-02-19 18:31:03,162 [DEBUG] taskcoachlib.domain.task.task: Task.__setattr__ : utilise la méthode super avec name=_Task__status_source et value=No actual start date.
2026-02-19 18:31:03,166 [DEBUG] taskcoachlib.domain.task.task: Task.__setattr__ : utilise la méthode super avec name=_Task__status et value=inactive.
2026-02-19 18:31:03,167 [INFO] taskcoachlib.gui.viewer.container: ViewerContainer.__getattr__ retourne l'attribut <bound method Viewer.curselection of <taskcoachlib.gui.viewer.task.TaskViewer object at 0x7f260a5c62a0>> avec l'ancienne méthode !
2026-02-19 18:31:03,167 [INFO] taskcoachlib.gui.viewer.container: ViewerContainer.__getattr__ retourne l'attribut <bound method Viewer.curselection of <taskcoachlib.gui.viewer.task.TaskViewer object at 0x7f260a5c62a0>> avec l'ancienne méthode !
2026-02-19 18:31:03,167 [INFO] taskcoachlib.gui.viewer.container: ViewerContainer.__getattr__ retourne l'attribut <bound method Viewer.curselection of <taskcoachlib.gui.viewer.task.TaskViewer object at 0x7f260a5c62a0>> avec l'ancienne méthode !
2026-02-19 18:31:03,168 [DEBUG] taskcoachlib.domain.base.object: CompositeObject.subject : retourne le sujet de Task id=27ccbecc-6084-11e5-9f59-f07bcb8b1707 : Travailler sur mon Livre sur Ma Façon de Mixer.
2026-02-19 18:31:03,169 [DEBUG] taskcoachlib.domain.base.object: CompositeObject.subject : retourne le sujet de Task id=27ccbecc-6084-11e5-9f59-f07bcb8b1707 : Travailler sur mon Livre sur Ma Façon de Mixer.
2026-02-19 18:31:03,170 [DEBUG] taskcoachlib.domain.base.object: CompositeObject.subject : retourne le sujet de Task id=27ccbecc-6084-11e5-9f59-f07bcb8b1707 : Travailler sur mon Livre sur Ma Façon de Mixer.
2026-02-19 18:31:03,172 [DEBUG] taskcoachlib.domain.base.object: CompositeObject.subject : retourne le sujet de Task id=27ccbecc-6084-11e5-9f59-f07bcb8b1707 : Travailler sur mon Livre sur Ma Façon de Mixer.
2026-02-19 18:31:03,173 [DEBUG] taskcoachlib.domain.base.object: CompositeObject.subject : retourne le sujet de Task id=27ccbecc-6084-11e5-9f59-f07bcb8b1707 : Travailler sur mon Livre sur Ma Façon de Mixer.
2026-02-19 18:31:04,162 [DEBUG] taskcoachlib.domain.task.task: Task.__setattr__ : utilise la méthode super avec name=_Task__computed_status et value=inactive.
2026-02-19 18:31:04,162 [DEBUG] taskcoachlib.domain.task.task: Task.__setattr__ : utilise la méthode super avec name=_Task__status_text et value=Inactive.
2026-02-19 18:31:04,162 [DEBUG] taskcoachlib.domain.task.task: Task.__setattr__ : utilise la méthode super avec name=_Task__status_icon et value=led_grey_icon.
2026-02-19 18:31:04,162 [DEBUG] taskcoachlib.domain.task.task: Task.__setattr__ : utilise la méthode super avec name=_Task__status_source et value=No actual start date.
2026-02-19 18:31:04,167 [DEBUG] taskcoachlib.domain.task.task: Task.__setattr__ : utilise la méthode super avec name=_Task__status et value=inactive.
2026-02-19 18:31:04,168 [INFO] taskcoachlib.gui.viewer.container: ViewerContainer.__getattr__ retourne l'attribut <bound method Viewer.curselection of <taskcoachlib.gui.viewer.task.TaskViewer object at 0x7f260a5c62a0>> avec l'ancienne méthode !
2026-02-19 18:31:04,168 [INFO] taskcoachlib.gui.viewer.container: ViewerContainer.__getattr__ retourne l'attribut <bound method Viewer.curselection of <taskcoachlib.gui.viewer.task.TaskViewer object at 0x7f260a5c62a0>> avec l'ancienne méthode !
2026-02-19 18:31:04,168 [INFO] taskcoachlib.gui.viewer.container: ViewerContainer.__getattr__ retourne l'attribut <bound method Viewer.curselection of <taskcoachlib.gui.viewer.task.TaskViewer object at 0x7f260a5c62a0>> avec l'ancienne méthode !
2026-02-19 18:31:04,169 [DEBUG] taskcoachlib.domain.base.object: CompositeObject.subject : retourne le sujet de Task id=27ccbecc-6084-11e5-9f59-f07bcb8b1707 : Travailler sur mon Livre sur Ma Façon de Mixer.
2026-02-19 18:31:04,170 [DEBUG] taskcoachlib.domain.base.object: CompositeObject.subject : retourne le sujet de Task id=27ccbecc-6084-11e5-9f59-f07bcb8b1707 : Travailler sur mon Livre sur Ma Façon de Mixer.
2026-02-19 18:31:04,171 [DEBUG] taskcoachlib.domain.base.object: CompositeObject.subject : retourne le sujet de Task id=27ccbecc-6084-11e5-9f59-f07bcb8b1707 : Travailler sur mon Livre sur Ma Façon de Mixer.
2026-02-19 18:31:04,175 [DEBUG] taskcoachlib.domain.base.object: CompositeObject.subject : retourne le sujet de Task id=27ccbecc-6084-11e5-9f59-f07bcb8b1707 : Travailler sur mon Livre sur Ma Façon de Mixer.
2026-02-19 18:31:04,176 [DEBUG] taskcoachlib.domain.base.object: CompositeObject.subject : retourne le sujet de Task id=27ccbecc-6084-11e5-9f59-f07bcb8b1707 : Travailler sur mon Livre sur Ma Façon de Mixer.
2026-02-19 18:31:05,162 [DEBUG] taskcoachlib.domain.task.task: Task.__setattr__ : utilise la méthode super avec name=_Task__computed_status et value=inactive.
2026-02-19 18:31:05,162 [DEBUG] taskcoachlib.domain.task.task: Task.__setattr__ : utilise la méthode super avec name=_Task__status_text et value=Inactive.
2026-02-19 18:31:05,162 [DEBUG] taskcoachlib.domain.task.task: Task.__setattr__ : utilise la méthode super avec name=_Task__status_icon et value=led_grey_icon.
2026-02-19 18:31:05,163 [DEBUG] taskcoachlib.domain.task.task: Task.__setattr__ : utilise la méthode super avec name=_Task__status_source et value=No actual start date.
2026-02-19 18:31:05,167 [DEBUG] taskcoachlib.domain.task.task: Task.__setattr__ : utilise la méthode super avec name=_Task__status et value=inactive.
2026-02-19 18:31:05,167 [INFO] taskcoachlib.gui.viewer.container: ViewerContainer.__getattr__ retourne l'attribut <bound method Viewer.curselection of <taskcoachlib.gui.viewer.task.TaskViewer object at 0x7f260a5c62a0>> avec l'ancienne méthode !
2026-02-19 18:31:05,168 [INFO] taskcoachlib.gui.viewer.container: ViewerContainer.__getattr__ retourne l'attribut <bound method Viewer.curselection of <taskcoachlib.gui.viewer.task.TaskViewer object at 0x7f260a5c62a0>> avec l'ancienne méthode !
2026-02-19 18:31:05,168 [INFO] taskcoachlib.gui.viewer.container: ViewerContainer.__getattr__ retourne l'attribut <bound method Viewer.curselection of <taskcoachlib.gui.viewer.task.TaskViewer object at 0x7f260a5c62a0>> avec l'ancienne méthode !
2026-02-19 18:31:05,168 [DEBUG] taskcoachlib.domain.base.object: CompositeObject.subject : retourne le sujet de Task id=27ccbecc-6084-11e5-9f59-f07bcb8b1707 : Travailler sur mon Livre sur Ma Façon de Mixer.
2026-02-19 18:31:05,170 [DEBUG] taskcoachlib.domain.base.object: CompositeObject.subject : retourne le sujet de Task id=27ccbecc-6084-11e5-9f59-f07bcb8b1707 : Travailler sur mon Livre sur Ma Façon de Mixer.
2026-02-19 18:31:05,171 [DEBUG] taskcoachlib.domain.base.object: CompositeObject.subject : retourne le sujet de Task id=27ccbecc-6084-11e5-9f59-f07bcb8b1707 : Travailler sur mon Livre sur Ma Façon de Mixer.
2026-02-19 18:31:05,172 [DEBUG] taskcoachlib.domain.base.object: CompositeObject.subject : retourne le sujet de Task id=27ccbecc-6084-11e5-9f59-f07bcb8b1707 : Travailler sur mon Livre sur Ma Façon de Mixer.
2026-02-19 18:31:05,174 [DEBUG] taskcoachlib.domain.base.object: CompositeObject.subject : retourne le sujet de Task id=27ccbecc-6084-11e5-9f59-f07bcb8b1707 : Travailler sur mon Livre sur Ma Façon de Mixer.
2026-02-19 18:31:06,162 [DEBUG] taskcoachlib.domain.task.task: Task.__setattr__ : utilise la méthode super avec name=_Task__computed_status et value=inactive.
2026-02-19 18:31:06,162 [DEBUG] taskcoachlib.domain.task.task: Task.__setattr__ : utilise la méthode super avec name=_Task__status_text et value=Inactive.
2026-02-19 18:31:06,163 [DEBUG] taskcoachlib.domain.task.task: Task.__setattr__ : utilise la méthode super avec name=_Task__status_icon et value=led_grey_icon.
2026-02-19 18:31:06,163 [DEBUG] taskcoachlib.domain.task.task: Task.__setattr__ : utilise la méthode super avec name=_Task__status_source et value=No actual start date.
2026-02-19 18:31:06,167 [DEBUG] taskcoachlib.domain.task.task: Task.__setattr__ : utilise la méthode super avec name=_Task__status et value=inactive.
2026-02-19 18:31:06,168 [INFO] taskcoachlib.gui.viewer.container: ViewerContainer.__getattr__ retourne l'attribut <bound method Viewer.curselection of <taskcoachlib.gui.viewer.task.TaskViewer object at 0x7f260a5c62a0>> avec l'ancienne méthode !
2026-02-19 18:31:06,168 [INFO] taskcoachlib.gui.viewer.container: ViewerContainer.__getattr__ retourne l'attribut <bound method Viewer.curselection of <taskcoachlib.gui.viewer.task.TaskViewer object at 0x7f260a5c62a0>> avec l'ancienne méthode !
2026-02-19 18:31:06,168 [INFO] taskcoachlib.gui.viewer.container: ViewerContainer.__getattr__ retourne l'attribut <bound method Viewer.curselection of <taskcoachlib.gui.viewer.task.TaskViewer object at 0x7f260a5c62a0>> avec l'ancienne méthode !
2026-02-19 18:31:06,168 [DEBUG] taskcoachlib.domain.base.object: CompositeObject.subject : retourne le sujet de Task id=27ccbecc-6084-11e5-9f59-f07bcb8b1707 : Travailler sur mon Livre sur Ma Façon de Mixer.
2026-02-19 18:31:06,170 [DEBUG] taskcoachlib.domain.base.object: CompositeObject.subject : retourne le sujet de Task id=27ccbecc-6084-11e5-9f59-f07bcb8b1707 : Travailler sur mon Livre sur Ma Façon de Mixer.
2026-02-19 18:31:06,171 [DEBUG] taskcoachlib.domain.base.object: CompositeObject.subject : retourne le sujet de Task id=27ccbecc-6084-11e5-9f59-f07bcb8b1707 : Travailler sur mon Livre sur Ma Façon de Mixer.
2026-02-19 18:31:06,172 [DEBUG] taskcoachlib.domain.base.object: CompositeObject.subject : retourne le sujet de Task id=27ccbecc-6084-11e5-9f59-f07bcb8b1707 : Travailler sur mon Livre sur Ma Façon de Mixer.
2026-02-19 18:31:06,173 [DEBUG] taskcoachlib.domain.base.object: CompositeObject.subject : retourne le sujet de Task id=27ccbecc-6084-11e5-9f59-f07bcb8b1707 : Travailler sur mon Livre sur Ma Façon de Mixer.
2026-02-19 18:31:07,162 [DEBUG] taskcoachlib.domain.task.task: Task.__setattr__ : utilise la méthode super avec name=_Task__computed_status et value=inactive.
2026-02-19 18:31:07,163 [DEBUG] taskcoachlib.domain.task.task: Task.__setattr__ : utilise la méthode super avec name=_Task__status_text et value=Inactive.
2026-02-19 18:31:07,163 [DEBUG] taskcoachlib.domain.task.task: Task.__setattr__ : utilise la méthode super avec name=_Task__status_icon et value=led_grey_icon.
2026-02-19 18:31:07,163 [DEBUG] taskcoachlib.domain.task.task: Task.__setattr__ : utilise la méthode super avec name=_Task__status_source et value=No actual start date.
2026-02-19 18:31:07,168 [DEBUG] taskcoachlib.domain.task.task: Task.__setattr__ : utilise la méthode super avec name=_Task__status et value=inactive.
2026-02-19 18:31:07,168 [INFO] taskcoachlib.gui.viewer.container: ViewerContainer.__getattr__ retourne l'attribut <bound method Viewer.curselection of <taskcoachlib.gui.viewer.task.TaskViewer object at 0x7f260a5c62a0>> avec l'ancienne méthode !
2026-02-19 18:31:07,169 [INFO] taskcoachlib.gui.viewer.container: ViewerContainer.__getattr__ retourne l'attribut <bound method Viewer.curselection of <taskcoachlib.gui.viewer.task.TaskViewer object at 0x7f260a5c62a0>> avec l'ancienne méthode !
2026-02-19 18:31:07,169 [INFO] taskcoachlib.gui.viewer.container: ViewerContainer.__getattr__ retourne l'attribut <bound method Viewer.curselection of <taskcoachlib.gui.viewer.task.TaskViewer object at 0x7f260a5c62a0>> avec l'ancienne méthode !
2026-02-19 18:31:07,169 [DEBUG] taskcoachlib.domain.base.object: CompositeObject.subject : retourne le sujet de Task id=27ccbecc-6084-11e5-9f59-f07bcb8b1707 : Travailler sur mon Livre sur Ma Façon de Mixer.
2026-02-19 18:31:07,171 [DEBUG] taskcoachlib.domain.base.object: CompositeObject.subject : retourne le sujet de Task id=27ccbecc-6084-11e5-9f59-f07bcb8b1707 : Travailler sur mon Livre sur Ma Façon de Mixer.
2026-02-19 18:31:07,172 [DEBUG] taskcoachlib.domain.base.object: CompositeObject.subject : retourne le sujet de Task id=27ccbecc-6084-11e5-9f59-f07bcb8b1707 : Travailler sur mon Livre sur Ma Façon de Mixer.
2026-02-19 18:31:07,173 [DEBUG] taskcoachlib.domain.base.object: CompositeObject.subject : retourne le sujet de Task id=27ccbecc-6084-11e5-9f59-f07bcb8b1707 : Travailler sur mon Livre sur Ma Façon de Mixer.
2026-02-19 18:31:07,174 [DEBUG] taskcoachlib.domain.base.object: CompositeObject.subject : retourne le sujet de Task id=27ccbecc-6084-11e5-9f59-f07bcb8b1707 : Travailler sur mon Livre sur Ma Façon de Mixer.
2026-02-19 18:31:08,163 [DEBUG] taskcoachlib.domain.task.task: Task.__setattr__ : utilise la méthode super avec name=_Task__computed_status et value=inactive.
2026-02-19 18:31:08,163 [DEBUG] taskcoachlib.domain.task.task: Task.__setattr__ : utilise la méthode super avec name=_Task__status_text et value=Inactive.
2026-02-19 18:31:08,163 [DEBUG] taskcoachlib.domain.task.task: Task.__setattr__ : utilise la méthode super avec name=_Task__status_icon et value=led_grey_icon.
2026-02-19 18:31:08,163 [DEBUG] taskcoachlib.domain.task.task: Task.__setattr__ : utilise la méthode super avec name=_Task__status_source et value=No actual start date.
2026-02-19 18:31:08,168 [DEBUG] taskcoachlib.domain.task.task: Task.__setattr__ : utilise la méthode super avec name=_Task__status et value=inactive.
2026-02-19 18:31:08,168 [INFO] taskcoachlib.gui.viewer.container: ViewerContainer.__getattr__ retourne l'attribut <bound method Viewer.curselection of <taskcoachlib.gui.viewer.task.TaskViewer object at 0x7f260a5c62a0>> avec l'ancienne méthode !
2026-02-19 18:31:08,169 [INFO] taskcoachlib.gui.viewer.container: ViewerContainer.__getattr__ retourne l'attribut <bound method Viewer.curselection of <taskcoachlib.gui.viewer.task.TaskViewer object at 0x7f260a5c62a0>> avec l'ancienne méthode !
2026-02-19 18:31:08,169 [INFO] taskcoachlib.gui.viewer.container: ViewerContainer.__getattr__ retourne l'attribut <bound method Viewer.curselection of <taskcoachlib.gui.viewer.task.TaskViewer object at 0x7f260a5c62a0>> avec l'ancienne méthode !
2026-02-19 18:31:08,169 [DEBUG] taskcoachlib.domain.base.object: CompositeObject.subject : retourne le sujet de Task id=27ccbecc-6084-11e5-9f59-f07bcb8b1707 : Travailler sur mon Livre sur Ma Façon de Mixer.
2026-02-19 18:31:08,171 [DEBUG] taskcoachlib.domain.base.object: CompositeObject.subject : retourne le sujet de Task id=27ccbecc-6084-11e5-9f59-f07bcb8b1707 : Travailler sur mon Livre sur Ma Façon de Mixer.
2026-02-19 18:31:08,172 [DEBUG] taskcoachlib.domain.base.object: CompositeObject.subject : retourne le sujet de Task id=27ccbecc-6084-11e5-9f59-f07bcb8b1707 : Travailler sur mon Livre sur Ma Façon de Mixer.
2026-02-19 18:31:08,175 [DEBUG] taskcoachlib.domain.base.object: CompositeObject.subject : retourne le sujet de Task id=27ccbecc-6084-11e5-9f59-f07bcb8b1707 : Travailler sur mon Livre sur Ma Façon de Mixer.
2026-02-19 18:31:08,176 [DEBUG] taskcoachlib.domain.base.object: CompositeObject.subject : retourne le sujet de Task id=27ccbecc-6084-11e5-9f59-f07bcb8b1707 : Travailler sur mon Livre sur Ma Façon de Mixer.
2026-02-19 18:31:09,163 [DEBUG] taskcoachlib.domain.task.task: Task.__setattr__ : utilise la méthode super avec name=_Task__computed_status et value=inactive.
2026-02-19 18:31:09,163 [DEBUG] taskcoachlib.domain.task.task: Task.__setattr__ : utilise la méthode super avec name=_Task__status_text et value=Inactive.
2026-02-19 18:31:09,164 [DEBUG] taskcoachlib.domain.task.task: Task.__setattr__ : utilise la méthode super avec name=_Task__status_icon et value=led_grey_icon.
2026-02-19 18:31:09,164 [DEBUG] taskcoachlib.domain.task.task: Task.__setattr__ : utilise la méthode super avec name=_Task__status_source et value=No actual start date.
2026-02-19 18:31:09,168 [DEBUG] taskcoachlib.domain.task.task: Task.__setattr__ : utilise la méthode super avec name=_Task__status et value=inactive.
2026-02-19 18:31:09,169 [INFO] taskcoachlib.gui.viewer.container: ViewerContainer.__getattr__ retourne l'attribut <bound method Viewer.curselection of <taskcoachlib.gui.viewer.task.TaskViewer object at 0x7f260a5c62a0>> avec l'ancienne méthode !
2026-02-19 18:31:09,169 [INFO] taskcoachlib.gui.viewer.container: ViewerContainer.__getattr__ retourne l'attribut <bound method Viewer.curselection of <taskcoachlib.gui.viewer.task.TaskViewer object at 0x7f260a5c62a0>> avec l'ancienne méthode !
2026-02-19 18:31:09,169 [INFO] taskcoachlib.gui.viewer.container: ViewerContainer.__getattr__ retourne l'attribut <bound method Viewer.curselection of <taskcoachlib.gui.viewer.task.TaskViewer object at 0x7f260a5c62a0>> avec l'ancienne méthode !
2026-02-19 18:31:09,170 [DEBUG] taskcoachlib.domain.base.object: CompositeObject.subject : retourne le sujet de Task id=27ccbecc-6084-11e5-9f59-f07bcb8b1707 : Travailler sur mon Livre sur Ma Façon de Mixer.
2026-02-19 18:31:09,171 [DEBUG] taskcoachlib.domain.base.object: CompositeObject.subject : retourne le sujet de Task id=27ccbecc-6084-11e5-9f59-f07bcb8b1707 : Travailler sur mon Livre sur Ma Façon de Mixer.
2026-02-19 18:31:09,172 [DEBUG] taskcoachlib.domain.base.object: CompositeObject.subject : retourne le sujet de Task id=27ccbecc-6084-11e5-9f59-f07bcb8b1707 : Travailler sur mon Livre sur Ma Façon de Mixer.
2026-02-19 18:31:09,174 [DEBUG] taskcoachlib.domain.base.object: CompositeObject.subject : retourne le sujet de Task id=27ccbecc-6084-11e5-9f59-f07bcb8b1707 : Travailler sur mon Livre sur Ma Façon de Mixer.
2026-02-19 18:31:09,175 [DEBUG] taskcoachlib.domain.base.object: CompositeObject.subject : retourne le sujet de Task id=27ccbecc-6084-11e5-9f59-f07bcb8b1707 : Travailler sur mon Livre sur Ma Façon de Mixer.
2026-02-19 18:31:10,163 [DEBUG] taskcoachlib.domain.task.task: Task.__setattr__ : utilise la méthode super avec name=_Task__computed_status et value=inactive.
2026-02-19 18:31:10,164 [DEBUG] taskcoachlib.domain.task.task: Task.__setattr__ : utilise la méthode super avec name=_Task__status_text et value=Inactive.
2026-02-19 18:31:10,164 [DEBUG] taskcoachlib.domain.task.task: Task.__setattr__ : utilise la méthode super avec name=_Task__status_icon et value=led_grey_icon.
2026-02-19 18:31:10,164 [DEBUG] taskcoachlib.domain.task.task: Task.__setattr__ : utilise la méthode super avec name=_Task__status_source et value=No actual start date.
2026-02-19 18:31:10,169 [DEBUG] taskcoachlib.domain.task.task: Task.__setattr__ : utilise la méthode super avec name=_Task__status et value=inactive.
2026-02-19 18:31:10,169 [INFO] taskcoachlib.gui.viewer.container: ViewerContainer.__getattr__ retourne l'attribut <bound method Viewer.curselection of <taskcoachlib.gui.viewer.task.TaskViewer object at 0x7f260a5c62a0>> avec l'ancienne méthode !
2026-02-19 18:31:10,170 [INFO] taskcoachlib.gui.viewer.container: ViewerContainer.__getattr__ retourne l'attribut <bound method Viewer.curselection of <taskcoachlib.gui.viewer.task.TaskViewer object at 0x7f260a5c62a0>> avec l'ancienne méthode !
2026-02-19 18:31:10,170 [INFO] taskcoachlib.gui.viewer.container: ViewerContainer.__getattr__ retourne l'attribut <bound method Viewer.curselection of <taskcoachlib.gui.viewer.task.TaskViewer object at 0x7f260a5c62a0>> avec l'ancienne méthode !
2026-02-19 18:31:10,170 [DEBUG] taskcoachlib.domain.base.object: CompositeObject.subject : retourne le sujet de Task id=27ccbecc-6084-11e5-9f59-f07bcb8b1707 : Travailler sur mon Livre sur Ma Façon de Mixer.
2026-02-19 18:31:10,172 [DEBUG] taskcoachlib.domain.base.object: CompositeObject.subject : retourne le sujet de Task id=27ccbecc-6084-11e5-9f59-f07bcb8b1707 : Travailler sur mon Livre sur Ma Façon de Mixer.
2026-02-19 18:31:10,173 [DEBUG] taskcoachlib.domain.base.object: CompositeObject.subject : retourne le sujet de Task id=27ccbecc-6084-11e5-9f59-f07bcb8b1707 : Travailler sur mon Livre sur Ma Façon de Mixer.
2026-02-19 18:31:10,174 [DEBUG] taskcoachlib.domain.base.object: CompositeObject.subject : retourne le sujet de Task id=27ccbecc-6084-11e5-9f59-f07bcb8b1707 : Travailler sur mon Livre sur Ma Façon de Mixer.
2026-02-19 18:31:10,176 [DEBUG] taskcoachlib.domain.base.object: CompositeObject.subject : retourne le sujet de Task id=27ccbecc-6084-11e5-9f59-f07bcb8b1707 : Travailler sur mon Livre sur Ma Façon de Mixer.
2026-02-19 18:31:11,164 [DEBUG] taskcoachlib.domain.task.task: Task.__setattr__ : utilise la méthode super avec name=_Task__computed_status et value=inactive.
2026-02-19 18:31:11,164 [DEBUG] taskcoachlib.domain.task.task: Task.__setattr__ : utilise la méthode super avec name=_Task__status_text et value=Inactive.
2026-02-19 18:31:11,164 [DEBUG] taskcoachlib.domain.task.task: Task.__setattr__ : utilise la méthode super avec name=_Task__status_icon et value=led_grey_icon.
2026-02-19 18:31:11,164 [DEBUG] taskcoachlib.domain.task.task: Task.__setattr__ : utilise la méthode super avec name=_Task__status_source et value=No actual start date.
2026-02-19 18:31:11,169 [DEBUG] taskcoachlib.domain.task.task: Task.__setattr__ : utilise la méthode super avec name=_Task__status et value=inactive.
2026-02-19 18:31:11,169 [INFO] taskcoachlib.gui.viewer.container: ViewerContainer.__getattr__ retourne l'attribut <bound method Viewer.curselection of <taskcoachlib.gui.viewer.task.TaskViewer object at 0x7f260a5c62a0>> avec l'ancienne méthode !
2026-02-19 18:31:11,170 [INFO] taskcoachlib.gui.viewer.container: ViewerContainer.__getattr__ retourne l'attribut <bound method Viewer.curselection of <taskcoachlib.gui.viewer.task.TaskViewer object at 0x7f260a5c62a0>> avec l'ancienne méthode !
2026-02-19 18:31:11,170 [INFO] taskcoachlib.gui.viewer.container: ViewerContainer.__getattr__ retourne l'attribut <bound method Viewer.curselection of <taskcoachlib.gui.viewer.task.TaskViewer object at 0x7f260a5c62a0>> avec l'ancienne méthode !
2026-02-19 18:31:11,170 [DEBUG] taskcoachlib.domain.base.object: CompositeObject.subject : retourne le sujet de Task id=27ccbecc-6084-11e5-9f59-f07bcb8b1707 : Travailler sur mon Livre sur Ma Façon de Mixer.
2026-02-19 18:31:11,171 [DEBUG] taskcoachlib.domain.base.object: CompositeObject.subject : retourne le sujet de Task id=27ccbecc-6084-11e5-9f59-f07bcb8b1707 : Travailler sur mon Livre sur Ma Façon de Mixer.
2026-02-19 18:31:11,174 [DEBUG] taskcoachlib.domain.base.object: CompositeObject.subject : retourne le sujet de Task id=27ccbecc-6084-11e5-9f59-f07bcb8b1707 : Travailler sur mon Livre sur Ma Façon de Mixer.
2026-02-19 18:31:11,175 [DEBUG] taskcoachlib.domain.base.object: CompositeObject.subject : retourne le sujet de Task id=27ccbecc-6084-11e5-9f59-f07bcb8b1707 : Travailler sur mon Livre sur Ma Façon de Mixer.
2026-02-19 18:31:11,177 [DEBUG] taskcoachlib.domain.base.object: CompositeObject.subject : retourne le sujet de Task id=27ccbecc-6084-11e5-9f59-f07bcb8b1707 : Travailler sur mon Livre sur Ma Façon de Mixer.
2026-02-19 18:31:12,164 [DEBUG] taskcoachlib.domain.task.task: Task.__setattr__ : utilise la méthode super avec name=_Task__computed_status et value=inactive.
2026-02-19 18:31:12,164 [DEBUG] taskcoachlib.domain.task.task: Task.__setattr__ : utilise la méthode super avec name=_Task__status_text et value=Inactive.
2026-02-19 18:31:12,164 [DEBUG] taskcoachlib.domain.task.task: Task.__setattr__ : utilise la méthode super avec name=_Task__status_icon et value=led_grey_icon.
2026-02-19 18:31:12,165 [DEBUG] taskcoachlib.domain.task.task: Task.__setattr__ : utilise la méthode super avec name=_Task__status_source et value=No actual start date.
2026-02-19 18:31:12,169 [DEBUG] taskcoachlib.domain.task.task: Task.__setattr__ : utilise la méthode super avec name=_Task__status et value=inactive.
2026-02-19 18:31:12,169 [INFO] taskcoachlib.gui.viewer.container: ViewerContainer.__getattr__ retourne l'attribut <bound method Viewer.curselection of <taskcoachlib.gui.viewer.task.TaskViewer object at 0x7f260a5c62a0>> avec l'ancienne méthode !
2026-02-19 18:31:12,170 [INFO] taskcoachlib.gui.viewer.container: ViewerContainer.__getattr__ retourne l'attribut <bound method Viewer.curselection of <taskcoachlib.gui.viewer.task.TaskViewer object at 0x7f260a5c62a0>> avec l'ancienne méthode !
2026-02-19 18:31:12,170 [INFO] taskcoachlib.gui.viewer.container: ViewerContainer.__getattr__ retourne l'attribut <bound method Viewer.curselection of <taskcoachlib.gui.viewer.task.TaskViewer object at 0x7f260a5c62a0>> avec l'ancienne méthode !
2026-02-19 18:31:12,170 [DEBUG] taskcoachlib.domain.base.object: CompositeObject.subject : retourne le sujet de Task id=27ccbecc-6084-11e5-9f59-f07bcb8b1707 : Travailler sur mon Livre sur Ma Façon de Mixer.
2026-02-19 18:31:12,172 [DEBUG] taskcoachlib.domain.base.object: CompositeObject.subject : retourne le sujet de Task id=27ccbecc-6084-11e5-9f59-f07bcb8b1707 : Travailler sur mon Livre sur Ma Façon de Mixer.
2026-02-19 18:31:12,173 [DEBUG] taskcoachlib.domain.base.object: CompositeObject.subject : retourne le sujet de Task id=27ccbecc-6084-11e5-9f59-f07bcb8b1707 : Travailler sur mon Livre sur Ma Façon de Mixer.
2026-02-19 18:31:12,175 [DEBUG] taskcoachlib.domain.base.object: CompositeObject.subject : retourne le sujet de Task id=27ccbecc-6084-11e5-9f59-f07bcb8b1707 : Travailler sur mon Livre sur Ma Façon de Mixer.
2026-02-19 18:31:12,176 [DEBUG] taskcoachlib.domain.base.object: CompositeObject.subject : retourne le sujet de Task id=27ccbecc-6084-11e5-9f59-f07bcb8b1707 : Travailler sur mon Livre sur Ma Façon de Mixer.
2026-02-19 18:31:13,164 [DEBUG] taskcoachlib.domain.task.task: Task.__setattr__ : utilise la méthode super avec name=_Task__computed_status et value=inactive.
2026-02-19 18:31:13,165 [DEBUG] taskcoachlib.domain.task.task: Task.__setattr__ : utilise la méthode super avec name=_Task__status_text et value=Inactive.
2026-02-19 18:31:13,165 [DEBUG] taskcoachlib.domain.task.task: Task.__setattr__ : utilise la méthode super avec name=_Task__status_icon et value=led_grey_icon.
2026-02-19 18:31:13,165 [DEBUG] taskcoachlib.domain.task.task: Task.__setattr__ : utilise la méthode super avec name=_Task__status_source et value=No actual start date.
2026-02-19 18:31:13,170 [DEBUG] taskcoachlib.domain.task.task: Task.__setattr__ : utilise la méthode super avec name=_Task__status et value=inactive.
2026-02-19 18:31:13,170 [INFO] taskcoachlib.gui.viewer.container: ViewerContainer.__getattr__ retourne l'attribut <bound method Viewer.curselection of <taskcoachlib.gui.viewer.task.TaskViewer object at 0x7f260a5c62a0>> avec l'ancienne méthode !
2026-02-19 18:31:13,170 [INFO] taskcoachlib.gui.viewer.container: ViewerContainer.__getattr__ retourne l'attribut <bound method Viewer.curselection of <taskcoachlib.gui.viewer.task.TaskViewer object at 0x7f260a5c62a0>> avec l'ancienne méthode !
2026-02-19 18:31:13,171 [INFO] taskcoachlib.gui.viewer.container: ViewerContainer.__getattr__ retourne l'attribut <bound method Viewer.curselection of <taskcoachlib.gui.viewer.task.TaskViewer object at 0x7f260a5c62a0>> avec l'ancienne méthode !
2026-02-19 18:31:13,171 [DEBUG] taskcoachlib.domain.base.object: CompositeObject.subject : retourne le sujet de Task id=27ccbecc-6084-11e5-9f59-f07bcb8b1707 : Travailler sur mon Livre sur Ma Façon de Mixer.
2026-02-19 18:31:13,172 [DEBUG] taskcoachlib.domain.base.object: CompositeObject.subject : retourne le sujet de Task id=27ccbecc-6084-11e5-9f59-f07bcb8b1707 : Travailler sur mon Livre sur Ma Façon de Mixer.
2026-02-19 18:31:13,173 [DEBUG] taskcoachlib.domain.base.object: CompositeObject.subject : retourne le sujet de Task id=27ccbecc-6084-11e5-9f59-f07bcb8b1707 : Travailler sur mon Livre sur Ma Façon de Mixer.
2026-02-19 18:31:13,175 [DEBUG] taskcoachlib.domain.base.object: CompositeObject.subject : retourne le sujet de Task id=27ccbecc-6084-11e5-9f59-f07bcb8b1707 : Travailler sur mon Livre sur Ma Façon de Mixer.
2026-02-19 18:31:13,176 [DEBUG] taskcoachlib.domain.base.object: CompositeObject.subject : retourne le sujet de Task id=27ccbecc-6084-11e5-9f59-f07bcb8b1707 : Travailler sur mon Livre sur Ma Façon de Mixer.
2026-02-19 18:31:14,165 [DEBUG] taskcoachlib.domain.task.task: Task.__setattr__ : utilise la méthode super avec name=_Task__computed_status et value=inactive.
2026-02-19 18:31:14,165 [DEBUG] taskcoachlib.domain.task.task: Task.__setattr__ : utilise la méthode super avec name=_Task__status_text et value=Inactive.
2026-02-19 18:31:14,165 [DEBUG] taskcoachlib.domain.task.task: Task.__setattr__ : utilise la méthode super avec name=_Task__status_icon et value=led_grey_icon.
2026-02-19 18:31:14,166 [DEBUG] taskcoachlib.domain.task.task: Task.__setattr__ : utilise la méthode super avec name=_Task__status_source et value=No actual start date.
2026-02-19 18:31:14,171 [DEBUG] taskcoachlib.domain.task.task: Task.__setattr__ : utilise la méthode super avec name=_Task__status et value=inactive.
2026-02-19 18:31:14,171 [INFO] taskcoachlib.gui.viewer.container: ViewerContainer.__getattr__ retourne l'attribut <bound method Viewer.curselection of <taskcoachlib.gui.viewer.task.TaskViewer object at 0x7f260a5c62a0>> avec l'ancienne méthode !
2026-02-19 18:31:14,171 [INFO] taskcoachlib.gui.viewer.container: ViewerContainer.__getattr__ retourne l'attribut <bound method Viewer.curselection of <taskcoachlib.gui.viewer.task.TaskViewer object at 0x7f260a5c62a0>> avec l'ancienne méthode !
2026-02-19 18:31:14,172 [INFO] taskcoachlib.gui.viewer.container: ViewerContainer.__getattr__ retourne l'attribut <bound method Viewer.curselection of <taskcoachlib.gui.viewer.task.TaskViewer object at 0x7f260a5c62a0>> avec l'ancienne méthode !
2026-02-19 18:31:14,172 [DEBUG] taskcoachlib.domain.base.object: CompositeObject.subject : retourne le sujet de Task id=27ccbecc-6084-11e5-9f59-f07bcb8b1707 : Travailler sur mon Livre sur Ma Façon de Mixer.
2026-02-19 18:31:14,175 [DEBUG] taskcoachlib.domain.base.object: CompositeObject.subject : retourne le sujet de Task id=27ccbecc-6084-11e5-9f59-f07bcb8b1707 : Travailler sur mon Livre sur Ma Façon de Mixer.
2026-02-19 18:31:14,176 [DEBUG] taskcoachlib.domain.base.object: CompositeObject.subject : retourne le sujet de Task id=27ccbecc-6084-11e5-9f59-f07bcb8b1707 : Travailler sur mon Livre sur Ma Façon de Mixer.
2026-02-19 18:31:14,178 [DEBUG] taskcoachlib.domain.base.object: CompositeObject.subject : retourne le sujet de Task id=27ccbecc-6084-11e5-9f59-f07bcb8b1707 : Travailler sur mon Livre sur Ma Façon de Mixer.
2026-02-19 18:31:14,180 [DEBUG] taskcoachlib.domain.base.object: CompositeObject.subject : retourne le sujet de Task id=27ccbecc-6084-11e5-9f59-f07bcb8b1707 : Travailler sur mon Livre sur Ma Façon de Mixer.
2026-02-19 18:31:15,165 [DEBUG] taskcoachlib.domain.task.task: Task.__setattr__ : utilise la méthode super avec name=_Task__computed_status et value=inactive.
2026-02-19 18:31:15,165 [DEBUG] taskcoachlib.domain.task.task: Task.__setattr__ : utilise la méthode super avec name=_Task__status_text et value=Inactive.
2026-02-19 18:31:15,166 [DEBUG] taskcoachlib.domain.task.task: Task.__setattr__ : utilise la méthode super avec name=_Task__status_icon et value=led_grey_icon.
2026-02-19 18:31:15,166 [DEBUG] taskcoachlib.domain.task.task: Task.__setattr__ : utilise la méthode super avec name=_Task__status_source et value=No actual start date.
2026-02-19 18:31:15,171 [DEBUG] taskcoachlib.domain.task.task: Task.__setattr__ : utilise la méthode super avec name=_Task__status et value=inactive.
2026-02-19 18:31:15,171 [INFO] taskcoachlib.gui.viewer.container: ViewerContainer.__getattr__ retourne l'attribut <bound method Viewer.curselection of <taskcoachlib.gui.viewer.task.TaskViewer object at 0x7f260a5c62a0>> avec l'ancienne méthode !
2026-02-19 18:31:15,173 [INFO] taskcoachlib.gui.viewer.container: ViewerContainer.__getattr__ retourne l'attribut <bound method Viewer.curselection of <taskcoachlib.gui.viewer.task.TaskViewer object at 0x7f260a5c62a0>> avec l'ancienne méthode !
2026-02-19 18:31:15,173 [INFO] taskcoachlib.gui.viewer.container: ViewerContainer.__getattr__ retourne l'attribut <bound method Viewer.curselection of <taskcoachlib.gui.viewer.task.TaskViewer object at 0x7f260a5c62a0>> avec l'ancienne méthode !
2026-02-19 18:31:15,173 [DEBUG] taskcoachlib.domain.base.object: CompositeObject.subject : retourne le sujet de Task id=27ccbecc-6084-11e5-9f59-f07bcb8b1707 : Travailler sur mon Livre sur Ma Façon de Mixer.
2026-02-19 18:31:15,175 [DEBUG] taskcoachlib.domain.base.object: CompositeObject.subject : retourne le sujet de Task id=27ccbecc-6084-11e5-9f59-f07bcb8b1707 : Travailler sur mon Livre sur Ma Façon de Mixer.
2026-02-19 18:31:15,177 [DEBUG] taskcoachlib.domain.base.object: CompositeObject.subject : retourne le sujet de Task id=27ccbecc-6084-11e5-9f59-f07bcb8b1707 : Travailler sur mon Livre sur Ma Façon de Mixer.
2026-02-19 18:31:15,178 [DEBUG] taskcoachlib.domain.base.object: CompositeObject.subject : retourne le sujet de Task id=27ccbecc-6084-11e5-9f59-f07bcb8b1707 : Travailler sur mon Livre sur Ma Façon de Mixer.
2026-02-19 18:31:15,180 [DEBUG] taskcoachlib.domain.base.object: CompositeObject.subject : retourne le sujet de Task id=27ccbecc-6084-11e5-9f59-f07bcb8b1707 : Travailler sur mon Livre sur Ma Façon de Mixer.
2026-02-19 18:31:16,165 [DEBUG] taskcoachlib.domain.task.task: Task.__setattr__ : utilise la méthode super avec name=_Task__computed_status et value=inactive.
2026-02-19 18:31:16,166 [DEBUG] taskcoachlib.domain.task.task: Task.__setattr__ : utilise la méthode super avec name=_Task__status_text et value=Inactive.
2026-02-19 18:31:16,166 [DEBUG] taskcoachlib.domain.task.task: Task.__setattr__ : utilise la méthode super avec name=_Task__status_icon et value=led_grey_icon.
2026-02-19 18:31:16,166 [DEBUG] taskcoachlib.domain.task.task: Task.__setattr__ : utilise la méthode super avec name=_Task__status_source et value=No actual start date.
2026-02-19 18:31:16,174 [DEBUG] taskcoachlib.domain.task.task: Task.__setattr__ : utilise la méthode super avec name=_Task__status et value=inactive.
2026-02-19 18:31:16,175 [INFO] taskcoachlib.gui.viewer.container: ViewerContainer.__getattr__ retourne l'attribut <bound method Viewer.curselection of <taskcoachlib.gui.viewer.task.TaskViewer object at 0x7f260a5c62a0>> avec l'ancienne méthode !
2026-02-19 18:31:16,175 [INFO] taskcoachlib.gui.viewer.container: ViewerContainer.__getattr__ retourne l'attribut <bound method Viewer.curselection of <taskcoachlib.gui.viewer.task.TaskViewer object at 0x7f260a5c62a0>> avec l'ancienne méthode !
2026-02-19 18:31:16,175 [INFO] taskcoachlib.gui.viewer.container: ViewerContainer.__getattr__ retourne l'attribut <bound method Viewer.curselection of <taskcoachlib.gui.viewer.task.TaskViewer object at 0x7f260a5c62a0>> avec l'ancienne méthode !
2026-02-19 18:31:16,176 [DEBUG] taskcoachlib.domain.base.object: CompositeObject.subject : retourne le sujet de Task id=27ccbecc-6084-11e5-9f59-f07bcb8b1707 : Travailler sur mon Livre sur Ma Façon de Mixer.
2026-02-19 18:31:16,178 [DEBUG] taskcoachlib.domain.base.object: CompositeObject.subject : retourne le sujet de Task id=27ccbecc-6084-11e5-9f59-f07bcb8b1707 : Travailler sur mon Livre sur Ma Façon de Mixer.
2026-02-19 18:31:16,180 [DEBUG] taskcoachlib.domain.base.object: CompositeObject.subject : retourne le sujet de Task id=27ccbecc-6084-11e5-9f59-f07bcb8b1707 : Travailler sur mon Livre sur Ma Façon de Mixer.
2026-02-19 18:31:16,182 [DEBUG] taskcoachlib.domain.base.object: CompositeObject.subject : retourne le sujet de Task id=27ccbecc-6084-11e5-9f59-f07bcb8b1707 : Travailler sur mon Livre sur Ma Façon de Mixer.
2026-02-19 18:31:16,184 [DEBUG] taskcoachlib.domain.base.object: CompositeObject.subject : retourne le sujet de Task id=27ccbecc-6084-11e5-9f59-f07bcb8b1707 : Travailler sur mon Livre sur Ma Façon de Mixer.
2026-02-19 18:31:17,166 [DEBUG] taskcoachlib.domain.task.task: Task.__setattr__ : utilise la méthode super avec name=_Task__computed_status et value=inactive.
2026-02-19 18:31:17,166 [DEBUG] taskcoachlib.domain.task.task: Task.__setattr__ : utilise la méthode super avec name=_Task__status_text et value=Inactive.
2026-02-19 18:31:17,166 [DEBUG] taskcoachlib.domain.task.task: Task.__setattr__ : utilise la méthode super avec name=_Task__status_icon et value=led_grey_icon.
2026-02-19 18:31:17,166 [DEBUG] taskcoachlib.domain.task.task: Task.__setattr__ : utilise la méthode super avec name=_Task__status_source et value=No actual start date.
2026-02-19 18:31:17,169 [DEBUG] taskcoachlib.domain.task.task: Task.__setattr__ : utilise la méthode super avec name=_Task__status et value=inactive.
2026-02-19 18:31:17,169 [INFO] taskcoachlib.gui.viewer.container: ViewerContainer.__getattr__ retourne l'attribut <bound method Viewer.curselection of <taskcoachlib.gui.viewer.task.TaskViewer object at 0x7f260a5c62a0>> avec l'ancienne méthode !
2026-02-19 18:31:17,169 [INFO] taskcoachlib.gui.viewer.container: ViewerContainer.__getattr__ retourne l'attribut <bound method Viewer.curselection of <taskcoachlib.gui.viewer.task.TaskViewer object at 0x7f260a5c62a0>> avec l'ancienne méthode !
2026-02-19 18:31:17,169 [INFO] taskcoachlib.gui.viewer.container: ViewerContainer.__getattr__ retourne l'attribut <bound method Viewer.curselection of <taskcoachlib.gui.viewer.task.TaskViewer object at 0x7f260a5c62a0>> avec l'ancienne méthode !
2026-02-19 18:31:17,169 [DEBUG] taskcoachlib.domain.base.object: CompositeObject.subject : retourne le sujet de Task id=27ccbecc-6084-11e5-9f59-f07bcb8b1707 : Travailler sur mon Livre sur Ma Façon de Mixer.
2026-02-19 18:31:17,170 [DEBUG] taskcoachlib.domain.base.object: CompositeObject.subject : retourne le sujet de Task id=27ccbecc-6084-11e5-9f59-f07bcb8b1707 : Travailler sur mon Livre sur Ma Façon de Mixer.
2026-02-19 18:31:17,170 [DEBUG] taskcoachlib.domain.base.object: CompositeObject.subject : retourne le sujet de Task id=27ccbecc-6084-11e5-9f59-f07bcb8b1707 : Travailler sur mon Livre sur Ma Façon de Mixer.
2026-02-19 18:31:17,171 [DEBUG] taskcoachlib.domain.base.object: CompositeObject.subject : retourne le sujet de Task id=27ccbecc-6084-11e5-9f59-f07bcb8b1707 : Travailler sur mon Livre sur Ma Façon de Mixer.
2026-02-19 18:31:17,172 [DEBUG] taskcoachlib.domain.base.object: CompositeObject.subject : retourne le sujet de Task id=27ccbecc-6084-11e5-9f59-f07bcb8b1707 : Travailler sur mon Livre sur Ma Façon de Mixer.
2026-02-19 18:31:18,166 [DEBUG] taskcoachlib.domain.task.task: Task.__setattr__ : utilise la méthode super avec name=_Task__computed_status et value=inactive.
2026-02-19 18:31:18,166 [DEBUG] taskcoachlib.domain.task.task: Task.__setattr__ : utilise la méthode super avec name=_Task__status_text et value=Inactive.
2026-02-19 18:31:18,167 [DEBUG] taskcoachlib.domain.task.task: Task.__setattr__ : utilise la méthode super avec name=_Task__status_icon et value=led_grey_icon.
2026-02-19 18:31:18,167 [DEBUG] taskcoachlib.domain.task.task: Task.__setattr__ : utilise la méthode super avec name=_Task__status_source et value=No actual start date.
2026-02-19 18:31:18,170 [DEBUG] taskcoachlib.domain.task.task: Task.__setattr__ : utilise la méthode super avec name=_Task__status et value=inactive.
2026-02-19 18:31:18,170 [INFO] taskcoachlib.gui.viewer.container: ViewerContainer.__getattr__ retourne l'attribut <bound method Viewer.curselection of <taskcoachlib.gui.viewer.task.TaskViewer object at 0x7f260a5c62a0>> avec l'ancienne méthode !
2026-02-19 18:31:18,170 [INFO] taskcoachlib.gui.viewer.container: ViewerContainer.__getattr__ retourne l'attribut <bound method Viewer.curselection of <taskcoachlib.gui.viewer.task.TaskViewer object at 0x7f260a5c62a0>> avec l'ancienne méthode !
2026-02-19 18:31:18,170 [INFO] taskcoachlib.gui.viewer.container: ViewerContainer.__getattr__ retourne l'attribut <bound method Viewer.curselection of <taskcoachlib.gui.viewer.task.TaskViewer object at 0x7f260a5c62a0>> avec l'ancienne méthode !
2026-02-19 18:31:18,170 [DEBUG] taskcoachlib.domain.base.object: CompositeObject.subject : retourne le sujet de Task id=27ccbecc-6084-11e5-9f59-f07bcb8b1707 : Travailler sur mon Livre sur Ma Façon de Mixer.
2026-02-19 18:31:18,171 [DEBUG] taskcoachlib.domain.base.object: CompositeObject.subject : retourne le sujet de Task id=27ccbecc-6084-11e5-9f59-f07bcb8b1707 : Travailler sur mon Livre sur Ma Façon de Mixer.
2026-02-19 18:31:18,172 [DEBUG] taskcoachlib.domain.base.object: CompositeObject.subject : retourne le sujet de Task id=27ccbecc-6084-11e5-9f59-f07bcb8b1707 : Travailler sur mon Livre sur Ma Façon de Mixer.
2026-02-19 18:31:18,172 [DEBUG] taskcoachlib.domain.base.object: CompositeObject.subject : retourne le sujet de Task id=27ccbecc-6084-11e5-9f59-f07bcb8b1707 : Travailler sur mon Livre sur Ma Façon de Mixer.
2026-02-19 18:31:18,173 [DEBUG] taskcoachlib.domain.base.object: CompositeObject.subject : retourne le sujet de Task id=27ccbecc-6084-11e5-9f59-f07bcb8b1707 : Travailler sur mon Livre sur Ma Façon de Mixer.
2026-02-19 18:31:19,166 [DEBUG] taskcoachlib.domain.task.task: Task.__setattr__ : utilise la méthode super avec name=_Task__computed_status et value=inactive.
2026-02-19 18:31:19,167 [DEBUG] taskcoachlib.domain.task.task: Task.__setattr__ : utilise la méthode super avec name=_Task__status_text et value=Inactive.
2026-02-19 18:31:19,167 [DEBUG] taskcoachlib.domain.task.task: Task.__setattr__ : utilise la méthode super avec name=_Task__status_icon et value=led_grey_icon.
2026-02-19 18:31:19,167 [DEBUG] taskcoachlib.domain.task.task: Task.__setattr__ : utilise la méthode super avec name=_Task__status_source et value=No actual start date.
2026-02-19 18:31:19,170 [DEBUG] taskcoachlib.domain.task.task: Task.__setattr__ : utilise la méthode super avec name=_Task__status et value=inactive.
2026-02-19 18:31:19,170 [INFO] taskcoachlib.gui.viewer.container: ViewerContainer.__getattr__ retourne l'attribut <bound method Viewer.curselection of <taskcoachlib.gui.viewer.task.TaskViewer object at 0x7f260a5c62a0>> avec l'ancienne méthode !
2026-02-19 18:31:19,170 [INFO] taskcoachlib.gui.viewer.container: ViewerContainer.__getattr__ retourne l'attribut <bound method Viewer.curselection of <taskcoachlib.gui.viewer.task.TaskViewer object at 0x7f260a5c62a0>> avec l'ancienne méthode !
2026-02-19 18:31:19,170 [INFO] taskcoachlib.gui.viewer.container: ViewerContainer.__getattr__ retourne l'attribut <bound method Viewer.curselection of <taskcoachlib.gui.viewer.task.TaskViewer object at 0x7f260a5c62a0>> avec l'ancienne méthode !
2026-02-19 18:31:19,170 [DEBUG] taskcoachlib.domain.base.object: CompositeObject.subject : retourne le sujet de Task id=27ccbecc-6084-11e5-9f59-f07bcb8b1707 : Travailler sur mon Livre sur Ma Façon de Mixer.
2026-02-19 18:31:19,171 [DEBUG] taskcoachlib.domain.base.object: CompositeObject.subject : retourne le sujet de Task id=27ccbecc-6084-11e5-9f59-f07bcb8b1707 : Travailler sur mon Livre sur Ma Façon de Mixer.
2026-02-19 18:31:19,172 [DEBUG] taskcoachlib.domain.base.object: CompositeObject.subject : retourne le sujet de Task id=27ccbecc-6084-11e5-9f59-f07bcb8b1707 : Travailler sur mon Livre sur Ma Façon de Mixer.
2026-02-19 18:31:19,172 [DEBUG] taskcoachlib.domain.base.object: CompositeObject.subject : retourne le sujet de Task id=27ccbecc-6084-11e5-9f59-f07bcb8b1707 : Travailler sur mon Livre sur Ma Façon de Mixer.
2026-02-19 18:31:19,173 [DEBUG] taskcoachlib.domain.base.object: CompositeObject.subject : retourne le sujet de Task id=27ccbecc-6084-11e5-9f59-f07bcb8b1707 : Travailler sur mon Livre sur Ma Façon de Mixer.
2026-02-19 18:31:20,167 [DEBUG] taskcoachlib.domain.task.task: Task.__setattr__ : utilise la méthode super avec name=_Task__computed_status et value=inactive.
2026-02-19 18:31:20,167 [DEBUG] taskcoachlib.domain.task.task: Task.__setattr__ : utilise la méthode super avec name=_Task__status_text et value=Inactive.
2026-02-19 18:31:20,167 [DEBUG] taskcoachlib.domain.task.task: Task.__setattr__ : utilise la méthode super avec name=_Task__status_icon et value=led_grey_icon.
2026-02-19 18:31:20,167 [DEBUG] taskcoachlib.domain.task.task: Task.__setattr__ : utilise la méthode super avec name=_Task__status_source et value=No actual start date.
2026-02-19 18:31:20,171 [DEBUG] taskcoachlib.domain.task.task: Task.__setattr__ : utilise la méthode super avec name=_Task__status et value=inactive.
2026-02-19 18:31:20,171 [INFO] taskcoachlib.gui.viewer.container: ViewerContainer.__getattr__ retourne l'attribut <bound method Viewer.curselection of <taskcoachlib.gui.viewer.task.TaskViewer object at 0x7f260a5c62a0>> avec l'ancienne méthode !
2026-02-19 18:31:20,172 [INFO] taskcoachlib.gui.viewer.container: ViewerContainer.__getattr__ retourne l'attribut <bound method Viewer.curselection of <taskcoachlib.gui.viewer.task.TaskViewer object at 0x7f260a5c62a0>> avec l'ancienne méthode !
2026-02-19 18:31:20,172 [INFO] taskcoachlib.gui.viewer.container: ViewerContainer.__getattr__ retourne l'attribut <bound method Viewer.curselection of <taskcoachlib.gui.viewer.task.TaskViewer object at 0x7f260a5c62a0>> avec l'ancienne méthode !
2026-02-19 18:31:20,172 [DEBUG] taskcoachlib.domain.base.object: CompositeObject.subject : retourne le sujet de Task id=27ccbecc-6084-11e5-9f59-f07bcb8b1707 : Travailler sur mon Livre sur Ma Façon de Mixer.
2026-02-19 18:31:20,173 [DEBUG] taskcoachlib.domain.base.object: CompositeObject.subject : retourne le sujet de Task id=27ccbecc-6084-11e5-9f59-f07bcb8b1707 : Travailler sur mon Livre sur Ma Façon de Mixer.
2026-02-19 18:31:20,174 [DEBUG] taskcoachlib.domain.base.object: CompositeObject.subject : retourne le sujet de Task id=27ccbecc-6084-11e5-9f59-f07bcb8b1707 : Travailler sur mon Livre sur Ma Façon de Mixer.
2026-02-19 18:31:20,175 [DEBUG] taskcoachlib.domain.base.object: CompositeObject.subject : retourne le sujet de Task id=27ccbecc-6084-11e5-9f59-f07bcb8b1707 : Travailler sur mon Livre sur Ma Façon de Mixer.
2026-02-19 18:31:20,176 [DEBUG] taskcoachlib.domain.base.object: CompositeObject.subject : retourne le sujet de Task id=27ccbecc-6084-11e5-9f59-f07bcb8b1707 : Travailler sur mon Livre sur Ma Façon de Mixer.
2026-02-19 18:31:21,167 [DEBUG] taskcoachlib.domain.task.task: Task.__setattr__ : utilise la méthode super avec name=_Task__computed_status et value=inactive.
2026-02-19 18:31:21,167 [DEBUG] taskcoachlib.domain.task.task: Task.__setattr__ : utilise la méthode super avec name=_Task__status_text et value=Inactive.
2026-02-19 18:31:21,167 [DEBUG] taskcoachlib.domain.task.task: Task.__setattr__ : utilise la méthode super avec name=_Task__status_icon et value=led_grey_icon.
2026-02-19 18:31:21,167 [DEBUG] taskcoachlib.domain.task.task: Task.__setattr__ : utilise la méthode super avec name=_Task__status_source et value=No actual start date.
2026-02-19 18:31:21,171 [DEBUG] taskcoachlib.domain.task.task: Task.__setattr__ : utilise la méthode super avec name=_Task__status et value=inactive.
2026-02-19 18:31:21,171 [INFO] taskcoachlib.gui.viewer.container: ViewerContainer.__getattr__ retourne l'attribut <bound method Viewer.curselection of <taskcoachlib.gui.viewer.task.TaskViewer object at 0x7f260a5c62a0>> avec l'ancienne méthode !
2026-02-19 18:31:21,171 [INFO] taskcoachlib.gui.viewer.container: ViewerContainer.__getattr__ retourne l'attribut <bound method Viewer.curselection of <taskcoachlib.gui.viewer.task.TaskViewer object at 0x7f260a5c62a0>> avec l'ancienne méthode !
2026-02-19 18:31:21,171 [INFO] taskcoachlib.gui.viewer.container: ViewerContainer.__getattr__ retourne l'attribut <bound method Viewer.curselection of <taskcoachlib.gui.viewer.task.TaskViewer object at 0x7f260a5c62a0>> avec l'ancienne méthode !
2026-02-19 18:31:21,171 [DEBUG] taskcoachlib.domain.base.object: CompositeObject.subject : retourne le sujet de Task id=27ccbecc-6084-11e5-9f59-f07bcb8b1707 : Travailler sur mon Livre sur Ma Façon de Mixer.
2026-02-19 18:31:21,172 [DEBUG] taskcoachlib.domain.base.object: CompositeObject.subject : retourne le sujet de Task id=27ccbecc-6084-11e5-9f59-f07bcb8b1707 : Travailler sur mon Livre sur Ma Façon de Mixer.
2026-02-19 18:31:21,173 [DEBUG] taskcoachlib.domain.base.object: CompositeObject.subject : retourne le sujet de Task id=27ccbecc-6084-11e5-9f59-f07bcb8b1707 : Travailler sur mon Livre sur Ma Façon de Mixer.
2026-02-19 18:31:21,174 [DEBUG] taskcoachlib.domain.base.object: CompositeObject.subject : retourne le sujet de Task id=27ccbecc-6084-11e5-9f59-f07bcb8b1707 : Travailler sur mon Livre sur Ma Façon de Mixer.
2026-02-19 18:31:21,175 [DEBUG] taskcoachlib.domain.base.object: CompositeObject.subject : retourne le sujet de Task id=27ccbecc-6084-11e5-9f59-f07bcb8b1707 : Travailler sur mon Livre sur Ma Façon de Mixer.
2026-02-19 18:31:22,167 [DEBUG] taskcoachlib.domain.task.task: Task.__setattr__ : utilise la méthode super avec name=_Task__computed_status et value=inactive.
2026-02-19 18:31:22,168 [DEBUG] taskcoachlib.domain.task.task: Task.__setattr__ : utilise la méthode super avec name=_Task__status_text et value=Inactive.
2026-02-19 18:31:22,168 [DEBUG] taskcoachlib.domain.task.task: Task.__setattr__ : utilise la méthode super avec name=_Task__status_icon et value=led_grey_icon.
2026-02-19 18:31:22,168 [DEBUG] taskcoachlib.domain.task.task: Task.__setattr__ : utilise la méthode super avec name=_Task__status_source et value=No actual start date.
2026-02-19 18:31:22,172 [DEBUG] taskcoachlib.domain.task.task: Task.__setattr__ : utilise la méthode super avec name=_Task__status et value=inactive.
2026-02-19 18:31:22,173 [INFO] taskcoachlib.gui.viewer.container: ViewerContainer.__getattr__ retourne l'attribut <bound method Viewer.curselection of <taskcoachlib.gui.viewer.task.TaskViewer object at 0x7f260a5c62a0>> avec l'ancienne méthode !
2026-02-19 18:31:22,173 [INFO] taskcoachlib.gui.viewer.container: ViewerContainer.__getattr__ retourne l'attribut <bound method Viewer.curselection of <taskcoachlib.gui.viewer.task.TaskViewer object at 0x7f260a5c62a0>> avec l'ancienne méthode !
2026-02-19 18:31:22,173 [INFO] taskcoachlib.gui.viewer.container: ViewerContainer.__getattr__ retourne l'attribut <bound method Viewer.curselection of <taskcoachlib.gui.viewer.task.TaskViewer object at 0x7f260a5c62a0>> avec l'ancienne méthode !
2026-02-19 18:31:22,174 [DEBUG] taskcoachlib.domain.base.object: CompositeObject.subject : retourne le sujet de Task id=27ccbecc-6084-11e5-9f59-f07bcb8b1707 : Travailler sur mon Livre sur Ma Façon de Mixer.
2026-02-19 18:31:22,175 [DEBUG] taskcoachlib.domain.base.object: CompositeObject.subject : retourne le sujet de Task id=27ccbecc-6084-11e5-9f59-f07bcb8b1707 : Travailler sur mon Livre sur Ma Façon de Mixer.
2026-02-19 18:31:22,176 [DEBUG] taskcoachlib.domain.base.object: CompositeObject.subject : retourne le sujet de Task id=27ccbecc-6084-11e5-9f59-f07bcb8b1707 : Travailler sur mon Livre sur Ma Façon de Mixer.
2026-02-19 18:31:22,178 [DEBUG] taskcoachlib.domain.base.object: CompositeObject.subject : retourne le sujet de Task id=27ccbecc-6084-11e5-9f59-f07bcb8b1707 : Travailler sur mon Livre sur Ma Façon de Mixer.
2026-02-19 18:31:22,179 [DEBUG] taskcoachlib.domain.base.object: CompositeObject.subject : retourne le sujet de Task id=27ccbecc-6084-11e5-9f59-f07bcb8b1707 : Travailler sur mon Livre sur Ma Façon de Mixer.
2026-02-19 18:31:23,168 [DEBUG] taskcoachlib.domain.task.task: Task.__setattr__ : utilise la méthode super avec name=_Task__computed_status et value=inactive.
2026-02-19 18:31:23,168 [DEBUG] taskcoachlib.domain.task.task: Task.__setattr__ : utilise la méthode super avec name=_Task__status_text et value=Inactive.
2026-02-19 18:31:23,168 [DEBUG] taskcoachlib.domain.task.task: Task.__setattr__ : utilise la méthode super avec name=_Task__status_icon et value=led_grey_icon.
2026-02-19 18:31:23,169 [DEBUG] taskcoachlib.domain.task.task: Task.__setattr__ : utilise la méthode super avec name=_Task__status_source et value=No actual start date.
2026-02-19 18:31:23,174 [DEBUG] taskcoachlib.domain.task.task: Task.__setattr__ : utilise la méthode super avec name=_Task__status et value=inactive.
2026-02-19 18:31:23,174 [INFO] taskcoachlib.gui.viewer.container: ViewerContainer.__getattr__ retourne l'attribut <bound method Viewer.curselection of <taskcoachlib.gui.viewer.task.TaskViewer object at 0x7f260a5c62a0>> avec l'ancienne méthode !
2026-02-19 18:31:23,174 [INFO] taskcoachlib.gui.viewer.container: ViewerContainer.__getattr__ retourne l'attribut <bound method Viewer.curselection of <taskcoachlib.gui.viewer.task.TaskViewer object at 0x7f260a5c62a0>> avec l'ancienne méthode !
2026-02-19 18:31:23,174 [INFO] taskcoachlib.gui.viewer.container: ViewerContainer.__getattr__ retourne l'attribut <bound method Viewer.curselection of <taskcoachlib.gui.viewer.task.TaskViewer object at 0x7f260a5c62a0>> avec l'ancienne méthode !
2026-02-19 18:31:23,174 [DEBUG] taskcoachlib.domain.base.object: CompositeObject.subject : retourne le sujet de Task id=27ccbecc-6084-11e5-9f59-f07bcb8b1707 : Travailler sur mon Livre sur Ma Façon de Mixer.
2026-02-19 18:31:23,175 [DEBUG] taskcoachlib.domain.base.object: CompositeObject.subject : retourne le sujet de Task id=27ccbecc-6084-11e5-9f59-f07bcb8b1707 : Travailler sur mon Livre sur Ma Façon de Mixer.
2026-02-19 18:31:23,176 [DEBUG] taskcoachlib.domain.base.object: CompositeObject.subject : retourne le sujet de Task id=27ccbecc-6084-11e5-9f59-f07bcb8b1707 : Travailler sur mon Livre sur Ma Façon de Mixer.
2026-02-19 18:31:23,176 [DEBUG] taskcoachlib.domain.base.object: CompositeObject.subject : retourne le sujet de Task id=27ccbecc-6084-11e5-9f59-f07bcb8b1707 : Travailler sur mon Livre sur Ma Façon de Mixer.
2026-02-19 18:31:23,177 [DEBUG] taskcoachlib.domain.base.object: CompositeObject.subject : retourne le sujet de Task id=27ccbecc-6084-11e5-9f59-f07bcb8b1707 : Travailler sur mon Livre sur Ma Façon de Mixer.
2026-02-19 18:31:24,168 [DEBUG] taskcoachlib.domain.task.task: Task.__setattr__ : utilise la méthode super avec name=_Task__computed_status et value=inactive.
2026-02-19 18:31:24,169 [DEBUG] taskcoachlib.domain.task.task: Task.__setattr__ : utilise la méthode super avec name=_Task__status_text et value=Inactive.
2026-02-19 18:31:24,169 [DEBUG] taskcoachlib.domain.task.task: Task.__setattr__ : utilise la méthode super avec name=_Task__status_icon et value=led_grey_icon.
2026-02-19 18:31:24,169 [DEBUG] taskcoachlib.domain.task.task: Task.__setattr__ : utilise la méthode super avec name=_Task__status_source et value=No actual start date.
2026-02-19 18:31:24,175 [DEBUG] taskcoachlib.domain.task.task: Task.__setattr__ : utilise la méthode super avec name=_Task__status et value=inactive.
2026-02-19 18:31:24,176 [INFO] taskcoachlib.gui.viewer.container: ViewerContainer.__getattr__ retourne l'attribut <bound method Viewer.curselection of <taskcoachlib.gui.viewer.task.TaskViewer object at 0x7f260a5c62a0>> avec l'ancienne méthode !
2026-02-19 18:31:24,176 [INFO] taskcoachlib.gui.viewer.container: ViewerContainer.__getattr__ retourne l'attribut <bound method Viewer.curselection of <taskcoachlib.gui.viewer.task.TaskViewer object at 0x7f260a5c62a0>> avec l'ancienne méthode !
2026-02-19 18:31:24,176 [INFO] taskcoachlib.gui.viewer.container: ViewerContainer.__getattr__ retourne l'attribut <bound method Viewer.curselection of <taskcoachlib.gui.viewer.task.TaskViewer object at 0x7f260a5c62a0>> avec l'ancienne méthode !
2026-02-19 18:31:24,177 [DEBUG] taskcoachlib.domain.base.object: CompositeObject.subject : retourne le sujet de Task id=27ccbecc-6084-11e5-9f59-f07bcb8b1707 : Travailler sur mon Livre sur Ma Façon de Mixer.
2026-02-19 18:31:24,178 [DEBUG] taskcoachlib.domain.base.object: CompositeObject.subject : retourne le sujet de Task id=27ccbecc-6084-11e5-9f59-f07bcb8b1707 : Travailler sur mon Livre sur Ma Façon de Mixer.
2026-02-19 18:31:24,180 [DEBUG] taskcoachlib.domain.base.object: CompositeObject.subject : retourne le sujet de Task id=27ccbecc-6084-11e5-9f59-f07bcb8b1707 : Travailler sur mon Livre sur Ma Façon de Mixer.
2026-02-19 18:31:24,181 [DEBUG] taskcoachlib.domain.base.object: CompositeObject.subject : retourne le sujet de Task id=27ccbecc-6084-11e5-9f59-f07bcb8b1707 : Travailler sur mon Livre sur Ma Façon de Mixer.
2026-02-19 18:31:24,183 [DEBUG] taskcoachlib.domain.base.object: CompositeObject.subject : retourne le sujet de Task id=27ccbecc-6084-11e5-9f59-f07bcb8b1707 : Travailler sur mon Livre sur Ma Façon de Mixer.
2026-02-19 18:31:25,168 [DEBUG] taskcoachlib.domain.task.task: Task.__setattr__ : utilise la méthode super avec name=_Task__computed_status et value=inactive.
2026-02-19 18:31:25,169 [DEBUG] taskcoachlib.domain.task.task: Task.__setattr__ : utilise la méthode super avec name=_Task__status_text et value=Inactive.
2026-02-19 18:31:25,169 [DEBUG] taskcoachlib.domain.task.task: Task.__setattr__ : utilise la méthode super avec name=_Task__status_icon et value=led_grey_icon.
2026-02-19 18:31:25,169 [DEBUG] taskcoachlib.domain.task.task: Task.__setattr__ : utilise la méthode super avec name=_Task__status_source et value=No actual start date.
2026-02-19 18:31:25,173 [DEBUG] taskcoachlib.domain.task.task: Task.__setattr__ : utilise la méthode super avec name=_Task__status et value=inactive.
2026-02-19 18:31:25,173 [INFO] taskcoachlib.gui.viewer.container: ViewerContainer.__getattr__ retourne l'attribut <bound method Viewer.curselection of <taskcoachlib.gui.viewer.task.TaskViewer object at 0x7f260a5c62a0>> avec l'ancienne méthode !
2026-02-19 18:31:25,174 [INFO] taskcoachlib.gui.viewer.container: ViewerContainer.__getattr__ retourne l'attribut <bound method Viewer.curselection of <taskcoachlib.gui.viewer.task.TaskViewer object at 0x7f260a5c62a0>> avec l'ancienne méthode !
2026-02-19 18:31:25,174 [INFO] taskcoachlib.gui.viewer.container: ViewerContainer.__getattr__ retourne l'attribut <bound method Viewer.curselection of <taskcoachlib.gui.viewer.task.TaskViewer object at 0x7f260a5c62a0>> avec l'ancienne méthode !
2026-02-19 18:31:25,174 [DEBUG] taskcoachlib.domain.base.object: CompositeObject.subject : retourne le sujet de Task id=27ccbecc-6084-11e5-9f59-f07bcb8b1707 : Travailler sur mon Livre sur Ma Façon de Mixer.
2026-02-19 18:31:25,175 [DEBUG] taskcoachlib.domain.base.object: CompositeObject.subject : retourne le sujet de Task id=27ccbecc-6084-11e5-9f59-f07bcb8b1707 : Travailler sur mon Livre sur Ma Façon de Mixer.
2026-02-19 18:31:25,177 [DEBUG] taskcoachlib.domain.base.object: CompositeObject.subject : retourne le sujet de Task id=27ccbecc-6084-11e5-9f59-f07bcb8b1707 : Travailler sur mon Livre sur Ma Façon de Mixer.
2026-02-19 18:31:25,178 [DEBUG] taskcoachlib.domain.base.object: CompositeObject.subject : retourne le sujet de Task id=27ccbecc-6084-11e5-9f59-f07bcb8b1707 : Travailler sur mon Livre sur Ma Façon de Mixer.
2026-02-19 18:31:25,179 [DEBUG] taskcoachlib.domain.base.object: CompositeObject.subject : retourne le sujet de Task id=27ccbecc-6084-11e5-9f59-f07bcb8b1707 : Travailler sur mon Livre sur Ma Façon de Mixer.
2026-02-19 18:31:26,169 [DEBUG] taskcoachlib.domain.task.task: Task.__setattr__ : utilise la méthode super avec name=_Task__computed_status et value=inactive.
2026-02-19 18:31:26,169 [DEBUG] taskcoachlib.domain.task.task: Task.__setattr__ : utilise la méthode super avec name=_Task__status_text et value=Inactive.
2026-02-19 18:31:26,169 [DEBUG] taskcoachlib.domain.task.task: Task.__setattr__ : utilise la méthode super avec name=_Task__status_icon et value=led_grey_icon.
2026-02-19 18:31:26,169 [DEBUG] taskcoachlib.domain.task.task: Task.__setattr__ : utilise la méthode super avec name=_Task__status_source et value=No actual start date.
2026-02-19 18:31:26,176 [DEBUG] taskcoachlib.domain.task.task: Task.__setattr__ : utilise la méthode super avec name=_Task__status et value=inactive.
2026-02-19 18:31:26,176 [INFO] taskcoachlib.gui.viewer.container: ViewerContainer.__getattr__ retourne l'attribut <bound method Viewer.curselection of <taskcoachlib.gui.viewer.task.TaskViewer object at 0x7f260a5c62a0>> avec l'ancienne méthode !
2026-02-19 18:31:26,177 [INFO] taskcoachlib.gui.viewer.container: ViewerContainer.__getattr__ retourne l'attribut <bound method Viewer.curselection of <taskcoachlib.gui.viewer.task.TaskViewer object at 0x7f260a5c62a0>> avec l'ancienne méthode !
2026-02-19 18:31:26,177 [INFO] taskcoachlib.gui.viewer.container: ViewerContainer.__getattr__ retourne l'attribut <bound method Viewer.curselection of <taskcoachlib.gui.viewer.task.TaskViewer object at 0x7f260a5c62a0>> avec l'ancienne méthode !
2026-02-19 18:31:26,178 [DEBUG] taskcoachlib.domain.base.object: CompositeObject.subject : retourne le sujet de Task id=27ccbecc-6084-11e5-9f59-f07bcb8b1707 : Travailler sur mon Livre sur Ma Façon de Mixer.
2026-02-19 18:31:26,179 [DEBUG] taskcoachlib.domain.base.object: CompositeObject.subject : retourne le sujet de Task id=27ccbecc-6084-11e5-9f59-f07bcb8b1707 : Travailler sur mon Livre sur Ma Façon de Mixer.
2026-02-19 18:31:26,181 [DEBUG] taskcoachlib.domain.base.object: CompositeObject.subject : retourne le sujet de Task id=27ccbecc-6084-11e5-9f59-f07bcb8b1707 : Travailler sur mon Livre sur Ma Façon de Mixer.
2026-02-19 18:31:26,182 [DEBUG] taskcoachlib.domain.base.object: CompositeObject.subject : retourne le sujet de Task id=27ccbecc-6084-11e5-9f59-f07bcb8b1707 : Travailler sur mon Livre sur Ma Façon de Mixer.
2026-02-19 18:31:26,183 [DEBUG] taskcoachlib.domain.base.object: CompositeObject.subject : retourne le sujet de Task id=27ccbecc-6084-11e5-9f59-f07bcb8b1707 : Travailler sur mon Livre sur Ma Façon de Mixer.
2026-02-19 18:31:27,170 [DEBUG] taskcoachlib.domain.task.task: Task.__setattr__ : utilise la méthode super avec name=_Task__computed_status et value=inactive.
2026-02-19 18:31:27,170 [DEBUG] taskcoachlib.domain.task.task: Task.__setattr__ : utilise la méthode super avec name=_Task__status_text et value=Inactive.
2026-02-19 18:31:27,170 [DEBUG] taskcoachlib.domain.task.task: Task.__setattr__ : utilise la méthode super avec name=_Task__status_icon et value=led_grey_icon.
2026-02-19 18:31:27,171 [DEBUG] taskcoachlib.domain.task.task: Task.__setattr__ : utilise la méthode super avec name=_Task__status_source et value=No actual start date.
2026-02-19 18:31:27,177 [DEBUG] taskcoachlib.domain.task.task: Task.__setattr__ : utilise la méthode super avec name=_Task__status et value=inactive.
2026-02-19 18:31:27,177 [INFO] taskcoachlib.gui.viewer.container: ViewerContainer.__getattr__ retourne l'attribut <bound method Viewer.curselection of <taskcoachlib.gui.viewer.task.TaskViewer object at 0x7f260a5c62a0>> avec l'ancienne méthode !
2026-02-19 18:31:27,178 [INFO] taskcoachlib.gui.viewer.container: ViewerContainer.__getattr__ retourne l'attribut <bound method Viewer.curselection of <taskcoachlib.gui.viewer.task.TaskViewer object at 0x7f260a5c62a0>> avec l'ancienne méthode !
2026-02-19 18:31:27,178 [INFO] taskcoachlib.gui.viewer.container: ViewerContainer.__getattr__ retourne l'attribut <bound method Viewer.curselection of <taskcoachlib.gui.viewer.task.TaskViewer object at 0x7f260a5c62a0>> avec l'ancienne méthode !
2026-02-19 18:31:27,178 [DEBUG] taskcoachlib.domain.base.object: CompositeObject.subject : retourne le sujet de Task id=27ccbecc-6084-11e5-9f59-f07bcb8b1707 : Travailler sur mon Livre sur Ma Façon de Mixer.
2026-02-19 18:31:27,179 [DEBUG] taskcoachlib.domain.base.object: CompositeObject.subject : retourne le sujet de Task id=27ccbecc-6084-11e5-9f59-f07bcb8b1707 : Travailler sur mon Livre sur Ma Façon de Mixer.
2026-02-19 18:31:27,181 [DEBUG] taskcoachlib.domain.base.object: CompositeObject.subject : retourne le sujet de Task id=27ccbecc-6084-11e5-9f59-f07bcb8b1707 : Travailler sur mon Livre sur Ma Façon de Mixer.
2026-02-19 18:31:27,183 [DEBUG] taskcoachlib.domain.base.object: CompositeObject.subject : retourne le sujet de Task id=27ccbecc-6084-11e5-9f59-f07bcb8b1707 : Travailler sur mon Livre sur Ma Façon de Mixer.
2026-02-19 18:31:27,185 [DEBUG] taskcoachlib.domain.base.object: CompositeObject.subject : retourne le sujet de Task id=27ccbecc-6084-11e5-9f59-f07bcb8b1707 : Travailler sur mon Livre sur Ma Façon de Mixer.
2026-02-19 18:31:28,170 [DEBUG] taskcoachlib.domain.task.task: Task.__setattr__ : utilise la méthode super avec name=_Task__computed_status et value=inactive.
2026-02-19 18:31:28,170 [DEBUG] taskcoachlib.domain.task.task: Task.__setattr__ : utilise la méthode super avec name=_Task__status_text et value=Inactive.
2026-02-19 18:31:28,170 [DEBUG] taskcoachlib.domain.task.task: Task.__setattr__ : utilise la méthode super avec name=_Task__status_icon et value=led_grey_icon.
2026-02-19 18:31:28,170 [DEBUG] taskcoachlib.domain.task.task: Task.__setattr__ : utilise la méthode super avec name=_Task__status_source et value=No actual start date.
2026-02-19 18:31:28,173 [DEBUG] taskcoachlib.domain.task.task: Task.__setattr__ : utilise la méthode super avec name=_Task__status et value=inactive.
2026-02-19 18:31:28,174 [INFO] taskcoachlib.gui.viewer.container: ViewerContainer.__getattr__ retourne l'attribut <bound method Viewer.curselection of <taskcoachlib.gui.viewer.task.TaskViewer object at 0x7f260a5c62a0>> avec l'ancienne méthode !
2026-02-19 18:31:28,174 [INFO] taskcoachlib.gui.viewer.container: ViewerContainer.__getattr__ retourne l'attribut <bound method Viewer.curselection of <taskcoachlib.gui.viewer.task.TaskViewer object at 0x7f260a5c62a0>> avec l'ancienne méthode !
2026-02-19 18:31:28,174 [INFO] taskcoachlib.gui.viewer.container: ViewerContainer.__getattr__ retourne l'attribut <bound method Viewer.curselection of <taskcoachlib.gui.viewer.task.TaskViewer object at 0x7f260a5c62a0>> avec l'ancienne méthode !
2026-02-19 18:31:28,174 [DEBUG] taskcoachlib.domain.base.object: CompositeObject.subject : retourne le sujet de Task id=27ccbecc-6084-11e5-9f59-f07bcb8b1707 : Travailler sur mon Livre sur Ma Façon de Mixer.
2026-02-19 18:31:28,176 [DEBUG] taskcoachlib.domain.base.object: CompositeObject.subject : retourne le sujet de Task id=27ccbecc-6084-11e5-9f59-f07bcb8b1707 : Travailler sur mon Livre sur Ma Façon de Mixer.
2026-02-19 18:31:28,177 [DEBUG] taskcoachlib.domain.base.object: CompositeObject.subject : retourne le sujet de Task id=27ccbecc-6084-11e5-9f59-f07bcb8b1707 : Travailler sur mon Livre sur Ma Façon de Mixer.
2026-02-19 18:31:28,178 [DEBUG] taskcoachlib.domain.base.object: CompositeObject.subject : retourne le sujet de Task id=27ccbecc-6084-11e5-9f59-f07bcb8b1707 : Travailler sur mon Livre sur Ma Façon de Mixer.
2026-02-19 18:31:28,179 [DEBUG] taskcoachlib.domain.base.object: CompositeObject.subject : retourne le sujet de Task id=27ccbecc-6084-11e5-9f59-f07bcb8b1707 : Travailler sur mon Livre sur Ma Façon de Mixer.
2026-02-19 18:31:29,171 [DEBUG] taskcoachlib.domain.task.task: Task.__setattr__ : utilise la méthode super avec name=_Task__computed_status et value=inactive.
2026-02-19 18:31:29,171 [DEBUG] taskcoachlib.domain.task.task: Task.__setattr__ : utilise la méthode super avec name=_Task__status_text et value=Inactive.
2026-02-19 18:31:29,171 [DEBUG] taskcoachlib.domain.task.task: Task.__setattr__ : utilise la méthode super avec name=_Task__status_icon et value=led_grey_icon.
2026-02-19 18:31:29,173 [DEBUG] taskcoachlib.domain.task.task: Task.__setattr__ : utilise la méthode super avec name=_Task__status_source et value=No actual start date.
2026-02-19 18:31:29,180 [DEBUG] taskcoachlib.domain.task.task: Task.__setattr__ : utilise la méthode super avec name=_Task__status et value=inactive.
2026-02-19 18:31:29,184 [INFO] taskcoachlib.gui.viewer.container: ViewerContainer.__getattr__ retourne l'attribut <bound method Viewer.curselection of <taskcoachlib.gui.viewer.task.TaskViewer object at 0x7f260a5c62a0>> avec l'ancienne méthode !
2026-02-19 18:31:29,184 [INFO] taskcoachlib.gui.viewer.container: ViewerContainer.__getattr__ retourne l'attribut <bound method Viewer.curselection of <taskcoachlib.gui.viewer.task.TaskViewer object at 0x7f260a5c62a0>> avec l'ancienne méthode !
2026-02-19 18:31:29,185 [INFO] taskcoachlib.gui.viewer.container: ViewerContainer.__getattr__ retourne l'attribut <bound method Viewer.curselection of <taskcoachlib.gui.viewer.task.TaskViewer object at 0x7f260a5c62a0>> avec l'ancienne méthode !
2026-02-19 18:31:29,185 [DEBUG] taskcoachlib.domain.base.object: CompositeObject.subject : retourne le sujet de Task id=27ccbecc-6084-11e5-9f59-f07bcb8b1707 : Travailler sur mon Livre sur Ma Façon de Mixer.
2026-02-19 18:31:29,186 [DEBUG] taskcoachlib.domain.base.object: CompositeObject.subject : retourne le sujet de Task id=27ccbecc-6084-11e5-9f59-f07bcb8b1707 : Travailler sur mon Livre sur Ma Façon de Mixer.
2026-02-19 18:31:29,187 [DEBUG] taskcoachlib.domain.base.object: CompositeObject.subject : retourne le sujet de Task id=27ccbecc-6084-11e5-9f59-f07bcb8b1707 : Travailler sur mon Livre sur Ma Façon de Mixer.
2026-02-19 18:31:29,191 [DEBUG] taskcoachlib.domain.base.object: CompositeObject.subject : retourne le sujet de Task id=27ccbecc-6084-11e5-9f59-f07bcb8b1707 : Travailler sur mon Livre sur Ma Façon de Mixer.
2026-02-19 18:31:29,192 [DEBUG] taskcoachlib.domain.base.object: CompositeObject.subject : retourne le sujet de Task id=27ccbecc-6084-11e5-9f59-f07bcb8b1707 : Travailler sur mon Livre sur Ma Façon de Mixer.
2026-02-19 18:31:30,171 [DEBUG] taskcoachlib.domain.task.task: Task.__setattr__ : utilise la méthode super avec name=_Task__computed_status et value=inactive.
2026-02-19 18:31:30,172 [DEBUG] taskcoachlib.domain.task.task: Task.__setattr__ : utilise la méthode super avec name=_Task__status_text et value=Inactive.
2026-02-19 18:31:30,172 [DEBUG] taskcoachlib.domain.task.task: Task.__setattr__ : utilise la méthode super avec name=_Task__status_icon et value=led_grey_icon.
2026-02-19 18:31:30,172 [DEBUG] taskcoachlib.domain.task.task: Task.__setattr__ : utilise la méthode super avec name=_Task__status_source et value=No actual start date.
2026-02-19 18:31:30,177 [DEBUG] taskcoachlib.domain.task.task: Task.__setattr__ : utilise la méthode super avec name=_Task__status et value=inactive.
2026-02-19 18:31:30,177 [INFO] taskcoachlib.gui.viewer.container: ViewerContainer.__getattr__ retourne l'attribut <bound method Viewer.curselection of <taskcoachlib.gui.viewer.task.TaskViewer object at 0x7f260a5c62a0>> avec l'ancienne méthode !
2026-02-19 18:31:30,178 [INFO] taskcoachlib.gui.viewer.container: ViewerContainer.__getattr__ retourne l'attribut <bound method Viewer.curselection of <taskcoachlib.gui.viewer.task.TaskViewer object at 0x7f260a5c62a0>> avec l'ancienne méthode !
2026-02-19 18:31:30,178 [INFO] taskcoachlib.gui.viewer.container: ViewerContainer.__getattr__ retourne l'attribut <bound method Viewer.curselection of <taskcoachlib.gui.viewer.task.TaskViewer object at 0x7f260a5c62a0>> avec l'ancienne méthode !
2026-02-19 18:31:30,178 [DEBUG] taskcoachlib.domain.base.object: CompositeObject.subject : retourne le sujet de Task id=27ccbecc-6084-11e5-9f59-f07bcb8b1707 : Travailler sur mon Livre sur Ma Façon de Mixer.
2026-02-19 18:31:30,180 [DEBUG] taskcoachlib.domain.base.object: CompositeObject.subject : retourne le sujet de Task id=27ccbecc-6084-11e5-9f59-f07bcb8b1707 : Travailler sur mon Livre sur Ma Façon de Mixer.
2026-02-19 18:31:30,181 [DEBUG] taskcoachlib.domain.base.object: CompositeObject.subject : retourne le sujet de Task id=27ccbecc-6084-11e5-9f59-f07bcb8b1707 : Travailler sur mon Livre sur Ma Façon de Mixer.
2026-02-19 18:31:30,182 [DEBUG] taskcoachlib.domain.base.object: CompositeObject.subject : retourne le sujet de Task id=27ccbecc-6084-11e5-9f59-f07bcb8b1707 : Travailler sur mon Livre sur Ma Façon de Mixer.
2026-02-19 18:31:30,184 [DEBUG] taskcoachlib.domain.base.object: CompositeObject.subject : retourne le sujet de Task id=27ccbecc-6084-11e5-9f59-f07bcb8b1707 : Travailler sur mon Livre sur Ma Façon de Mixer.
2026-02-19 18:31:31,172 [DEBUG] taskcoachlib.domain.task.task: Task.__setattr__ : utilise la méthode super avec name=_Task__computed_status et value=inactive.
2026-02-19 18:31:31,172 [DEBUG] taskcoachlib.domain.task.task: Task.__setattr__ : utilise la méthode super avec name=_Task__status_text et value=Inactive.
2026-02-19 18:31:31,172 [DEBUG] taskcoachlib.domain.task.task: Task.__setattr__ : utilise la méthode super avec name=_Task__status_icon et value=led_grey_icon.
2026-02-19 18:31:31,172 [DEBUG] taskcoachlib.domain.task.task: Task.__setattr__ : utilise la méthode super avec name=_Task__status_source et value=No actual start date.
2026-02-19 18:31:31,175 [DEBUG] taskcoachlib.domain.task.task: Task.__setattr__ : utilise la méthode super avec name=_Task__status et value=inactive.
2026-02-19 18:31:31,176 [INFO] taskcoachlib.gui.viewer.container: ViewerContainer.__getattr__ retourne l'attribut <bound method Viewer.curselection of <taskcoachlib.gui.viewer.task.TaskViewer object at 0x7f260a5c62a0>> avec l'ancienne méthode !
2026-02-19 18:31:31,176 [INFO] taskcoachlib.gui.viewer.container: ViewerContainer.__getattr__ retourne l'attribut <bound method Viewer.curselection of <taskcoachlib.gui.viewer.task.TaskViewer object at 0x7f260a5c62a0>> avec l'ancienne méthode !
2026-02-19 18:31:31,176 [INFO] taskcoachlib.gui.viewer.container: ViewerContainer.__getattr__ retourne l'attribut <bound method Viewer.curselection of <taskcoachlib.gui.viewer.task.TaskViewer object at 0x7f260a5c62a0>> avec l'ancienne méthode !
2026-02-19 18:31:31,176 [DEBUG] taskcoachlib.domain.base.object: CompositeObject.subject : retourne le sujet de Task id=27ccbecc-6084-11e5-9f59-f07bcb8b1707 : Travailler sur mon Livre sur Ma Façon de Mixer.
2026-02-19 18:31:31,177 [DEBUG] taskcoachlib.domain.base.object: CompositeObject.subject : retourne le sujet de Task id=27ccbecc-6084-11e5-9f59-f07bcb8b1707 : Travailler sur mon Livre sur Ma Façon de Mixer.
2026-02-19 18:31:31,177 [DEBUG] taskcoachlib.domain.base.object: CompositeObject.subject : retourne le sujet de Task id=27ccbecc-6084-11e5-9f59-f07bcb8b1707 : Travailler sur mon Livre sur Ma Façon de Mixer.
2026-02-19 18:31:31,178 [DEBUG] taskcoachlib.domain.base.object: CompositeObject.subject : retourne le sujet de Task id=27ccbecc-6084-11e5-9f59-f07bcb8b1707 : Travailler sur mon Livre sur Ma Façon de Mixer.
2026-02-19 18:31:31,178 [DEBUG] taskcoachlib.domain.base.object: CompositeObject.subject : retourne le sujet de Task id=27ccbecc-6084-11e5-9f59-f07bcb8b1707 : Travailler sur mon Livre sur Ma Façon de Mixer.
2026-02-19 18:31:32,172 [DEBUG] taskcoachlib.domain.task.task: Task.__setattr__ : utilise la méthode super avec name=_Task__computed_status et value=inactive.
2026-02-19 18:31:32,172 [DEBUG] taskcoachlib.domain.task.task: Task.__setattr__ : utilise la méthode super avec name=_Task__status_text et value=Inactive.
2026-02-19 18:31:32,172 [DEBUG] taskcoachlib.domain.task.task: Task.__setattr__ : utilise la méthode super avec name=_Task__status_icon et value=led_grey_icon.
2026-02-19 18:31:32,172 [DEBUG] taskcoachlib.domain.task.task: Task.__setattr__ : utilise la méthode super avec name=_Task__status_source et value=No actual start date.
2026-02-19 18:31:32,175 [DEBUG] taskcoachlib.domain.task.task: Task.__setattr__ : utilise la méthode super avec name=_Task__status et value=inactive.
2026-02-19 18:31:32,180 [INFO] taskcoachlib.gui.viewer.container: ViewerContainer.__getattr__ retourne l'attribut <bound method Viewer.curselection of <taskcoachlib.gui.viewer.task.TaskViewer object at 0x7f260a5c62a0>> avec l'ancienne méthode !
2026-02-19 18:31:32,180 [INFO] taskcoachlib.gui.viewer.container: ViewerContainer.__getattr__ retourne l'attribut <bound method Viewer.curselection of <taskcoachlib.gui.viewer.task.TaskViewer object at 0x7f260a5c62a0>> avec l'ancienne méthode !
2026-02-19 18:31:32,180 [INFO] taskcoachlib.gui.viewer.container: ViewerContainer.__getattr__ retourne l'attribut <bound method Viewer.curselection of <taskcoachlib.gui.viewer.task.TaskViewer object at 0x7f260a5c62a0>> avec l'ancienne méthode !
2026-02-19 18:31:32,181 [DEBUG] taskcoachlib.domain.base.object: CompositeObject.subject : retourne le sujet de Task id=27ccbecc-6084-11e5-9f59-f07bcb8b1707 : Travailler sur mon Livre sur Ma Façon de Mixer.
2026-02-19 18:31:32,181 [DEBUG] taskcoachlib.domain.base.object: CompositeObject.subject : retourne le sujet de Task id=27ccbecc-6084-11e5-9f59-f07bcb8b1707 : Travailler sur mon Livre sur Ma Façon de Mixer.
2026-02-19 18:31:32,182 [DEBUG] taskcoachlib.domain.base.object: CompositeObject.subject : retourne le sujet de Task id=27ccbecc-6084-11e5-9f59-f07bcb8b1707 : Travailler sur mon Livre sur Ma Façon de Mixer.
2026-02-19 18:31:32,182 [DEBUG] taskcoachlib.domain.base.object: CompositeObject.subject : retourne le sujet de Task id=27ccbecc-6084-11e5-9f59-f07bcb8b1707 : Travailler sur mon Livre sur Ma Façon de Mixer.
2026-02-19 18:31:32,183 [DEBUG] taskcoachlib.domain.base.object: CompositeObject.subject : retourne le sujet de Task id=27ccbecc-6084-11e5-9f59-f07bcb8b1707 : Travailler sur mon Livre sur Ma Façon de Mixer.
2026-02-19 18:31:33,172 [DEBUG] taskcoachlib.domain.task.task: Task.__setattr__ : utilise la méthode super avec name=_Task__computed_status et value=inactive.
2026-02-19 18:31:33,172 [DEBUG] taskcoachlib.domain.task.task: Task.__setattr__ : utilise la méthode super avec name=_Task__status_text et value=Inactive.
2026-02-19 18:31:33,173 [DEBUG] taskcoachlib.domain.task.task: Task.__setattr__ : utilise la méthode super avec name=_Task__status_icon et value=led_grey_icon.
2026-02-19 18:31:33,173 [DEBUG] taskcoachlib.domain.task.task: Task.__setattr__ : utilise la méthode super avec name=_Task__status_source et value=No actual start date.
2026-02-19 18:31:33,175 [DEBUG] taskcoachlib.domain.task.task: Task.__setattr__ : utilise la méthode super avec name=_Task__status et value=inactive.
2026-02-19 18:31:33,176 [INFO] taskcoachlib.gui.viewer.container: ViewerContainer.__getattr__ retourne l'attribut <bound method Viewer.curselection of <taskcoachlib.gui.viewer.task.TaskViewer object at 0x7f260a5c62a0>> avec l'ancienne méthode !
2026-02-19 18:31:33,176 [INFO] taskcoachlib.gui.viewer.container: ViewerContainer.__getattr__ retourne l'attribut <bound method Viewer.curselection of <taskcoachlib.gui.viewer.task.TaskViewer object at 0x7f260a5c62a0>> avec l'ancienne méthode !
2026-02-19 18:31:33,176 [INFO] taskcoachlib.gui.viewer.container: ViewerContainer.__getattr__ retourne l'attribut <bound method Viewer.curselection of <taskcoachlib.gui.viewer.task.TaskViewer object at 0x7f260a5c62a0>> avec l'ancienne méthode !
2026-02-19 18:31:33,176 [DEBUG] taskcoachlib.domain.base.object: CompositeObject.subject : retourne le sujet de Task id=27ccbecc-6084-11e5-9f59-f07bcb8b1707 : Travailler sur mon Livre sur Ma Façon de Mixer.
2026-02-19 18:31:33,177 [DEBUG] taskcoachlib.domain.base.object: CompositeObject.subject : retourne le sujet de Task id=27ccbecc-6084-11e5-9f59-f07bcb8b1707 : Travailler sur mon Livre sur Ma Façon de Mixer.
2026-02-19 18:31:33,177 [DEBUG] taskcoachlib.domain.base.object: CompositeObject.subject : retourne le sujet de Task id=27ccbecc-6084-11e5-9f59-f07bcb8b1707 : Travailler sur mon Livre sur Ma Façon de Mixer.
2026-02-19 18:31:33,178 [DEBUG] taskcoachlib.domain.base.object: CompositeObject.subject : retourne le sujet de Task id=27ccbecc-6084-11e5-9f59-f07bcb8b1707 : Travailler sur mon Livre sur Ma Façon de Mixer.
2026-02-19 18:31:33,178 [DEBUG] taskcoachlib.domain.base.object: CompositeObject.subject : retourne le sujet de Task id=27ccbecc-6084-11e5-9f59-f07bcb8b1707 : Travailler sur mon Livre sur Ma Façon de Mixer.
2026-02-19 18:31:34,173 [DEBUG] taskcoachlib.domain.task.task: Task.__setattr__ : utilise la méthode super avec name=_Task__computed_status et value=inactive.
2026-02-19 18:31:34,173 [DEBUG] taskcoachlib.domain.task.task: Task.__setattr__ : utilise la méthode super avec name=_Task__status_text et value=Inactive.
2026-02-19 18:31:34,173 [DEBUG] taskcoachlib.domain.task.task: Task.__setattr__ : utilise la méthode super avec name=_Task__status_icon et value=led_grey_icon.
2026-02-19 18:31:34,173 [DEBUG] taskcoachlib.domain.task.task: Task.__setattr__ : utilise la méthode super avec name=_Task__status_source et value=No actual start date.
2026-02-19 18:31:34,176 [DEBUG] taskcoachlib.domain.task.task: Task.__setattr__ : utilise la méthode super avec name=_Task__status et value=inactive.
2026-02-19 18:31:34,176 [INFO] taskcoachlib.gui.viewer.container: ViewerContainer.__getattr__ retourne l'attribut <bound method Viewer.curselection of <taskcoachlib.gui.viewer.task.TaskViewer object at 0x7f260a5c62a0>> avec l'ancienne méthode !
2026-02-19 18:31:34,177 [INFO] taskcoachlib.gui.viewer.container: ViewerContainer.__getattr__ retourne l'attribut <bound method Viewer.curselection of <taskcoachlib.gui.viewer.task.TaskViewer object at 0x7f260a5c62a0>> avec l'ancienne méthode !
2026-02-19 18:31:34,177 [INFO] taskcoachlib.gui.viewer.container: ViewerContainer.__getattr__ retourne l'attribut <bound method Viewer.curselection of <taskcoachlib.gui.viewer.task.TaskViewer object at 0x7f260a5c62a0>> avec l'ancienne méthode !
2026-02-19 18:31:34,177 [DEBUG] taskcoachlib.domain.base.object: CompositeObject.subject : retourne le sujet de Task id=27ccbecc-6084-11e5-9f59-f07bcb8b1707 : Travailler sur mon Livre sur Ma Façon de Mixer.
2026-02-19 18:31:34,177 [DEBUG] taskcoachlib.domain.base.object: CompositeObject.subject : retourne le sujet de Task id=27ccbecc-6084-11e5-9f59-f07bcb8b1707 : Travailler sur mon Livre sur Ma Façon de Mixer.
2026-02-19 18:31:34,178 [DEBUG] taskcoachlib.domain.base.object: CompositeObject.subject : retourne le sujet de Task id=27ccbecc-6084-11e5-9f59-f07bcb8b1707 : Travailler sur mon Livre sur Ma Façon de Mixer.
2026-02-19 18:31:34,179 [DEBUG] taskcoachlib.domain.base.object: CompositeObject.subject : retourne le sujet de Task id=27ccbecc-6084-11e5-9f59-f07bcb8b1707 : Travailler sur mon Livre sur Ma Façon de Mixer.
2026-02-19 18:31:34,179 [DEBUG] taskcoachlib.domain.base.object: CompositeObject.subject : retourne le sujet de Task id=27ccbecc-6084-11e5-9f59-f07bcb8b1707 : Travailler sur mon Livre sur Ma Façon de Mixer.
2026-02-19 18:31:35,173 [DEBUG] taskcoachlib.domain.task.task: Task.__setattr__ : utilise la méthode super avec name=_Task__computed_status et value=inactive.
2026-02-19 18:31:35,174 [DEBUG] taskcoachlib.domain.task.task: Task.__setattr__ : utilise la méthode super avec name=_Task__status_text et value=Inactive.
2026-02-19 18:31:35,174 [DEBUG] taskcoachlib.domain.task.task: Task.__setattr__ : utilise la méthode super avec name=_Task__status_icon et value=led_grey_icon.
2026-02-19 18:31:35,174 [DEBUG] taskcoachlib.domain.task.task: Task.__setattr__ : utilise la méthode super avec name=_Task__status_source et value=No actual start date.
2026-02-19 18:31:35,179 [DEBUG] taskcoachlib.domain.task.task: Task.__setattr__ : utilise la méthode super avec name=_Task__status et value=inactive.
2026-02-19 18:31:35,179 [INFO] taskcoachlib.gui.viewer.container: ViewerContainer.__getattr__ retourne l'attribut <bound method Viewer.curselection of <taskcoachlib.gui.viewer.task.TaskViewer object at 0x7f260a5c62a0>> avec l'ancienne méthode !
2026-02-19 18:31:35,179 [INFO] taskcoachlib.gui.viewer.container: ViewerContainer.__getattr__ retourne l'attribut <bound method Viewer.curselection of <taskcoachlib.gui.viewer.task.TaskViewer object at 0x7f260a5c62a0>> avec l'ancienne méthode !
2026-02-19 18:31:35,179 [INFO] taskcoachlib.gui.viewer.container: ViewerContainer.__getattr__ retourne l'attribut <bound method Viewer.curselection of <taskcoachlib.gui.viewer.task.TaskViewer object at 0x7f260a5c62a0>> avec l'ancienne méthode !
2026-02-19 18:31:35,180 [DEBUG] taskcoachlib.domain.base.object: CompositeObject.subject : retourne le sujet de Task id=27ccbecc-6084-11e5-9f59-f07bcb8b1707 : Travailler sur mon Livre sur Ma Façon de Mixer.
2026-02-19 18:31:35,181 [DEBUG] taskcoachlib.domain.base.object: CompositeObject.subject : retourne le sujet de Task id=27ccbecc-6084-11e5-9f59-f07bcb8b1707 : Travailler sur mon Livre sur Ma Façon de Mixer.
2026-02-19 18:31:35,181 [DEBUG] taskcoachlib.domain.base.object: CompositeObject.subject : retourne le sujet de Task id=27ccbecc-6084-11e5-9f59-f07bcb8b1707 : Travailler sur mon Livre sur Ma Façon de Mixer.
2026-02-19 18:31:35,182 [DEBUG] taskcoachlib.domain.base.object: CompositeObject.subject : retourne le sujet de Task id=27ccbecc-6084-11e5-9f59-f07bcb8b1707 : Travailler sur mon Livre sur Ma Façon de Mixer.
2026-02-19 18:31:35,183 [DEBUG] taskcoachlib.domain.base.object: CompositeObject.subject : retourne le sujet de Task id=27ccbecc-6084-11e5-9f59-f07bcb8b1707 : Travailler sur mon Livre sur Ma Façon de Mixer.
2026-02-19 18:31:36,174 [DEBUG] taskcoachlib.domain.task.task: Task.__setattr__ : utilise la méthode super avec name=_Task__computed_status et value=inactive.
2026-02-19 18:31:36,174 [DEBUG] taskcoachlib.domain.task.task: Task.__setattr__ : utilise la méthode super avec name=_Task__status_text et value=Inactive.
2026-02-19 18:31:36,175 [DEBUG] taskcoachlib.domain.task.task: Task.__setattr__ : utilise la méthode super avec name=_Task__status_icon et value=led_grey_icon.
2026-02-19 18:31:36,175 [DEBUG] taskcoachlib.domain.task.task: Task.__setattr__ : utilise la méthode super avec name=_Task__status_source et value=No actual start date.
2026-02-19 18:31:36,181 [DEBUG] taskcoachlib.domain.task.task: Task.__setattr__ : utilise la méthode super avec name=_Task__status et value=inactive.
2026-02-19 18:31:36,181 [INFO] taskcoachlib.gui.viewer.container: ViewerContainer.__getattr__ retourne l'attribut <bound method Viewer.curselection of <taskcoachlib.gui.viewer.task.TaskViewer object at 0x7f260a5c62a0>> avec l'ancienne méthode !
2026-02-19 18:31:36,181 [INFO] taskcoachlib.gui.viewer.container: ViewerContainer.__getattr__ retourne l'attribut <bound method Viewer.curselection of <taskcoachlib.gui.viewer.task.TaskViewer object at 0x7f260a5c62a0>> avec l'ancienne méthode !
2026-02-19 18:31:36,181 [INFO] taskcoachlib.gui.viewer.container: ViewerContainer.__getattr__ retourne l'attribut <bound method Viewer.curselection of <taskcoachlib.gui.viewer.task.TaskViewer object at 0x7f260a5c62a0>> avec l'ancienne méthode !
2026-02-19 18:31:36,182 [DEBUG] taskcoachlib.domain.base.object: CompositeObject.subject : retourne le sujet de Task id=27ccbecc-6084-11e5-9f59-f07bcb8b1707 : Travailler sur mon Livre sur Ma Façon de Mixer.
2026-02-19 18:31:36,183 [DEBUG] taskcoachlib.domain.base.object: CompositeObject.subject : retourne le sujet de Task id=27ccbecc-6084-11e5-9f59-f07bcb8b1707 : Travailler sur mon Livre sur Ma Façon de Mixer.
2026-02-19 18:31:36,184 [DEBUG] taskcoachlib.domain.base.object: CompositeObject.subject : retourne le sujet de Task id=27ccbecc-6084-11e5-9f59-f07bcb8b1707 : Travailler sur mon Livre sur Ma Façon de Mixer.
2026-02-19 18:31:36,184 [DEBUG] taskcoachlib.domain.base.object: CompositeObject.subject : retourne le sujet de Task id=27ccbecc-6084-11e5-9f59-f07bcb8b1707 : Travailler sur mon Livre sur Ma Façon de Mixer.
2026-02-19 18:31:36,185 [DEBUG] taskcoachlib.domain.base.object: CompositeObject.subject : retourne le sujet de Task id=27ccbecc-6084-11e5-9f59-f07bcb8b1707 : Travailler sur mon Livre sur Ma Façon de Mixer.
2026-02-19 18:31:37,174 [DEBUG] taskcoachlib.domain.task.task: Task.__setattr__ : utilise la méthode super avec name=_Task__computed_status et value=inactive.
2026-02-19 18:31:37,174 [DEBUG] taskcoachlib.domain.task.task: Task.__setattr__ : utilise la méthode super avec name=_Task__status_text et value=Inactive.
2026-02-19 18:31:37,174 [DEBUG] taskcoachlib.domain.task.task: Task.__setattr__ : utilise la méthode super avec name=_Task__status_icon et value=led_grey_icon.
2026-02-19 18:31:37,174 [DEBUG] taskcoachlib.domain.task.task: Task.__setattr__ : utilise la méthode super avec name=_Task__status_source et value=No actual start date.
2026-02-19 18:31:37,177 [DEBUG] taskcoachlib.domain.task.task: Task.__setattr__ : utilise la méthode super avec name=_Task__status et value=inactive.
2026-02-19 18:31:37,177 [INFO] taskcoachlib.gui.viewer.container: ViewerContainer.__getattr__ retourne l'attribut <bound method Viewer.curselection of <taskcoachlib.gui.viewer.task.TaskViewer object at 0x7f260a5c62a0>> avec l'ancienne méthode !
2026-02-19 18:31:37,178 [INFO] taskcoachlib.gui.viewer.container: ViewerContainer.__getattr__ retourne l'attribut <bound method Viewer.curselection of <taskcoachlib.gui.viewer.task.TaskViewer object at 0x7f260a5c62a0>> avec l'ancienne méthode !
2026-02-19 18:31:37,185 [INFO] taskcoachlib.gui.viewer.container: ViewerContainer.__getattr__ retourne l'attribut <bound method Viewer.curselection of <taskcoachlib.gui.viewer.task.TaskViewer object at 0x7f260a5c62a0>> avec l'ancienne méthode !
2026-02-19 18:31:37,185 [DEBUG] taskcoachlib.domain.base.object: CompositeObject.subject : retourne le sujet de Task id=27ccbecc-6084-11e5-9f59-f07bcb8b1707 : Travailler sur mon Livre sur Ma Façon de Mixer.
2026-02-19 18:31:37,186 [DEBUG] taskcoachlib.domain.base.object: CompositeObject.subject : retourne le sujet de Task id=27ccbecc-6084-11e5-9f59-f07bcb8b1707 : Travailler sur mon Livre sur Ma Façon de Mixer.
2026-02-19 18:31:37,187 [DEBUG] taskcoachlib.domain.base.object: CompositeObject.subject : retourne le sujet de Task id=27ccbecc-6084-11e5-9f59-f07bcb8b1707 : Travailler sur mon Livre sur Ma Façon de Mixer.
2026-02-19 18:31:37,187 [DEBUG] taskcoachlib.domain.base.object: CompositeObject.subject : retourne le sujet de Task id=27ccbecc-6084-11e5-9f59-f07bcb8b1707 : Travailler sur mon Livre sur Ma Façon de Mixer.
2026-02-19 18:31:37,188 [DEBUG] taskcoachlib.domain.base.object: CompositeObject.subject : retourne le sujet de Task id=27ccbecc-6084-11e5-9f59-f07bcb8b1707 : Travailler sur mon Livre sur Ma Façon de Mixer.
2026-02-19 18:31:38,174 [DEBUG] taskcoachlib.domain.task.task: Task.__setattr__ : utilise la méthode super avec name=_Task__computed_status et value=inactive.
2026-02-19 18:31:38,175 [DEBUG] taskcoachlib.domain.task.task: Task.__setattr__ : utilise la méthode super avec name=_Task__status_text et value=Inactive.
2026-02-19 18:31:38,175 [DEBUG] taskcoachlib.domain.task.task: Task.__setattr__ : utilise la méthode super avec name=_Task__status_icon et value=led_grey_icon.
2026-02-19 18:31:38,175 [DEBUG] taskcoachlib.domain.task.task: Task.__setattr__ : utilise la méthode super avec name=_Task__status_source et value=No actual start date.
2026-02-19 18:31:38,183 [DEBUG] taskcoachlib.domain.task.task: Task.__setattr__ : utilise la méthode super avec name=_Task__status et value=inactive.
2026-02-19 18:31:38,184 [INFO] taskcoachlib.gui.viewer.container: ViewerContainer.__getattr__ retourne l'attribut <bound method Viewer.curselection of <taskcoachlib.gui.viewer.task.TaskViewer object at 0x7f260a5c62a0>> avec l'ancienne méthode !
2026-02-19 18:31:38,184 [INFO] taskcoachlib.gui.viewer.container: ViewerContainer.__getattr__ retourne l'attribut <bound method Viewer.curselection of <taskcoachlib.gui.viewer.task.TaskViewer object at 0x7f260a5c62a0>> avec l'ancienne méthode !
2026-02-19 18:31:38,185 [INFO] taskcoachlib.gui.viewer.container: ViewerContainer.__getattr__ retourne l'attribut <bound method Viewer.curselection of <taskcoachlib.gui.viewer.task.TaskViewer object at 0x7f260a5c62a0>> avec l'ancienne méthode !
2026-02-19 18:31:38,185 [DEBUG] taskcoachlib.domain.base.object: CompositeObject.subject : retourne le sujet de Task id=27ccbecc-6084-11e5-9f59-f07bcb8b1707 : Travailler sur mon Livre sur Ma Façon de Mixer.
2026-02-19 18:31:38,188 [DEBUG] taskcoachlib.domain.base.object: CompositeObject.subject : retourne le sujet de Task id=27ccbecc-6084-11e5-9f59-f07bcb8b1707 : Travailler sur mon Livre sur Ma Façon de Mixer.
2026-02-19 18:31:38,189 [DEBUG] taskcoachlib.domain.base.object: CompositeObject.subject : retourne le sujet de Task id=27ccbecc-6084-11e5-9f59-f07bcb8b1707 : Travailler sur mon Livre sur Ma Façon de Mixer.
2026-02-19 18:31:38,190 [DEBUG] taskcoachlib.domain.base.object: CompositeObject.subject : retourne le sujet de Task id=27ccbecc-6084-11e5-9f59-f07bcb8b1707 : Travailler sur mon Livre sur Ma Façon de Mixer.
2026-02-19 18:31:38,192 [DEBUG] taskcoachlib.domain.base.object: CompositeObject.subject : retourne le sujet de Task id=27ccbecc-6084-11e5-9f59-f07bcb8b1707 : Travailler sur mon Livre sur Ma Façon de Mixer.
2026-02-19 18:31:39,175 [DEBUG] taskcoachlib.domain.task.task: Task.__setattr__ : utilise la méthode super avec name=_Task__computed_status et value=inactive.
2026-02-19 18:31:39,175 [DEBUG] taskcoachlib.domain.task.task: Task.__setattr__ : utilise la méthode super avec name=_Task__status_text et value=Inactive.
2026-02-19 18:31:39,175 [DEBUG] taskcoachlib.domain.task.task: Task.__setattr__ : utilise la méthode super avec name=_Task__status_icon et value=led_grey_icon.
2026-02-19 18:31:39,175 [DEBUG] taskcoachlib.domain.task.task: Task.__setattr__ : utilise la méthode super avec name=_Task__status_source et value=No actual start date.
2026-02-19 18:31:39,179 [DEBUG] taskcoachlib.domain.task.task: Task.__setattr__ : utilise la méthode super avec name=_Task__status et value=inactive.
2026-02-19 18:31:39,180 [INFO] taskcoachlib.gui.viewer.container: ViewerContainer.__getattr__ retourne l'attribut <bound method Viewer.curselection of <taskcoachlib.gui.viewer.task.TaskViewer object at 0x7f260a5c62a0>> avec l'ancienne méthode !
2026-02-19 18:31:39,180 [INFO] taskcoachlib.gui.viewer.container: ViewerContainer.__getattr__ retourne l'attribut <bound method Viewer.curselection of <taskcoachlib.gui.viewer.task.TaskViewer object at 0x7f260a5c62a0>> avec l'ancienne méthode !
2026-02-19 18:31:39,180 [INFO] taskcoachlib.gui.viewer.container: ViewerContainer.__getattr__ retourne l'attribut <bound method Viewer.curselection of <taskcoachlib.gui.viewer.task.TaskViewer object at 0x7f260a5c62a0>> avec l'ancienne méthode !
2026-02-19 18:31:39,180 [DEBUG] taskcoachlib.domain.base.object: CompositeObject.subject : retourne le sujet de Task id=27ccbecc-6084-11e5-9f59-f07bcb8b1707 : Travailler sur mon Livre sur Ma Façon de Mixer.
2026-02-19 18:31:39,182 [DEBUG] taskcoachlib.domain.base.object: CompositeObject.subject : retourne le sujet de Task id=27ccbecc-6084-11e5-9f59-f07bcb8b1707 : Travailler sur mon Livre sur Ma Façon de Mixer.
2026-02-19 18:31:39,183 [DEBUG] taskcoachlib.domain.base.object: CompositeObject.subject : retourne le sujet de Task id=27ccbecc-6084-11e5-9f59-f07bcb8b1707 : Travailler sur mon Livre sur Ma Façon de Mixer.
2026-02-19 18:31:39,184 [DEBUG] taskcoachlib.domain.base.object: CompositeObject.subject : retourne le sujet de Task id=27ccbecc-6084-11e5-9f59-f07bcb8b1707 : Travailler sur mon Livre sur Ma Façon de Mixer.
2026-02-19 18:31:39,185 [DEBUG] taskcoachlib.domain.base.object: CompositeObject.subject : retourne le sujet de Task id=27ccbecc-6084-11e5-9f59-f07bcb8b1707 : Travailler sur mon Livre sur Ma Façon de Mixer.
2026-02-19 18:31:40,175 [DEBUG] taskcoachlib.domain.task.task: Task.__setattr__ : utilise la méthode super avec name=_Task__computed_status et value=inactive.
2026-02-19 18:31:40,175 [DEBUG] taskcoachlib.domain.task.task: Task.__setattr__ : utilise la méthode super avec name=_Task__status_text et value=Inactive.
2026-02-19 18:31:40,175 [DEBUG] taskcoachlib.domain.task.task: Task.__setattr__ : utilise la méthode super avec name=_Task__status_icon et value=led_grey_icon.
2026-02-19 18:31:40,176 [DEBUG] taskcoachlib.domain.task.task: Task.__setattr__ : utilise la méthode super avec name=_Task__status_source et value=No actual start date.
2026-02-19 18:31:40,179 [DEBUG] taskcoachlib.domain.task.task: Task.__setattr__ : utilise la méthode super avec name=_Task__status et value=inactive.
2026-02-19 18:31:40,180 [INFO] taskcoachlib.gui.viewer.container: ViewerContainer.__getattr__ retourne l'attribut <bound method Viewer.curselection of <taskcoachlib.gui.viewer.task.TaskViewer object at 0x7f260a5c62a0>> avec l'ancienne méthode !
2026-02-19 18:31:40,180 [INFO] taskcoachlib.gui.viewer.container: ViewerContainer.__getattr__ retourne l'attribut <bound method Viewer.curselection of <taskcoachlib.gui.viewer.task.TaskViewer object at 0x7f260a5c62a0>> avec l'ancienne méthode !
2026-02-19 18:31:40,180 [INFO] taskcoachlib.gui.viewer.container: ViewerContainer.__getattr__ retourne l'attribut <bound method Viewer.curselection of <taskcoachlib.gui.viewer.task.TaskViewer object at 0x7f260a5c62a0>> avec l'ancienne méthode !
2026-02-19 18:31:40,180 [DEBUG] taskcoachlib.domain.base.object: CompositeObject.subject : retourne le sujet de Task id=27ccbecc-6084-11e5-9f59-f07bcb8b1707 : Travailler sur mon Livre sur Ma Façon de Mixer.
2026-02-19 18:31:40,181 [DEBUG] taskcoachlib.domain.base.object: CompositeObject.subject : retourne le sujet de Task id=27ccbecc-6084-11e5-9f59-f07bcb8b1707 : Travailler sur mon Livre sur Ma Façon de Mixer.
2026-02-19 18:31:40,182 [DEBUG] taskcoachlib.domain.base.object: CompositeObject.subject : retourne le sujet de Task id=27ccbecc-6084-11e5-9f59-f07bcb8b1707 : Travailler sur mon Livre sur Ma Façon de Mixer.
2026-02-19 18:31:40,183 [DEBUG] taskcoachlib.domain.base.object: CompositeObject.subject : retourne le sujet de Task id=27ccbecc-6084-11e5-9f59-f07bcb8b1707 : Travailler sur mon Livre sur Ma Façon de Mixer.
2026-02-19 18:31:40,184 [DEBUG] taskcoachlib.domain.base.object: CompositeObject.subject : retourne le sujet de Task id=27ccbecc-6084-11e5-9f59-f07bcb8b1707 : Travailler sur mon Livre sur Ma Façon de Mixer.
2026-02-19 18:31:41,176 [DEBUG] taskcoachlib.domain.task.task: Task.__setattr__ : utilise la méthode super avec name=_Task__computed_status et value=inactive.
2026-02-19 18:31:41,176 [DEBUG] taskcoachlib.domain.task.task: Task.__setattr__ : utilise la méthode super avec name=_Task__status_text et value=Inactive.
2026-02-19 18:31:41,176 [DEBUG] taskcoachlib.domain.task.task: Task.__setattr__ : utilise la méthode super avec name=_Task__status_icon et value=led_grey_icon.
2026-02-19 18:31:41,176 [DEBUG] taskcoachlib.domain.task.task: Task.__setattr__ : utilise la méthode super avec name=_Task__status_source et value=No actual start date.
2026-02-19 18:31:41,184 [DEBUG] taskcoachlib.domain.task.task: Task.__setattr__ : utilise la méthode super avec name=_Task__status et value=inactive.
2026-02-19 18:31:41,184 [INFO] taskcoachlib.gui.viewer.container: ViewerContainer.__getattr__ retourne l'attribut <bound method Viewer.curselection of <taskcoachlib.gui.viewer.task.TaskViewer object at 0x7f260a5c62a0>> avec l'ancienne méthode !
2026-02-19 18:31:41,185 [INFO] taskcoachlib.gui.viewer.container: ViewerContainer.__getattr__ retourne l'attribut <bound method Viewer.curselection of <taskcoachlib.gui.viewer.task.TaskViewer object at 0x7f260a5c62a0>> avec l'ancienne méthode !
2026-02-19 18:31:41,185 [INFO] taskcoachlib.gui.viewer.container: ViewerContainer.__getattr__ retourne l'attribut <bound method Viewer.curselection of <taskcoachlib.gui.viewer.task.TaskViewer object at 0x7f260a5c62a0>> avec l'ancienne méthode !
2026-02-19 18:31:41,186 [DEBUG] taskcoachlib.domain.base.object: CompositeObject.subject : retourne le sujet de Task id=27ccbecc-6084-11e5-9f59-f07bcb8b1707 : Travailler sur mon Livre sur Ma Façon de Mixer.
2026-02-19 18:31:41,188 [DEBUG] taskcoachlib.domain.base.object: CompositeObject.subject : retourne le sujet de Task id=27ccbecc-6084-11e5-9f59-f07bcb8b1707 : Travailler sur mon Livre sur Ma Façon de Mixer.
2026-02-19 18:31:41,190 [DEBUG] taskcoachlib.domain.base.object: CompositeObject.subject : retourne le sujet de Task id=27ccbecc-6084-11e5-9f59-f07bcb8b1707 : Travailler sur mon Livre sur Ma Façon de Mixer.
2026-02-19 18:31:41,191 [DEBUG] taskcoachlib.domain.base.object: CompositeObject.subject : retourne le sujet de Task id=27ccbecc-6084-11e5-9f59-f07bcb8b1707 : Travailler sur mon Livre sur Ma Façon de Mixer.
2026-02-19 18:31:41,193 [DEBUG] taskcoachlib.domain.base.object: CompositeObject.subject : retourne le sujet de Task id=27ccbecc-6084-11e5-9f59-f07bcb8b1707 : Travailler sur mon Livre sur Ma Façon de Mixer.
2026-02-19 18:31:42,175 [DEBUG] taskcoachlib.domain.task.task: Task.__setattr__ : utilise la méthode super avec name=_Task__computed_status et value=inactive.
2026-02-19 18:31:42,176 [DEBUG] taskcoachlib.domain.task.task: Task.__setattr__ : utilise la méthode super avec name=_Task__status_text et value=Inactive.
2026-02-19 18:31:42,176 [DEBUG] taskcoachlib.domain.task.task: Task.__setattr__ : utilise la méthode super avec name=_Task__status_icon et value=led_grey_icon.
2026-02-19 18:31:42,176 [DEBUG] taskcoachlib.domain.task.task: Task.__setattr__ : utilise la méthode super avec name=_Task__status_source et value=No actual start date.
2026-02-19 18:31:42,179 [DEBUG] taskcoachlib.domain.task.task: Task.__setattr__ : utilise la méthode super avec name=_Task__status et value=inactive.
2026-02-19 18:31:42,179 [INFO] taskcoachlib.gui.viewer.container: ViewerContainer.__getattr__ retourne l'attribut <bound method Viewer.curselection of <taskcoachlib.gui.viewer.task.TaskViewer object at 0x7f260a5c62a0>> avec l'ancienne méthode !
2026-02-19 18:31:42,179 [INFO] taskcoachlib.gui.viewer.container: ViewerContainer.__getattr__ retourne l'attribut <bound method Viewer.curselection of <taskcoachlib.gui.viewer.task.TaskViewer object at 0x7f260a5c62a0>> avec l'ancienne méthode !
2026-02-19 18:31:42,179 [INFO] taskcoachlib.gui.viewer.container: ViewerContainer.__getattr__ retourne l'attribut <bound method Viewer.curselection of <taskcoachlib.gui.viewer.task.TaskViewer object at 0x7f260a5c62a0>> avec l'ancienne méthode !
2026-02-19 18:31:42,179 [DEBUG] taskcoachlib.domain.base.object: CompositeObject.subject : retourne le sujet de Task id=27ccbecc-6084-11e5-9f59-f07bcb8b1707 : Travailler sur mon Livre sur Ma Façon de Mixer.
2026-02-19 18:31:42,180 [DEBUG] taskcoachlib.domain.base.object: CompositeObject.subject : retourne le sujet de Task id=27ccbecc-6084-11e5-9f59-f07bcb8b1707 : Travailler sur mon Livre sur Ma Façon de Mixer.
2026-02-19 18:31:42,188 [DEBUG] taskcoachlib.domain.base.object: CompositeObject.subject : retourne le sujet de Task id=27ccbecc-6084-11e5-9f59-f07bcb8b1707 : Travailler sur mon Livre sur Ma Façon de Mixer.
2026-02-19 18:31:42,189 [DEBUG] taskcoachlib.domain.base.object: CompositeObject.subject : retourne le sujet de Task id=27ccbecc-6084-11e5-9f59-f07bcb8b1707 : Travailler sur mon Livre sur Ma Façon de Mixer.
2026-02-19 18:31:42,190 [DEBUG] taskcoachlib.domain.base.object: CompositeObject.subject : retourne le sujet de Task id=27ccbecc-6084-11e5-9f59-f07bcb8b1707 : Travailler sur mon Livre sur Ma Façon de Mixer.
2026-02-19 18:31:43,176 [DEBUG] taskcoachlib.domain.task.task: Task.__setattr__ : utilise la méthode super avec name=_Task__computed_status et value=inactive.
2026-02-19 18:31:43,176 [DEBUG] taskcoachlib.domain.task.task: Task.__setattr__ : utilise la méthode super avec name=_Task__status_text et value=Inactive.
2026-02-19 18:31:43,176 [DEBUG] taskcoachlib.domain.task.task: Task.__setattr__ : utilise la méthode super avec name=_Task__status_icon et value=led_grey_icon.
2026-02-19 18:31:43,176 [DEBUG] taskcoachlib.domain.task.task: Task.__setattr__ : utilise la méthode super avec name=_Task__status_source et value=No actual start date.
2026-02-19 18:31:43,180 [DEBUG] taskcoachlib.domain.task.task: Task.__setattr__ : utilise la méthode super avec name=_Task__status et value=inactive.
2026-02-19 18:31:43,180 [INFO] taskcoachlib.gui.viewer.container: ViewerContainer.__getattr__ retourne l'attribut <bound method Viewer.curselection of <taskcoachlib.gui.viewer.task.TaskViewer object at 0x7f260a5c62a0>> avec l'ancienne méthode !
2026-02-19 18:31:43,181 [INFO] taskcoachlib.gui.viewer.container: ViewerContainer.__getattr__ retourne l'attribut <bound method Viewer.curselection of <taskcoachlib.gui.viewer.task.TaskViewer object at 0x7f260a5c62a0>> avec l'ancienne méthode !
2026-02-19 18:31:43,181 [INFO] taskcoachlib.gui.viewer.container: ViewerContainer.__getattr__ retourne l'attribut <bound method Viewer.curselection of <taskcoachlib.gui.viewer.task.TaskViewer object at 0x7f260a5c62a0>> avec l'ancienne méthode !
2026-02-19 18:31:43,181 [DEBUG] taskcoachlib.domain.base.object: CompositeObject.subject : retourne le sujet de Task id=27ccbecc-6084-11e5-9f59-f07bcb8b1707 : Travailler sur mon Livre sur Ma Façon de Mixer.
2026-02-19 18:31:43,182 [DEBUG] taskcoachlib.domain.base.object: CompositeObject.subject : retourne le sujet de Task id=27ccbecc-6084-11e5-9f59-f07bcb8b1707 : Travailler sur mon Livre sur Ma Façon de Mixer.
2026-02-19 18:31:43,184 [DEBUG] taskcoachlib.domain.base.object: CompositeObject.subject : retourne le sujet de Task id=27ccbecc-6084-11e5-9f59-f07bcb8b1707 : Travailler sur mon Livre sur Ma Façon de Mixer.
2026-02-19 18:31:43,185 [DEBUG] taskcoachlib.domain.base.object: CompositeObject.subject : retourne le sujet de Task id=27ccbecc-6084-11e5-9f59-f07bcb8b1707 : Travailler sur mon Livre sur Ma Façon de Mixer.
2026-02-19 18:31:43,186 [DEBUG] taskcoachlib.domain.base.object: CompositeObject.subject : retourne le sujet de Task id=27ccbecc-6084-11e5-9f59-f07bcb8b1707 : Travailler sur mon Livre sur Ma Façon de Mixer.
2026-02-19 18:31:44,177 [DEBUG] taskcoachlib.domain.task.task: Task.__setattr__ : utilise la méthode super avec name=_Task__computed_status et value=inactive.
2026-02-19 18:31:44,177 [DEBUG] taskcoachlib.domain.task.task: Task.__setattr__ : utilise la méthode super avec name=_Task__status_text et value=Inactive.
2026-02-19 18:31:44,177 [DEBUG] taskcoachlib.domain.task.task: Task.__setattr__ : utilise la méthode super avec name=_Task__status_icon et value=led_grey_icon.
2026-02-19 18:31:44,177 [DEBUG] taskcoachlib.domain.task.task: Task.__setattr__ : utilise la méthode super avec name=_Task__status_source et value=No actual start date.
2026-02-19 18:31:44,186 [DEBUG] taskcoachlib.domain.task.task: Task.__setattr__ : utilise la méthode super avec name=_Task__status et value=inactive.
2026-02-19 18:31:44,186 [INFO] taskcoachlib.gui.viewer.container: ViewerContainer.__getattr__ retourne l'attribut <bound method Viewer.curselection of <taskcoachlib.gui.viewer.task.TaskViewer object at 0x7f260a5c62a0>> avec l'ancienne méthode !
2026-02-19 18:31:44,187 [INFO] taskcoachlib.gui.viewer.container: ViewerContainer.__getattr__ retourne l'attribut <bound method Viewer.curselection of <taskcoachlib.gui.viewer.task.TaskViewer object at 0x7f260a5c62a0>> avec l'ancienne méthode !
2026-02-19 18:31:44,187 [INFO] taskcoachlib.gui.viewer.container: ViewerContainer.__getattr__ retourne l'attribut <bound method Viewer.curselection of <taskcoachlib.gui.viewer.task.TaskViewer object at 0x7f260a5c62a0>> avec l'ancienne méthode !
2026-02-19 18:31:44,187 [DEBUG] taskcoachlib.domain.base.object: CompositeObject.subject : retourne le sujet de Task id=27ccbecc-6084-11e5-9f59-f07bcb8b1707 : Travailler sur mon Livre sur Ma Façon de Mixer.
2026-02-19 18:31:44,189 [DEBUG] taskcoachlib.domain.base.object: CompositeObject.subject : retourne le sujet de Task id=27ccbecc-6084-11e5-9f59-f07bcb8b1707 : Travailler sur mon Livre sur Ma Façon de Mixer.
2026-02-19 18:31:44,191 [DEBUG] taskcoachlib.domain.base.object: CompositeObject.subject : retourne le sujet de Task id=27ccbecc-6084-11e5-9f59-f07bcb8b1707 : Travailler sur mon Livre sur Ma Façon de Mixer.
2026-02-19 18:31:44,193 [DEBUG] taskcoachlib.domain.base.object: CompositeObject.subject : retourne le sujet de Task id=27ccbecc-6084-11e5-9f59-f07bcb8b1707 : Travailler sur mon Livre sur Ma Façon de Mixer.
2026-02-19 18:31:44,195 [DEBUG] taskcoachlib.domain.base.object: CompositeObject.subject : retourne le sujet de Task id=27ccbecc-6084-11e5-9f59-f07bcb8b1707 : Travailler sur mon Livre sur Ma Façon de Mixer.
2026-02-19 18:31:45,177 [DEBUG] taskcoachlib.domain.task.task: Task.__setattr__ : utilise la méthode super avec name=_Task__computed_status et value=inactive.
2026-02-19 18:31:45,177 [DEBUG] taskcoachlib.domain.task.task: Task.__setattr__ : utilise la méthode super avec name=_Task__status_text et value=Inactive.
2026-02-19 18:31:45,177 [DEBUG] taskcoachlib.domain.task.task: Task.__setattr__ : utilise la méthode super avec name=_Task__status_icon et value=led_grey_icon.
2026-02-19 18:31:45,177 [DEBUG] taskcoachlib.domain.task.task: Task.__setattr__ : utilise la méthode super avec name=_Task__status_source et value=No actual start date.
2026-02-19 18:31:45,180 [DEBUG] taskcoachlib.domain.task.task: Task.__setattr__ : utilise la méthode super avec name=_Task__status et value=inactive.
2026-02-19 18:31:45,181 [INFO] taskcoachlib.gui.viewer.container: ViewerContainer.__getattr__ retourne l'attribut <bound method Viewer.curselection of <taskcoachlib.gui.viewer.task.TaskViewer object at 0x7f260a5c62a0>> avec l'ancienne méthode !
2026-02-19 18:31:45,181 [INFO] taskcoachlib.gui.viewer.container: ViewerContainer.__getattr__ retourne l'attribut <bound method Viewer.curselection of <taskcoachlib.gui.viewer.task.TaskViewer object at 0x7f260a5c62a0>> avec l'ancienne méthode !
2026-02-19 18:31:45,181 [INFO] taskcoachlib.gui.viewer.container: ViewerContainer.__getattr__ retourne l'attribut <bound method Viewer.curselection of <taskcoachlib.gui.viewer.task.TaskViewer object at 0x7f260a5c62a0>> avec l'ancienne méthode !
2026-02-19 18:31:45,181 [DEBUG] taskcoachlib.domain.base.object: CompositeObject.subject : retourne le sujet de Task id=27ccbecc-6084-11e5-9f59-f07bcb8b1707 : Travailler sur mon Livre sur Ma Façon de Mixer.
2026-02-19 18:31:45,182 [DEBUG] taskcoachlib.domain.base.object: CompositeObject.subject : retourne le sujet de Task id=27ccbecc-6084-11e5-9f59-f07bcb8b1707 : Travailler sur mon Livre sur Ma Façon de Mixer.
2026-02-19 18:31:45,182 [DEBUG] taskcoachlib.domain.base.object: CompositeObject.subject : retourne le sujet de Task id=27ccbecc-6084-11e5-9f59-f07bcb8b1707 : Travailler sur mon Livre sur Ma Façon de Mixer.
2026-02-19 18:31:45,183 [DEBUG] taskcoachlib.domain.base.object: CompositeObject.subject : retourne le sujet de Task id=27ccbecc-6084-11e5-9f59-f07bcb8b1707 : Travailler sur mon Livre sur Ma Façon de Mixer.
2026-02-19 18:31:45,184 [DEBUG] taskcoachlib.domain.base.object: CompositeObject.subject : retourne le sujet de Task id=27ccbecc-6084-11e5-9f59-f07bcb8b1707 : Travailler sur mon Livre sur Ma Façon de Mixer.
